work_id,author_id,author_name
https://openalex.org/W1574901103,https://openalex.org/A5046006076,Christopher D. Manning
https://openalex.org/W1574901103,https://openalex.org/A5071144367,Hinrich Schütze
https://openalex.org/W2979826702,https://openalex.org/A5078865608,Thomas Wolf
https://openalex.org/W2979826702,https://openalex.org/A5069696966,Lysandre Debut
https://openalex.org/W2979826702,https://openalex.org/A5049805631,Victor Sanh
https://openalex.org/W2979826702,https://openalex.org/A5038505596,Julien Chaumond
https://openalex.org/W2979826702,https://openalex.org/A5009717413,Clément Delangue
https://openalex.org/W2979826702,https://openalex.org/A5047786477,Anthony Moi
https://openalex.org/W2979826702,https://openalex.org/A5027534072,Pierric Cistac
https://openalex.org/W2979826702,https://openalex.org/A5045605007,Tim Rault
https://openalex.org/W2979826702,https://openalex.org/A5048225486,Rémi Louf
https://openalex.org/W2979826702,https://openalex.org/A5101062985,Morgan Funtowicz
https://openalex.org/W2979826702,https://openalex.org/A5016609904,Joe Davison
https://openalex.org/W2979826702,https://openalex.org/A5042449490,Sam Shleifer
https://openalex.org/W2979826702,https://openalex.org/A5025097230,Patrick von Platen
https://openalex.org/W2979826702,https://openalex.org/A5053604157,Clara Ma
https://openalex.org/W2979826702,https://openalex.org/A5000126238,Yacine Jernite
https://openalex.org/W2979826702,https://openalex.org/A5057464576,Julien Plu
https://openalex.org/W2979826702,https://openalex.org/A5102941860,Canwen Xu
https://openalex.org/W2979826702,https://openalex.org/A5084957527,Teven Le Scao
https://openalex.org/W2979826702,https://openalex.org/A5041801887,Sylvain Gugger
https://openalex.org/W2979826702,https://openalex.org/A5051831524,Mariama Drame
https://openalex.org/W2979826702,https://openalex.org/A5074885928,Quentin Lhoest
https://openalex.org/W2979826702,https://openalex.org/A5062546146,Alexander M. Rush
https://openalex.org/W2123442489,https://openalex.org/A5046006076,Christopher D. Manning
https://openalex.org/W2123442489,https://openalex.org/A5047699502,Mihai Surdeanu
https://openalex.org/W2123442489,https://openalex.org/A5023322733,John T. Bauer
https://openalex.org/W2123442489,https://openalex.org/A5023694822,Jenny Rose Finkel
https://openalex.org/W2123442489,https://openalex.org/A5068978543,Steven J. Bethard
https://openalex.org/W2123442489,https://openalex.org/A5029071304,David McClosky
https://openalex.org/W2158899491,https://openalex.org/A5053915453,Ronan Collobert
https://openalex.org/W2158899491,https://openalex.org/A5076635608,Jason Weston
https://openalex.org/W2158899491,https://openalex.org/A5019206666,Léon Bottou
https://openalex.org/W2158899491,https://openalex.org/A5038751868,Michael Karlen
https://openalex.org/W2158899491,https://openalex.org/A5090341705,Koray Kavukcuoglu
https://openalex.org/W2158899491,https://openalex.org/A5028780139,Pavel P. Kuksa
https://openalex.org/W2117130368,https://openalex.org/A5053915453,Ronan Collobert
https://openalex.org/W2117130368,https://openalex.org/A5076635608,Jason Weston
https://openalex.org/W1521626219,https://openalex.org/A5026383657,Steven Bird
https://openalex.org/W1521626219,https://openalex.org/A5060938605,Ewan Klein
https://openalex.org/W1521626219,https://openalex.org/A5072285427,Edward Loper
https://openalex.org/W2952230511,https://openalex.org/A5053915453,Ronan Collobert
https://openalex.org/W2952230511,https://openalex.org/A5076635608,Jason Weston
https://openalex.org/W2952230511,https://openalex.org/A5019206666,Léon Bottou
https://openalex.org/W2952230511,https://openalex.org/A5038751868,Michael Karlen
https://openalex.org/W2952230511,https://openalex.org/A5090341705,Koray Kavukcuoglu
https://openalex.org/W2952230511,https://openalex.org/A5028780139,Pavel P. Kuksa
https://openalex.org/W2096175520,https://openalex.org/A5060963011,Adam L. Berger
https://openalex.org/W2096175520,https://openalex.org/A5078145293,Vincent J. Della Pietra
https://openalex.org/W2096175520,https://openalex.org/A5019852120,Stephen A. Della Pietra
https://openalex.org/W2980282514,https://openalex.org/A5107899645,Thomas Wolf
https://openalex.org/W2980282514,https://openalex.org/A5069696966,Lysandre Debut
https://openalex.org/W2980282514,https://openalex.org/A5049805631,Victor Sanh
https://openalex.org/W2980282514,https://openalex.org/A5038505596,Julien Chaumond
https://openalex.org/W2980282514,https://openalex.org/A5009717413,Clément Delangue
https://openalex.org/W2980282514,https://openalex.org/A5047786477,Anthony Moi
https://openalex.org/W2980282514,https://openalex.org/A5027534072,Pierric Cistac
https://openalex.org/W2980282514,https://openalex.org/A5045605007,Tim Rault
https://openalex.org/W2980282514,https://openalex.org/A5048225486,Rémi Louf
https://openalex.org/W2980282514,https://openalex.org/A5101062985,Morgan Funtowicz
https://openalex.org/W1579838312,https://openalex.org/A5036266399,Daniel S. Jurafsky
https://openalex.org/W1579838312,https://openalex.org/A5010984350,James Martin
https://openalex.org/W2169818249,https://openalex.org/A5108276842,Prakash M. Nadkarni
https://openalex.org/W2169818249,https://openalex.org/A5084415954,Lucila Ohno‐Machado
https://openalex.org/W2169818249,https://openalex.org/A5065170642,Wendy W. Chapman
https://openalex.org/W3185341429,https://openalex.org/A5100354997,Pengfei Liu
https://openalex.org/W3185341429,https://openalex.org/A5055933325,Weizhe Yuan
https://openalex.org/W3185341429,https://openalex.org/A5103097172,Jinlan Fu
https://openalex.org/W3185341429,https://openalex.org/A5043295774,Zhengbao Jiang
https://openalex.org/W3185341429,https://openalex.org/A5101850869,Hiroaki Hayashi
https://openalex.org/W3185341429,https://openalex.org/A5068811427,Graham Neubig
https://openalex.org/W1663984431,https://openalex.org/A5045037642,Julia Hirschberg
https://openalex.org/W1663984431,https://openalex.org/A5046006076,Christopher D. Manning
https://openalex.org/W2884001105,https://openalex.org/A5038994448,Tom Young
https://openalex.org/W2884001105,https://openalex.org/A5074760783,Devamanyu Hazarika
https://openalex.org/W2884001105,https://openalex.org/A5033376109,Soujanya Poria
https://openalex.org/W2884001105,https://openalex.org/A5100752356,Erik Cambria
https://openalex.org/W3046375318,https://openalex.org/A5087377548,裕二 池谷
https://openalex.org/W3046375318,https://openalex.org/A5073496354,Robert Tinn
https://openalex.org/W3046375318,https://openalex.org/A5101511712,Hao Cheng
https://openalex.org/W3046375318,https://openalex.org/A5041818444,MICHAEL A. LUCAS
https://openalex.org/W3046375318,https://openalex.org/A5010756260,Naoto Usuyama
https://openalex.org/W3046375318,https://openalex.org/A5100374810,Xiaodong Liu
https://openalex.org/W3046375318,https://openalex.org/A5023123863,Tristan Naumann
https://openalex.org/W3046375318,https://openalex.org/A5114910293,Jianfeng Gao
https://openalex.org/W3046375318,https://openalex.org/A5019494985,Hoifung Poon
https://openalex.org/W2884159461,https://openalex.org/A5070453324,Daniel W. Otter
https://openalex.org/W2884159461,https://openalex.org/A5062318616,Julian Richard Medina
https://openalex.org/W2884159461,https://openalex.org/A5049180880,Jugal Kumar Kalita
https://openalex.org/W2747680751,https://openalex.org/A5059223087,Diksha Khurana
https://openalex.org/W2747680751,https://openalex.org/A5037925675,Aditya Koli
https://openalex.org/W2747680751,https://openalex.org/A5007623775,Kiran Khatter
https://openalex.org/W2747680751,https://openalex.org/A5004992343,Sukhdev Singh
https://openalex.org/W2582743722,https://openalex.org/A5087294524,R Core Team
https://openalex.org/W1410460,https://openalex.org/A5035432828,Nitin Indurkhya
https://openalex.org/W1410460,https://openalex.org/A5056772857,Fred J. Damerau
https://openalex.org/W3011574394,https://openalex.org/A5044665993,Xipeng Qiu
https://openalex.org/W3011574394,https://openalex.org/A5058308999,Tianxiang Sun
https://openalex.org/W3011574394,https://openalex.org/A5054178885,Yige Xu
https://openalex.org/W3011574394,https://openalex.org/A5061237050,Yunfan Shao
https://openalex.org/W3011574394,https://openalex.org/A5087790798,Ning Dai
https://openalex.org/W3011574394,https://openalex.org/A5088834359,Xuanjing Huang
https://openalex.org/W3037109418,https://openalex.org/A5101682275,Peng Qi
https://openalex.org/W3037109418,https://openalex.org/A5100349352,Yuhao Zhang
https://openalex.org/W3037109418,https://openalex.org/A5100624916,Yuhui Zhang
https://openalex.org/W3037109418,https://openalex.org/A5014491684,Jason C. Bolton
https://openalex.org/W3037109418,https://openalex.org/A5046006076,Christopher D. Manning
https://openalex.org/W1888026739,https://openalex.org/A5028476919,Yoav Goldberg
https://openalex.org/W3144293453,https://openalex.org/A5019815849,K. R. Chowdhary
https://openalex.org/W2742947407,https://openalex.org/A5038994448,Tom Young
https://openalex.org/W2742947407,https://openalex.org/A5074760783,Devamanyu Hazarika
https://openalex.org/W2742947407,https://openalex.org/A5033376109,Soujanya Poria
https://openalex.org/W2742947407,https://openalex.org/A5100752356,Erik Cambria
https://openalex.org/W2793978524,https://openalex.org/A5035088083,Matt Gardner
https://openalex.org/W2793978524,https://openalex.org/A5022877524,Joël Grus
https://openalex.org/W2793978524,https://openalex.org/A5103695396,Mark E Neumann
https://openalex.org/W2793978524,https://openalex.org/A5071250061,Oyvind Tafjord
https://openalex.org/W2793978524,https://openalex.org/A5029074038,Pradeep Dasigi
https://openalex.org/W2793978524,https://openalex.org/A5048661286,Nelson Liu
https://openalex.org/W2793978524,https://openalex.org/A5101509445,Matthew E. Peters
https://openalex.org/W2793978524,https://openalex.org/A5071138166,Michael Schmitz
https://openalex.org/W2793978524,https://openalex.org/A5067919401,Luke Zettlemoyer
https://openalex.org/W2031213082,https://openalex.org/A5052211345,Gobinda G Chowdhury
https://openalex.org/W2740168486,https://openalex.org/A5112619025,Anna Grau Schmidt
https://openalex.org/W2740168486,https://openalex.org/A5060170090,Michael Wiegand
https://openalex.org/W3098824823,https://openalex.org/A5078865608,Thomas Wolf
https://openalex.org/W3098824823,https://openalex.org/A5069696966,Lysandre Debut
https://openalex.org/W3098824823,https://openalex.org/A5049805631,Victor Sanh
https://openalex.org/W3098824823,https://openalex.org/A5038505596,Julien Chaumond
https://openalex.org/W3098824823,https://openalex.org/A5009717413,Clément Delangue
https://openalex.org/W3098824823,https://openalex.org/A5047786477,Anthony Moi
https://openalex.org/W3098824823,https://openalex.org/A5021837941,Perric Cistac
https://openalex.org/W3098824823,https://openalex.org/A5053604157,Clara Ma
https://openalex.org/W3098824823,https://openalex.org/A5000126238,Yacine Jernite
https://openalex.org/W3098824823,https://openalex.org/A5057464576,Julien Plu
https://openalex.org/W3098824823,https://openalex.org/A5102941860,Canwen Xu
https://openalex.org/W3098824823,https://openalex.org/A5084957527,Teven Le Scao
https://openalex.org/W3098824823,https://openalex.org/A5041801887,Sylvain Gugger
https://openalex.org/W3098824823,https://openalex.org/A5051831524,Mariama Drame
https://openalex.org/W3098824823,https://openalex.org/A5074885928,Quentin Lhoest
https://openalex.org/W3098824823,https://openalex.org/A5062546146,Alexander M. Rush
https://openalex.org/W2117400858,https://openalex.org/A5018230694,Eric Brill
https://openalex.org/W4382246105,https://openalex.org/A5060769750,Bonan Min
https://openalex.org/W4382246105,https://openalex.org/A5084743219,Hayley Ross
https://openalex.org/W4382246105,https://openalex.org/A5026220115,Elior Sulem
https://openalex.org/W4382246105,https://openalex.org/A5027729448,Amir Pouran Ben Veyseh
https://openalex.org/W4382246105,https://openalex.org/A5026113034,Thien Huu Nguyen
https://openalex.org/W4382246105,https://openalex.org/A5025171334,Oscar Sainz
https://openalex.org/W4382246105,https://openalex.org/A5047151336,Eneko Agirre
https://openalex.org/W4382246105,https://openalex.org/A5018515711,Ilana Heintz
https://openalex.org/W4382246105,https://openalex.org/A5023802054,Dan Roth
https://openalex.org/W2147272182,https://openalex.org/A5084517393,Nizar Y. Habash
https://openalex.org/W2587019100,https://openalex.org/A5038386528,Wenpeng Yin
https://openalex.org/W2587019100,https://openalex.org/A5082874907,Katharina Kann
https://openalex.org/W2587019100,https://openalex.org/A5101583277,Mo Yu
https://openalex.org/W2587019100,https://openalex.org/A5071144367,Hinrich Schütze
https://openalex.org/W3031696893,https://openalex.org/A5001588672,Andrea Galassi
https://openalex.org/W3031696893,https://openalex.org/A5062424045,Marco Lippi
https://openalex.org/W3031696893,https://openalex.org/A5080634543,Paolo Torroni
https://openalex.org/W2028140375,https://openalex.org/A5100752356,Erik Cambria
https://openalex.org/W2028140375,https://openalex.org/A5101707433,Bebo White
https://openalex.org/W1984708705,https://openalex.org/A5009712450,Ali Farghaly
https://openalex.org/W1984708705,https://openalex.org/A5066945309,Khaled F. Shaalan
https://openalex.org/W2606089314,https://openalex.org/A5028476919,Yoav Goldberg
https://openalex.org/W2953958347,https://openalex.org/A5037310413,Sebastian Ruder
https://openalex.org/W2953958347,https://openalex.org/A5101509445,Matthew E. Peters
https://openalex.org/W2953958347,https://openalex.org/A5076880940,Swabha Swayamdipta
https://openalex.org/W2953958347,https://openalex.org/A5078865608,Thomas Wolf
https://openalex.org/W4237040408,https://openalex.org/A5018138946,Anders Søgaard
https://openalex.org/W2045812729,https://openalex.org/A5088135366,Gerhard Weikum
https://openalex.org/W2338526423,https://openalex.org/A5037339423,Ewoud Pons
https://openalex.org/W2338526423,https://openalex.org/A5000137904,Loes Braun
https://openalex.org/W2338526423,https://openalex.org/A5047573361,M. G. Myriam Hunink
https://openalex.org/W2338526423,https://openalex.org/A5005077862,Jan A. Kors
https://openalex.org/W2911227954,https://openalex.org/A5023750515,Emily M. Bender
https://openalex.org/W2911227954,https://openalex.org/A5002491750,Batya Friedman
https://openalex.org/W4210984920,https://openalex.org/A5028476919,Yoav Goldberg
https://openalex.org/W2002514548,https://openalex.org/A5046764593,Dina Demner‐Fushman
https://openalex.org/W2002514548,https://openalex.org/A5065170642,Wendy W. Chapman
https://openalex.org/W2002514548,https://openalex.org/A5073704537,Clement J. McDonald
https://openalex.org/W3190730109,https://openalex.org/A5061388105,Ivano Lauriola
https://openalex.org/W3190730109,https://openalex.org/A5073069826,Alberto Lavelli
https://openalex.org/W3190730109,https://openalex.org/A5036243123,Fabio Aiolli
https://openalex.org/W1554540371,https://openalex.org/A5022942802,Kristian Woodsend
https://openalex.org/W1554540371,https://openalex.org/A5041024491,Mirella Lapata
https://openalex.org/W2536769020,https://openalex.org/A5010341007,Νικόλαος Αλέτρας
https://openalex.org/W2536769020,https://openalex.org/A5042075631,Dimitrios Tsarapatsanis
https://openalex.org/W2536769020,https://openalex.org/A5086173474,Daniel Preoțiuc-Pietro
https://openalex.org/W2536769020,https://openalex.org/A5047344016,Vasileios Lampos
https://openalex.org/W2131494463,https://openalex.org/A5100613418,Ankit Kumar
https://openalex.org/W2131494463,https://openalex.org/A5088262368,Ozan İrsoy
https://openalex.org/W2131494463,https://openalex.org/A5090610298,Peter Ondrúška
https://openalex.org/W2131494463,https://openalex.org/A5082767919,Mohit Iyyer
https://openalex.org/W2131494463,https://openalex.org/A5064976870,James Bradbury
https://openalex.org/W2131494463,https://openalex.org/A5025335469,Ishaan Gulrajani
https://openalex.org/W2131494463,https://openalex.org/A5077994189,Victor W. Zhong
https://openalex.org/W2131494463,https://openalex.org/A5044132696,Romain Paulus
https://openalex.org/W2131494463,https://openalex.org/A5059955534,Richard Socher
https://openalex.org/W1871067837,https://openalex.org/A5109277899,Carol Friedman
https://openalex.org/W1871067837,https://openalex.org/A5008364378,Lyudmila Shagina
https://openalex.org/W1871067837,https://openalex.org/A5074706648,Yves A. Lussier
https://openalex.org/W1871067837,https://openalex.org/A5053670656,George M. Hripcsak
https://openalex.org/W2157331557,https://openalex.org/A5030087918,Kyunghyun Cho
https://openalex.org/W2157331557,https://openalex.org/A5057127344,Bart van Merriënboer
https://openalex.org/W2157331557,https://openalex.org/A5041145688,Çağlar Gülçehre
https://openalex.org/W2157331557,https://openalex.org/A5010465328,Dzmitry Bahdanau
https://openalex.org/W2157331557,https://openalex.org/A5079465565,Fethi Bougares
https://openalex.org/W2157331557,https://openalex.org/A5015857371,Holger Schwenk
https://openalex.org/W2157331557,https://openalex.org/A5086198262,Yoshua Bengio
https://openalex.org/W3021395787,https://openalex.org/A5101579074,Yue Kang
https://openalex.org/W3021395787,https://openalex.org/A5090125477,Zhao Cai
https://openalex.org/W3021395787,https://openalex.org/A5000211409,Chee‐Wee Tan
https://openalex.org/W3021395787,https://openalex.org/A5083824997,Qian Huang
https://openalex.org/W3021395787,https://openalex.org/A5076568562,Hefu Liu
https://openalex.org/W2548006041,https://openalex.org/A5047846625,Shiliang Sun
https://openalex.org/W2548006041,https://openalex.org/A5101798370,Chen Luo
https://openalex.org/W2548006041,https://openalex.org/A5100637980,Junyu Chen
https://openalex.org/W2165022036,https://openalex.org/A5087032437,Per Runeson
https://openalex.org/W2165022036,https://openalex.org/A5010088368,Magnus Alexandersson
https://openalex.org/W2165022036,https://openalex.org/A5042236168,Oskar Nyholm
https://openalex.org/W9328536,https://openalex.org/A5111822537,Anne Kao
https://openalex.org/W9328536,https://openalex.org/A5069498957,Stephen R. Poteet
https://openalex.org/W2966351171,https://openalex.org/A5059313480,Seyedmostafa Sheikhalishahi
https://openalex.org/W2966351171,https://openalex.org/A5001694059,Riccardo Miotto
https://openalex.org/W2966351171,https://openalex.org/A5043599202,Joel T. Dudley
https://openalex.org/W2966351171,https://openalex.org/A5073069826,Alberto Lavelli
https://openalex.org/W2966351171,https://openalex.org/A5025307528,Fabio Rinaldi
https://openalex.org/W2966351171,https://openalex.org/A5001834655,Venet Osmani
https://openalex.org/W3089862415,https://openalex.org/A5065277492,Aziliz Le Glaz
https://openalex.org/W3089862415,https://openalex.org/A5074713056,Yannis Haralambous
https://openalex.org/W3089862415,https://openalex.org/A5082410805,Deok-Hee Kim-Dufor
https://openalex.org/W3089862415,https://openalex.org/A5067492098,Philippe Lenca
https://openalex.org/W3089862415,https://openalex.org/A5052625244,Romain Billot
https://openalex.org/W3089862415,https://openalex.org/A5007313429,Taylor C. Ryan
https://openalex.org/W3089862415,https://openalex.org/A5041555664,Jonathan J. Marsh
https://openalex.org/W3089862415,https://openalex.org/A5059318847,Jordan DeVylder
https://openalex.org/W3089862415,https://openalex.org/A5030422295,Michel Walter
https://openalex.org/W3089862415,https://openalex.org/A5090657467,Sofian Berrouiguet
https://openalex.org/W3089862415,https://openalex.org/A5087822211,Christophe Lemey
https://openalex.org/W2126854223,https://openalex.org/A5068217913,Junbo Yi
https://openalex.org/W2126854223,https://openalex.org/A5066271493,Tetsuya Nasukawa
https://openalex.org/W2126854223,https://openalex.org/A5020435927,Răzvan Bunescu
https://openalex.org/W2126854223,https://openalex.org/A5043419614,Wayne Niblack
https://openalex.org/W2735580341,https://openalex.org/A5026956396,Kory Kreimeyer
https://openalex.org/W2735580341,https://openalex.org/A5054541849,Matthew R. Foster
https://openalex.org/W2735580341,https://openalex.org/A5021662681,Abhishek Pandey
https://openalex.org/W2735580341,https://openalex.org/A5059218663,Nina Arya
https://openalex.org/W2735580341,https://openalex.org/A5063114792,Gwendolyn Halford
https://openalex.org/W2735580341,https://openalex.org/A5011117912,Sandra F. Jones
https://openalex.org/W2735580341,https://openalex.org/A5087332112,Richard A. Forshee
https://openalex.org/W2735580341,https://openalex.org/A5040457940,MARK O. WALDERHAUG
https://openalex.org/W2735580341,https://openalex.org/A5070026501,Taxiarchis Botsis
https://openalex.org/W2971258845,https://openalex.org/A5085113833,Yifan Peng
https://openalex.org/W2971258845,https://openalex.org/A5016741865,Shankai Yan
https://openalex.org/W2971258845,https://openalex.org/A5083081872,Zhiyong Lu
https://openalex.org/W2889391310,https://openalex.org/A5035622491,Glen Coppersmith
https://openalex.org/W2889391310,https://openalex.org/A5090541149,R. Bret Leary
https://openalex.org/W2889391310,https://openalex.org/A5018783452,Patrick Crutchley
https://openalex.org/W2889391310,https://openalex.org/A5047644375,Alex B. Fine
https://openalex.org/W4389523957,https://openalex.org/A5084658659,Chengwei Qin
https://openalex.org/W4389523957,https://openalex.org/A5024845063,Aston Zhang
https://openalex.org/W4389523957,https://openalex.org/A5070962435,Zhuosheng Zhang
https://openalex.org/W4389523957,https://openalex.org/A5044588650,Jiaao Chen
https://openalex.org/W4389523957,https://openalex.org/A5005898634,Michihiro Yasunaga
https://openalex.org/W4389523957,https://openalex.org/A5089413311,Diyi Yang
https://openalex.org/W2993873509,https://openalex.org/A5038428039,Stephen Wu
https://openalex.org/W2993873509,https://openalex.org/A5046709245,Kirk Roberts
https://openalex.org/W2993873509,https://openalex.org/A5032489574,Surabhi Datta
https://openalex.org/W2993873509,https://openalex.org/A5079546302,Jingcheng Du
https://openalex.org/W2993873509,https://openalex.org/A5014646800,Zongcheng Ji
https://openalex.org/W2993873509,https://openalex.org/A5011255280,Yuqi Si
https://openalex.org/W2993873509,https://openalex.org/A5055267862,Sarvesh Soni
https://openalex.org/W2993873509,https://openalex.org/A5100417385,Qiong Wang
https://openalex.org/W2993873509,https://openalex.org/A5075191048,Qiang Wei
https://openalex.org/W2993873509,https://openalex.org/A5100666554,Yang Xiang
https://openalex.org/W2993873509,https://openalex.org/A5055778766,Bo Zhao
https://openalex.org/W2993873509,https://openalex.org/A5084072550,Hua Xu
https://openalex.org/W2345195116,https://openalex.org/A5027015945,Wen-wai Yim
https://openalex.org/W2345195116,https://openalex.org/A5002548520,Meliha Yetişgen
https://openalex.org/W2345195116,https://openalex.org/A5113286006,William Proctor Harris
https://openalex.org/W2345195116,https://openalex.org/A5064971139,Sharon W. Kwan
https://openalex.org/W2792932412,https://openalex.org/A5041024491,Mirella Lapata
https://openalex.org/W2792932412,https://openalex.org/A5110081955,Hwee Tou Ng
https://openalex.org/W3153389197,https://openalex.org/A5025287610,Liping Zhao
https://openalex.org/W3153389197,https://openalex.org/A5086408885,Waad Alhoshan
https://openalex.org/W3153389197,https://openalex.org/A5040962321,Alessio Ferrari
https://openalex.org/W3153389197,https://openalex.org/A5066209139,Keletso J. Letsholo
https://openalex.org/W3153389197,https://openalex.org/A5010538638,Muideen A. Ajagbe
https://openalex.org/W3153389197,https://openalex.org/A5021315787,Erol-Valeriu Chioasca
https://openalex.org/W3153389197,https://openalex.org/A5050960711,Riza Batista-Navarro
https://openalex.org/W4223610593,https://openalex.org/A5042345460,Tianlin Zhang
https://openalex.org/W4223610593,https://openalex.org/A5063894825,Annika Marie Schoene
https://openalex.org/W4223610593,https://openalex.org/A5007841686,Shaoxiong Ji
https://openalex.org/W4223610593,https://openalex.org/A5077976343,Sophia Ananiadou
https://openalex.org/W2511234952,https://openalex.org/A5084505122,Dirk Hovy
https://openalex.org/W2511234952,https://openalex.org/A5047118262,Shannon Lydia Spruit
https://openalex.org/W4211260480,https://openalex.org/A5084517393,Nizar Y. Habash
https://openalex.org/W2970641574,https://openalex.org/A5110592354,Nils Reimers
https://openalex.org/W2970641574,https://openalex.org/A5027450194,Iryna Gurevych
https://openalex.org/W3197876970,https://openalex.org/A5074885928,Quentin Lhoest
https://openalex.org/W3197876970,https://openalex.org/A5021727268,A. Villanova del Moral
https://openalex.org/W3197876970,https://openalex.org/A5000126238,Yacine Jernite
https://openalex.org/W3197876970,https://openalex.org/A5107980345,Abhishek Thakur
https://openalex.org/W3197876970,https://openalex.org/A5025097230,Patrick von Platen
https://openalex.org/W3197876970,https://openalex.org/A5043714535,Suraj Shinde Patil
https://openalex.org/W3197876970,https://openalex.org/A5038505596,Julien Chaumond
https://openalex.org/W3197876970,https://openalex.org/A5051831524,Mariama Drame
https://openalex.org/W3197876970,https://openalex.org/A5057464576,Julien Plu
https://openalex.org/W3197876970,https://openalex.org/A5063084634,Lewis Tunstall
https://openalex.org/W3197876970,https://openalex.org/A5058679972,Joe Davison
https://openalex.org/W3197876970,https://openalex.org/A5075136074,Mario Šaško
https://openalex.org/W3197876970,https://openalex.org/A5069149197,Gunjan Chhablani
https://openalex.org/W3197876970,https://openalex.org/A5070126273,Bhavitvya Malik
https://openalex.org/W3197876970,https://openalex.org/A5016319533,Simon Brandeis
https://openalex.org/W3197876970,https://openalex.org/A5084957527,Teven Le Scao
https://openalex.org/W3197876970,https://openalex.org/A5049805631,Victor Sanh
https://openalex.org/W3197876970,https://openalex.org/A5102941860,Canwen Xu
https://openalex.org/W3197876970,https://openalex.org/A5059947211,Nicolas Patry
https://openalex.org/W3197876970,https://openalex.org/A5063040968,Angelina McMillan-Major
https://openalex.org/W3197876970,https://openalex.org/A5113496357,Philipp Schmid
https://openalex.org/W3197876970,https://openalex.org/A5041801887,Sylvain Gugger
https://openalex.org/W3197876970,https://openalex.org/A5009717413,Clément Delangue
https://openalex.org/W3197876970,https://openalex.org/A5046258903,Théo Matussière
https://openalex.org/W3197876970,https://openalex.org/A5069696966,Lysandre Debut
https://openalex.org/W3197876970,https://openalex.org/A5079005032,Stas Bekman
https://openalex.org/W3197876970,https://openalex.org/A5027534072,Pierric Cistac
https://openalex.org/W3197876970,https://openalex.org/A5073755325,Thibault Goehringer
https://openalex.org/W3197876970,https://openalex.org/A5038928331,Victor Mustar
https://openalex.org/W3197876970,https://openalex.org/A5076325114,François Lagunas
https://openalex.org/W3197876970,https://openalex.org/A5062546146,Alexander M. Rush
https://openalex.org/W3197876970,https://openalex.org/A5107899645,Thomas Wolf
https://openalex.org/W2753032179,https://openalex.org/A5100455138,Hang Li
https://openalex.org/W2158505321,https://openalex.org/A5103574917,Pauline Kra
https://openalex.org/W2158505321,https://openalex.org/A5005656538,Hua Xing Yu
https://openalex.org/W2158505321,https://openalex.org/A5025057284,Michael O. Krauthammer
https://openalex.org/W2158505321,https://openalex.org/A5004739989,Andrey Rzhetsky
https://openalex.org/W2950888501,https://openalex.org/A5082205771,Tony Sun
https://openalex.org/W2950888501,https://openalex.org/A5004619521,Andrew Gaut
https://openalex.org/W2950888501,https://openalex.org/A5039792066,Shirlyn Tang
https://openalex.org/W2950888501,https://openalex.org/A5102000307,Yuxin Huang
https://openalex.org/W2950888501,https://openalex.org/A5069041669,Mai ElSherief
https://openalex.org/W2950888501,https://openalex.org/A5066282713,Jieyu Zhao
https://openalex.org/W2950888501,https://openalex.org/A5027209078,Diba Mirza
https://openalex.org/W2950888501,https://openalex.org/A5041600302,Elizabeth Belding
https://openalex.org/W2950888501,https://openalex.org/A5087096372,Kai-Wei Chang
https://openalex.org/W2950888501,https://openalex.org/A5100702488,William Yang Wang
https://openalex.org/W3015001695,https://openalex.org/A5070697660,Wei Emma Zhang
https://openalex.org/W3015001695,https://openalex.org/A5080744092,Quan Z. Sheng
https://openalex.org/W3015001695,https://openalex.org/A5071889918,Ahoud Alhazmi
https://openalex.org/W3015001695,https://openalex.org/A5100734069,Chenliang Li
https://openalex.org/W3201915713,https://openalex.org/A5046087439,Bohan Li
https://openalex.org/W3201915713,https://openalex.org/A5018432470,Yutai Hou
https://openalex.org/W3201915713,https://openalex.org/A5019108029,Wanxiang Che
https://openalex.org/W2618735189,https://openalex.org/A5112315093,Philipp Koehn
https://openalex.org/W2618735189,https://openalex.org/A5031285198,Hieu Trung Hoang
https://openalex.org/W2997617958,https://openalex.org/A5070032966,CollobertRonan
https://openalex.org/W2997617958,https://openalex.org/A5086786836,WestonJason
https://openalex.org/W2997617958,https://openalex.org/A5065416612,BottouLéon
https://openalex.org/W2997617958,https://openalex.org/A5004984648,KarlenMichael
https://openalex.org/W2997617958,https://openalex.org/A5048068362,KavukcuogluKoray
https://openalex.org/W2997617958,https://openalex.org/A5076253277,KuksaPavel
https://openalex.org/W4297801719,https://openalex.org/A5100354997,Pengfei Liu
https://openalex.org/W4297801719,https://openalex.org/A5055933325,Weizhe Yuan
https://openalex.org/W4297801719,https://openalex.org/A5103097172,Jinlan Fu
https://openalex.org/W4297801719,https://openalex.org/A5043295774,Zhengbao Jiang
https://openalex.org/W4297801719,https://openalex.org/A5020982818,Hiroaki Hayashi
https://openalex.org/W4297801719,https://openalex.org/A5068811427,Graham Neubig
https://openalex.org/W2963923670,https://openalex.org/A5100321835,Sijia Liu
https://openalex.org/W2963923670,https://openalex.org/A5014602642,Naveed Afzal
https://openalex.org/W2963923670,https://openalex.org/A5023661219,Majid Rastegar-Mojarad
https://openalex.org/W2963923670,https://openalex.org/A5100406711,Liwei Wang
https://openalex.org/W2963923670,https://openalex.org/A5087033178,Feichen Shen
https://openalex.org/W2963923670,https://openalex.org/A5020721526,Paul Kingsbury
https://openalex.org/W2963923670,https://openalex.org/A5101585391,Hongfang Liu
https://openalex.org/W2009790391,https://openalex.org/A5039645412,Harvey J. Murff
https://openalex.org/W2009790391,https://openalex.org/A5078513036,Fern FitzHenry
https://openalex.org/W2009790391,https://openalex.org/A5011689338,Michael Edwin Matheny
https://openalex.org/W2009790391,https://openalex.org/A5059315316,Nancy Gentry
https://openalex.org/W2009790391,https://openalex.org/A5079664747,Kristen Kotter
https://openalex.org/W2009790391,https://openalex.org/A5113624481,Kimberly S. Crimin
https://openalex.org/W2009790391,https://openalex.org/A5016750821,Robert S. Dittus
https://openalex.org/W2009790391,https://openalex.org/A5035853953,Amy K. Rosen
https://openalex.org/W2009790391,https://openalex.org/A5070359287,Peter L. Elkin
https://openalex.org/W2009790391,https://openalex.org/A5061087403,Steven H. Brown
https://openalex.org/W2009790391,https://openalex.org/A5057054226,Theodore Speroff
https://openalex.org/W2798935874,https://openalex.org/A5089112142,Rotem Dror
https://openalex.org/W2798935874,https://openalex.org/A5027819095,Gili Baumer
https://openalex.org/W2798935874,https://openalex.org/A5050987183,Segev Shlomov
https://openalex.org/W2798935874,https://openalex.org/A5054952724,Roi Reichart
https://openalex.org/W2341587966,https://openalex.org/A5100752356,Erik Cambria
https://openalex.org/W2341587966,https://openalex.org/A5101707433,Bebo White
https://openalex.org/W4212828284,https://openalex.org/A5024428666,Charlotte Caucheteux
https://openalex.org/W4212828284,https://openalex.org/A5056821038,Jean-Rémi King
https://openalex.org/W3196248941,https://openalex.org/A5084505122,Dirk Hovy
https://openalex.org/W3196248941,https://openalex.org/A5000188096,Shrimai Prabhumoye
https://openalex.org/W2098201295,https://openalex.org/A5046137010,Thomas C. Rindflesch
https://openalex.org/W2098201295,https://openalex.org/A5062552700,Marcelo Fiszman
https://openalex.org/W2099938389,https://openalex.org/A5013932834,Evgeniy Gabrilovich
https://openalex.org/W2099938389,https://openalex.org/A5088024319,Shaul Markovitch
https://openalex.org/W2917458986,https://openalex.org/A5069341505,Carina Silberer
https://openalex.org/W2917458986,https://openalex.org/A5041024491,Mirella Lapata
https://openalex.org/W3141847762,https://openalex.org/A5015870703,Saskia Locke
https://openalex.org/W3141847762,https://openalex.org/A5063918510,Anthony Bashall
https://openalex.org/W3141847762,https://openalex.org/A5023093967,Sarah Al-Adely
https://openalex.org/W3141847762,https://openalex.org/A5050675882,John A. Moore
https://openalex.org/W3141847762,https://openalex.org/A5016337875,ANTHONY J. WILSON
https://openalex.org/W3141847762,https://openalex.org/A5050505504,Gareth B. Kitchen
https://openalex.org/W2771472444,https://openalex.org/A5015876016,David Yarowsky
https://openalex.org/W2771472444,https://openalex.org/A5103085805,Timothy J. Baldwin
https://openalex.org/W2771472444,https://openalex.org/A5081393566,Anna Korhonen
https://openalex.org/W2771472444,https://openalex.org/A5015602781,Karen Livescu
https://openalex.org/W2771472444,https://openalex.org/A5068978543,Steven J. Bethard
https://openalex.org/W1493949745,https://openalex.org/A5100909589,Peter E. Jackson
https://openalex.org/W1493949745,https://openalex.org/A5023332198,Isabelle Moulinier
https://openalex.org/W2111989294,https://openalex.org/A5058355406,Robert Dale
https://openalex.org/W2111989294,https://openalex.org/A5062762480,Hermann L. Moisl
https://openalex.org/W2111989294,https://openalex.org/A5053673368,Harold Somers
https://openalex.org/W4317931697,https://openalex.org/A5011825081,Lingfei Wu
https://openalex.org/W4317931697,https://openalex.org/A5100402095,Yu Chen
https://openalex.org/W4317931697,https://openalex.org/A5101432509,Kai Shen
https://openalex.org/W4317931697,https://openalex.org/A5101930629,Xiaojie Guo
https://openalex.org/W4317931697,https://openalex.org/A5078899354,Hanning Gao
https://openalex.org/W4317931697,https://openalex.org/A5026231038,Shucheng Li
https://openalex.org/W4317931697,https://openalex.org/A5062247330,Jian Pei
https://openalex.org/W4317931697,https://openalex.org/A5101920986,Bo Long
https://openalex.org/W2769851464,https://openalex.org/A5028102692,Ergin Soysal
https://openalex.org/W2769851464,https://openalex.org/A5103727705,Jingqi Wang
https://openalex.org/W2769851464,https://openalex.org/A5055848133,Min Jiang
https://openalex.org/W2769851464,https://openalex.org/A5010253402,Yonghui Wu
https://openalex.org/W2769851464,https://openalex.org/A5056292346,Serguei Pakhomov
https://openalex.org/W2769851464,https://openalex.org/A5101585391,Hongfang Liu
https://openalex.org/W2769851464,https://openalex.org/A5084072550,Hua Xu
https://openalex.org/W1970161214,https://openalex.org/A5020081385,David D. Lewis
https://openalex.org/W1970161214,https://openalex.org/A5110082888,Karen Spärck Jones
https://openalex.org/W2805211535,https://openalex.org/A5005499870,Aurélie Névéol
https://openalex.org/W2805211535,https://openalex.org/A5010279607,Hercules Dalianis
https://openalex.org/W2805211535,https://openalex.org/A5070579609,Sumithra Velupillai
https://openalex.org/W2805211535,https://openalex.org/A5087865794,Guergana Savova
https://openalex.org/W2805211535,https://openalex.org/A5090195478,Pierre Zweigenbaum
https://openalex.org/W2582664174,https://openalex.org/A5013835523,Rafael A. Calvo
https://openalex.org/W2582664174,https://openalex.org/A5038493471,David Milne
https://openalex.org/W2582664174,https://openalex.org/A5078264759,M. Sazzad Hussain
https://openalex.org/W2582664174,https://openalex.org/A5009347799,Helen M Christensen
https://openalex.org/W2191333630,https://openalex.org/A5082450455,Rada F. Mihalcea
https://openalex.org/W2191333630,https://openalex.org/A5081787254,Dragomir Radev
https://openalex.org/W1965380368,https://openalex.org/A5053670656,George M. Hripcsak
https://openalex.org/W1544548656,https://openalex.org/A5113669766,Akshar Bharati
https://openalex.org/W1544548656,https://openalex.org/A5064327536,Vineet Chaitanya
https://openalex.org/W1544548656,https://openalex.org/A5103605566,Rajeev Sangal
https://openalex.org/W1544548656,https://openalex.org/A5026533148,K.V. Ramakrishnamacharyulu
https://openalex.org/W2009077327,https://openalex.org/A5100455135,Hang Li
https://openalex.org/W4297965481,https://openalex.org/A5032684419,Binggui Zhou
https://openalex.org/W4297965481,https://openalex.org/A5086569442,Guanghua Yang
https://openalex.org/W4297965481,https://openalex.org/A5070982416,Zheng Shi
https://openalex.org/W4297965481,https://openalex.org/A5053586699,Shaodan Ma
https://openalex.org/W4292328707,https://openalex.org/A5103346366,Birger Andersson
https://openalex.org/W4292328707,https://openalex.org/A5028109093,Paul Johannesson
https://openalex.org/W4292328707,https://openalex.org/A5011197008,Maria Bergholtz
https://openalex.org/W2899204128,https://openalex.org/A5016822873,Ray Oshikawa
https://openalex.org/W2899204128,https://openalex.org/A5004836994,Jing Qian
https://openalex.org/W2899204128,https://openalex.org/A5100702485,William Yang Wang
https://openalex.org/W3115677442,https://openalex.org/A5073567771,Elsa Olivetti
https://openalex.org/W3115677442,https://openalex.org/A5068607578,Jacqueline M. Cole
https://openalex.org/W3115677442,https://openalex.org/A5100728163,Edward Kim
https://openalex.org/W3115677442,https://openalex.org/A5046633150,Olga Kononova
https://openalex.org/W3115677442,https://openalex.org/A5014983956,Gerbrand Ceder
https://openalex.org/W3115677442,https://openalex.org/A5067913179,T. Yong-Jin Han
https://openalex.org/W3115677442,https://openalex.org/A5057088606,Anna M. Hiszpanski
https://openalex.org/W4408472883,https://openalex.org/A5116633366,Nadia Mushtaq Gardazi
https://openalex.org/W4408472883,https://openalex.org/A5084703478,Ali Yusny Daud
https://openalex.org/W4408472883,https://openalex.org/A5000560057,Muhammad Kamran Malik
https://openalex.org/W4408472883,https://openalex.org/A5077186302,Amal Abdullah Bukhari
https://openalex.org/W4408472883,https://openalex.org/A5080715651,Tariq Alsahfi
https://openalex.org/W4408472883,https://openalex.org/A5026428327,Bader Khalid Alshemaimri
https://openalex.org/W1533653983,https://openalex.org/A5013794789,Patrick Hanks
https://openalex.org/W1533653983,https://openalex.org/A5012141433,James D. Pustejovsky
https://openalex.org/W2912971066,https://openalex.org/A5085031426,Theresa A. Koleck
https://openalex.org/W2912971066,https://openalex.org/A5033415531,Caitlin Dreisbach
https://openalex.org/W2912971066,https://openalex.org/A5075833022,Philip E. Bourne
https://openalex.org/W2912971066,https://openalex.org/A5038579832,Suzanne R. Bakken
https://openalex.org/W1967981232,https://openalex.org/A5008287867,Grigori Sidorov
https://openalex.org/W1967981232,https://openalex.org/A5013144372,Francisco Velásquez
https://openalex.org/W1967981232,https://openalex.org/A5061737423,Efstathios Stamatatos
https://openalex.org/W1967981232,https://openalex.org/A5049701126,Alexander F. Gelbukh
https://openalex.org/W1967981232,https://openalex.org/A5087217360,Liliana Chanona-Hernández
https://openalex.org/W1637593105,https://openalex.org/A5109165698,C Friedman
https://openalex.org/W4319985906,https://openalex.org/A5011113138,Elias Hossain
https://openalex.org/W4319985906,https://openalex.org/A5080929578,Rajib Kumar Rana
https://openalex.org/W4319985906,https://openalex.org/A5070855826,Niall Higgins
https://openalex.org/W4319985906,https://openalex.org/A5088810965,Jeffrey Soar
https://openalex.org/W4319985906,https://openalex.org/A5016221020,Prabal Datta Barua
https://openalex.org/W4319985906,https://openalex.org/A5074779502,Anthony R. Pisani
https://openalex.org/W4319985906,https://openalex.org/A5025981881,Kathryn A. Turner
https://openalex.org/W2906305053,https://openalex.org/A5100403440,Fan Zhang
https://openalex.org/W2906305053,https://openalex.org/A5055597439,Hasan A. Fleyeh
https://openalex.org/W2906305053,https://openalex.org/A5100599679,Xinru Wang
https://openalex.org/W2906305053,https://openalex.org/A5102426335,Minghui Lu
https://openalex.org/W1541931954,https://openalex.org/A5017968102,Mark D. Yandell
https://openalex.org/W1541931954,https://openalex.org/A5087212280,William H. Majoros
https://openalex.org/W2623273758,https://openalex.org/A5019209157,Helmut Horacek
https://openalex.org/W2623273758,https://openalex.org/A5060545095,Magdalena Anna Wolska
https://openalex.org/W1606527432,https://openalex.org/A5014763438,Christian Jacquemin
https://openalex.org/W2089967673,https://openalex.org/A5041142359,John A. Bateman
https://openalex.org/W2089967673,https://openalex.org/A5032048525,Joana Hois
https://openalex.org/W2089967673,https://openalex.org/A5009346892,Robert Ross
https://openalex.org/W2089967673,https://openalex.org/A5057153992,Thora Tenbrink
https://openalex.org/W4386764545,https://openalex.org/A5052202710,Salvatore Claudio Fanni
https://openalex.org/W4386764545,https://openalex.org/A5064990695,Maria Febi
https://openalex.org/W4386764545,https://openalex.org/A5074041906,Gayanè Aghakhanyan
https://openalex.org/W4386764545,https://openalex.org/A5052715111,Emanuele Neri
https://openalex.org/W3128232076,https://openalex.org/A5069668107,Kaiji Lu
https://openalex.org/W3128232076,https://openalex.org/A5030425946,Piotr Mardziel
https://openalex.org/W3128232076,https://openalex.org/A5023462911,Fang–Jing Wu
https://openalex.org/W3128232076,https://openalex.org/A5048660554,Preetam Amancharla
https://openalex.org/W3128232076,https://openalex.org/A5111177928,Anupam Datta
https://openalex.org/W2979736514,https://openalex.org/A5037310413,Sebastian Ruder
https://openalex.org/W3094502228,https://openalex.org/A5090113830,Alexey Dosovitskiy
https://openalex.org/W3094502228,https://openalex.org/A5055629014,Lucas Beyer
https://openalex.org/W3094502228,https://openalex.org/A5000026575,Alexander Kolesnikov
https://openalex.org/W3094502228,https://openalex.org/A5038019602,Dirk Weissenborn
https://openalex.org/W3094502228,https://openalex.org/A5071668416,Xiaohua Zhai
https://openalex.org/W3094502228,https://openalex.org/A5083016682,Thomas Unterthiner
https://openalex.org/W3094502228,https://openalex.org/A5102906366,Mostafa Dehghani
https://openalex.org/W3094502228,https://openalex.org/A5088239541,Matthias Minderer
https://openalex.org/W3094502228,https://openalex.org/A5071956319,Georg Heigold
https://openalex.org/W3094502228,https://openalex.org/A5041958651,Sylvain Gelly
https://openalex.org/W3094502228,https://openalex.org/A5022416424,Jakob Uszkoreit
https://openalex.org/W3094502228,https://openalex.org/A5068878643,Neil Houlsby
https://openalex.org/W2063485028,https://openalex.org/A5110082888,Karen Spärck Jones
https://openalex.org/W2063485028,https://openalex.org/A5035762926,Julia Galliers
https://openalex.org/W2615154302,https://openalex.org/A5110607254,M.McGee Wood
https://openalex.org/W2035575455,https://openalex.org/A5050719415,Yorick Alexander Wilks
https://openalex.org/W3088842588,https://openalex.org/A5066987539,Bonnie Lynn Nash-Webber
https://openalex.org/W3088842588,https://openalex.org/A5109208983,Roger C. Schank
https://openalex.org/W3117696238,https://openalex.org/A5048281388,Marina Danilevsky
https://openalex.org/W3117696238,https://openalex.org/A5005099484,Kun Qian
https://openalex.org/W3117696238,https://openalex.org/A5035493244,Ranit Aharonov
https://openalex.org/W3117696238,https://openalex.org/A5006509575,Yannis Katsis
https://openalex.org/W3117696238,https://openalex.org/A5016271455,Ban Kawas
https://openalex.org/W3117696238,https://openalex.org/A5105422045,Prithviraj Sen
https://openalex.org/W2166213950,https://openalex.org/A5025398350,Genevieve B. Melton
https://openalex.org/W2166213950,https://openalex.org/A5053670656,George M. Hripcsak
https://openalex.org/W2140601463,https://openalex.org/A5079130112,Svetlana Novichkova
https://openalex.org/W2140601463,https://openalex.org/A5004512619,Sergei Egorov
https://openalex.org/W2140601463,https://openalex.org/A5079940014,Nikolai Daraselia
https://openalex.org/W3032934243,https://openalex.org/A5050613769,Cheryl Mary Corcoran
https://openalex.org/W3032934243,https://openalex.org/A5088254667,Vijay Anand Mittal
https://openalex.org/W3032934243,https://openalex.org/A5012270886,Carrie E. Bearden
https://openalex.org/W3032934243,https://openalex.org/A5018607314,Raquel E. Gur
https://openalex.org/W3032934243,https://openalex.org/A5016843597,Kasia Hitczenko
https://openalex.org/W3032934243,https://openalex.org/A5002516366,Zarina Rovane Bilgrami
https://openalex.org/W3032934243,https://openalex.org/A5068420742,Aleksandar Savić
https://openalex.org/W3032934243,https://openalex.org/A5065396462,Guillermo Cecchi
https://openalex.org/W3032934243,https://openalex.org/A5001436949,Phillip Wolff
https://openalex.org/W2141608913,https://openalex.org/A5111734686,Eli Goldberg
https://openalex.org/W2141608913,https://openalex.org/A5041772752,Norbert Driedger
https://openalex.org/W2141608913,https://openalex.org/A5025540055,Richard I. Kittredge
https://openalex.org/W2808129629,https://openalex.org/A5079301959,Zexian Zeng
https://openalex.org/W2808129629,https://openalex.org/A5101921698,Yu Deng
https://openalex.org/W2808129629,https://openalex.org/A5100449155,Xiaoyu Li
https://openalex.org/W2808129629,https://openalex.org/A5023123863,Tristan Naumann
https://openalex.org/W2808129629,https://openalex.org/A5100452550,Yuan Luo
https://openalex.org/W59585178,https://openalex.org/A5008715111,Raymond J. Mooney
https://openalex.org/W2997514453,https://openalex.org/A5019945208,Young J. Juhn
https://openalex.org/W2997514453,https://openalex.org/A5101585391,Hongfang Liu
https://openalex.org/W3172559340,https://openalex.org/A5024981038,Md Saroar Jahan
https://openalex.org/W3172559340,https://openalex.org/A5068812101,Mourad Oussalah
https://openalex.org/W2979935581,https://openalex.org/A5036346261,Anamarija Ami Podrebarac
https://openalex.org/W2053479646,https://openalex.org/A5057902242,John P Pestian
https://openalex.org/W2053479646,https://openalex.org/A5084051141,Henry A. Nasrallah
https://openalex.org/W2053479646,https://openalex.org/A5073196388,Paweł Matykiewicz
https://openalex.org/W2053479646,https://openalex.org/A5076597850,Aurora J. Bennett
https://openalex.org/W2053479646,https://openalex.org/A5110183944,Antoon A. Leenaars
https://openalex.org/W2592549418,https://openalex.org/A5081801388,Shashi Narayan
https://openalex.org/W2592549418,https://openalex.org/A5087459652,Claire Gardent
https://openalex.org/W2592549418,https://openalex.org/A5030503109,Shay B. Cohen
https://openalex.org/W2592549418,https://openalex.org/A5090458146,Anastasia Shimorina
https://openalex.org/W2915357442,https://openalex.org/A5032944332,Imane Guellil
https://openalex.org/W2915357442,https://openalex.org/A5025550607,Houda Saâdane
https://openalex.org/W2915357442,https://openalex.org/A5067619763,Faiçal Azouaou
https://openalex.org/W2915357442,https://openalex.org/A5082894648,Billel Gueni
https://openalex.org/W2915357442,https://openalex.org/A5085020620,Damien Nouvel
https://openalex.org/W2154104658,https://openalex.org/A5003909439,Naomi Sager
https://openalex.org/W2154104658,https://openalex.org/A5005727383,Margaret S. Lyman
https://openalex.org/W2154104658,https://openalex.org/A5110351915,Christine E Bucknall
https://openalex.org/W2154104658,https://openalex.org/A5111770507,N T Nhàn
https://openalex.org/W2154104658,https://openalex.org/A5044543007,Leo Joseph Tick
https://openalex.org/W2238966896,https://openalex.org/A5037229611,Tianrun A. Cai
https://openalex.org/W2238966896,https://openalex.org/A5066860214,Andreas A. Giannopoulos
https://openalex.org/W2238966896,https://openalex.org/A5040501126,Sheng Yu
https://openalex.org/W2238966896,https://openalex.org/A5079958752,Tatiana Kelil
https://openalex.org/W2238966896,https://openalex.org/A5016300567,Beth A. Ripley
https://openalex.org/W2238966896,https://openalex.org/A5013023891,Kanako K. Kumamaru
https://openalex.org/W2238966896,https://openalex.org/A5103253699,Frank J. Rybicki
https://openalex.org/W2238966896,https://openalex.org/A5089792741,Dimitrios Mitsouras
https://openalex.org/W4285140393,https://openalex.org/A5051614997,Thanveer Shaik
https://openalex.org/W4285140393,https://openalex.org/A5065941595,Xiaohui Tao
https://openalex.org/W4285140393,https://openalex.org/A5100443879,Yan Li
https://openalex.org/W4285140393,https://openalex.org/A5060500113,Christopher Ewart Dann
https://openalex.org/W4285140393,https://openalex.org/A5109874601,Jacquie McDonald
https://openalex.org/W4285140393,https://openalex.org/A5060886640,Petrea Redmond
https://openalex.org/W4285140393,https://openalex.org/A5013880609,Linda Galligan
https://openalex.org/W2062458775,https://openalex.org/A5109165698,C Friedman
https://openalex.org/W2062458775,https://openalex.org/A5053670656,George M. Hripcsak
https://openalex.org/W3009431628,https://openalex.org/A5064784351,Amirsina Torfi
https://openalex.org/W3009431628,https://openalex.org/A5033962469,Rouzbeh A. Shirvani
https://openalex.org/W3009431628,https://openalex.org/A5012282263,Yaser Keneshloo
https://openalex.org/W3009431628,https://openalex.org/A5072460155,Nader Tavaf
https://openalex.org/W3009431628,https://openalex.org/A5049148461,Edward A. Fox
https://openalex.org/W4213425661,https://openalex.org/A5029917147,Yuexiong Ding
https://openalex.org/W4213425661,https://openalex.org/A5100460539,Jie Ma
https://openalex.org/W4213425661,https://openalex.org/A5070975639,Xiaowei Luo
https://openalex.org/W1504212872,https://openalex.org/A5109165698,C Friedman
https://openalex.org/W1504212872,https://openalex.org/A5007773014,Philip O. Alderson
https://openalex.org/W1504212872,https://openalex.org/A5113537589,John H. M. Austin
https://openalex.org/W1504212872,https://openalex.org/A5085160284,James J. Cimino
https://openalex.org/W1504212872,https://openalex.org/A5037627275,Stephen B. Johnson
https://openalex.org/W2598684926,https://openalex.org/A5029852545,James Freeman Clarke
https://openalex.org/W2598684926,https://openalex.org/A5041024491,Mirella Lapata
https://openalex.org/W139989439,https://openalex.org/A5005227863,Peter Spyns
https://openalex.org/W2138517257,https://openalex.org/A5061596609,Fredrik K. Olsson
https://openalex.org/W3181361218,https://openalex.org/A5101537931,Irene Li
https://openalex.org/W3181361218,https://openalex.org/A5069306196,Jessica N. Pan
https://openalex.org/W3181361218,https://openalex.org/A5028175845,Jeremy Goldwasser
https://openalex.org/W3181361218,https://openalex.org/A5016147947,Neha Verma
https://openalex.org/W3181361218,https://openalex.org/A5042715503,Wai Pan Wong
https://openalex.org/W3181361218,https://openalex.org/A5011531304,Muhammed Yavuz Nuzumlalı
https://openalex.org/W3181361218,https://openalex.org/A5025908397,Benjamin Rosand
https://openalex.org/W3181361218,https://openalex.org/A5100459836,Yixin Li
https://openalex.org/W3181361218,https://openalex.org/A5058457242,Matthew M. Zhang
https://openalex.org/W3181361218,https://openalex.org/A5004897720,David D. Chang
https://openalex.org/W3181361218,https://openalex.org/A5109921699,Richard Andrew Taylor
https://openalex.org/W3181361218,https://openalex.org/A5088028306,Harlan M. Krumholz
https://openalex.org/W3181361218,https://openalex.org/A5081787254,Dragomir Radev
https://openalex.org/W2484061479,https://openalex.org/A5033639139,Tim Althoff
https://openalex.org/W2484061479,https://openalex.org/A5049064405,Kevin B. Clark
https://openalex.org/W2484061479,https://openalex.org/A5091272738,Jure Leskovec
https://openalex.org/W4200248815,https://openalex.org/A5065240222,Chengke Wu
https://openalex.org/W4200248815,https://openalex.org/A5100375265,Xiao Li
https://openalex.org/W4200248815,https://openalex.org/A5100456968,Yuanjun Guo
https://openalex.org/W4200248815,https://openalex.org/A5100384910,Jun Wang
https://openalex.org/W4200248815,https://openalex.org/A5080268522,Zengle Ren
https://openalex.org/W4200248815,https://openalex.org/A5115602017,Meng Wang
https://openalex.org/W4200248815,https://openalex.org/A5065435984,Zhile Yang
https://openalex.org/W3035251378,https://openalex.org/A5119012009,Hanrui Wang
https://openalex.org/W3035251378,https://openalex.org/A5082308834,Zhanghao Wu
https://openalex.org/W3035251378,https://openalex.org/A5100750264,Zhijian Liu
https://openalex.org/W3035251378,https://openalex.org/A5087929301,Han Cai
https://openalex.org/W3035251378,https://openalex.org/A5102302662,Ligeng Zhu
https://openalex.org/W3035251378,https://openalex.org/A5040877128,Chuang Gan
https://openalex.org/W3035251378,https://openalex.org/A5070926896,Song Han
https://openalex.org/W1989092323,https://openalex.org/A5013311953,Mark Jung Beeman
https://openalex.org/W2944580602,https://openalex.org/A5101795870,Liu Xia
https://openalex.org/W2944580602,https://openalex.org/A5003765949,Hyunju Shin
https://openalex.org/W2944580602,https://openalex.org/A5100800389,Alvin C. Burns
https://openalex.org/W2947012833,https://openalex.org/A5072973927,Mariya Toneva
https://openalex.org/W2947012833,https://openalex.org/A5014896739,Leila Wehbe
https://openalex.org/W2620858438,https://openalex.org/A5059849026,Kepa Joseba Rodriquez
https://openalex.org/W2620858438,https://openalex.org/A5013257226,Michael Bryant
https://openalex.org/W2620858438,https://openalex.org/A5021351968,Tobias Blanke
https://openalex.org/W2620858438,https://openalex.org/A5009605043,Magdalena Luszczynska
https://openalex.org/W2912409473,https://openalex.org/A5087088138,Dan Jurafsky
https://openalex.org/W2912409473,https://openalex.org/A5014352159,Éric Gaussier
https://openalex.org/W2145946200,https://openalex.org/A5110082888,Karen Spärck Jones
https://openalex.org/W4388889456,https://openalex.org/A5063291985,Alireza Shamshiri
https://openalex.org/W4388889456,https://openalex.org/A5061622041,Kyeong Rok Ryu
https://openalex.org/W4388889456,https://openalex.org/A5075565626,June Young Park
https://openalex.org/W50740790,https://openalex.org/A5069885646,Sudha Verma
https://openalex.org/W50740790,https://openalex.org/A5028928899,Sarah E. Vieweg
https://openalex.org/W50740790,https://openalex.org/A5084541273,William Corvey
https://openalex.org/W50740790,https://openalex.org/A5044308577,Leysia Palen
https://openalex.org/W50740790,https://openalex.org/A5010984350,James Martin
https://openalex.org/W50740790,https://openalex.org/A5017464054,Martha Stone Palmer
https://openalex.org/W50740790,https://openalex.org/A5023418216,Aaron Schram
https://openalex.org/W50740790,https://openalex.org/A5089388359,Kenneth Mark Anderson
https://openalex.org/W2413904250,https://openalex.org/A5068394403,Alexis Conneau
https://openalex.org/W2413904250,https://openalex.org/A5015857371,Holger Schwenk
https://openalex.org/W2413904250,https://openalex.org/A5043289060,Loïc Barrault
https://openalex.org/W2413904250,https://openalex.org/A5001226970,Yann LeCun
https://openalex.org/W3094140582,https://openalex.org/A5071306466,Michael A. Hedderich
https://openalex.org/W3094140582,https://openalex.org/A5052583514,Lukas Lange
https://openalex.org/W3094140582,https://openalex.org/A5055589412,Heike Adel
https://openalex.org/W3094140582,https://openalex.org/A5066026428,Jannik Strötgen
https://openalex.org/W3094140582,https://openalex.org/A5008875255,Dietrich Klakow
https://openalex.org/W2956612537,https://openalex.org/A5100607719,Jian Feng Guo
https://openalex.org/W2956612537,https://openalex.org/A5104467150,He He
https://openalex.org/W2956612537,https://openalex.org/A5091543199,Tong He
https://openalex.org/W2956612537,https://openalex.org/A5066453165,Leonard Lausen
https://openalex.org/W2956612537,https://openalex.org/A5100399461,Mu Li
https://openalex.org/W2956612537,https://openalex.org/A5084047386,Haibin Lin
https://openalex.org/W2956612537,https://openalex.org/A5091515481,Xingjian Shi
https://openalex.org/W2956612537,https://openalex.org/A5100329692,Chenguang Wang
https://openalex.org/W2956612537,https://openalex.org/A5112250453,Junyuan Xie
https://openalex.org/W2956612537,https://openalex.org/A5025057192,Sheng Zha
https://openalex.org/W2956612537,https://openalex.org/A5049841140,Aston Zhang
https://openalex.org/W2956612537,https://openalex.org/A5100438461,Hang Zhang
https://openalex.org/W2956612537,https://openalex.org/A5100410702,Zhi Zhang
https://openalex.org/W2956612537,https://openalex.org/A5101782682,Zhongyue Zhang
https://openalex.org/W2956612537,https://openalex.org/A5042419001,Shuai Zheng
https://openalex.org/W2956612537,https://openalex.org/A5073183598,Yi Zhu
https://openalex.org/W2651948199,https://openalex.org/A5100452550,Yuan Luo
https://openalex.org/W2651948199,https://openalex.org/A5064792728,William K. Thompson
https://openalex.org/W2651948199,https://openalex.org/A5071747816,Timothy M. Herr
https://openalex.org/W2651948199,https://openalex.org/A5079301959,Zexian Zeng
https://openalex.org/W2651948199,https://openalex.org/A5003926420,Mark A. Berendsen
https://openalex.org/W2651948199,https://openalex.org/A5056672185,Siddhartha Jonnalagadda
https://openalex.org/W2651948199,https://openalex.org/A5070956876,Matthew B. Carson
https://openalex.org/W2651948199,https://openalex.org/A5066473148,Justin B. Starren
https://openalex.org/W2000577984,https://openalex.org/A5041024491,Mirella Lapata
https://openalex.org/W2000577984,https://openalex.org/A5054936589,Frank Keller
https://openalex.org/W1993306479,https://openalex.org/A5081661094,Danielle S. McNamara
https://openalex.org/W1993306479,https://openalex.org/A5028338673,Scott A. Crossley
https://openalex.org/W1993306479,https://openalex.org/A5034887321,Rod D. Roscoe
https://openalex.org/W2940009958,https://openalex.org/A5070697660,Wei Emma Zhang
https://openalex.org/W2940009958,https://openalex.org/A5080744092,Quan Z. Sheng
https://openalex.org/W2940009958,https://openalex.org/A5071889918,Ahoud Alhazmi
https://openalex.org/W2940009958,https://openalex.org/A5100734069,Chenliang Li
https://openalex.org/W2138162199,https://openalex.org/A5025181406,Katherine P. Liao
https://openalex.org/W2138162199,https://openalex.org/A5037229611,Tianrun A. Cai
https://openalex.org/W2138162199,https://openalex.org/A5087865794,Guergana Savova
https://openalex.org/W2138162199,https://openalex.org/A5065159932,Sue Murphy
https://openalex.org/W2138162199,https://openalex.org/A5082819294,Elizabeth W. Karlson
https://openalex.org/W2138162199,https://openalex.org/A5073977144,Ashwin N. Ananthakrishnan
https://openalex.org/W2138162199,https://openalex.org/A5087506527,Vivian S. Gainer
https://openalex.org/W2138162199,https://openalex.org/A5101847071,Stanley Y. Shaw
https://openalex.org/W2138162199,https://openalex.org/A5069572535,Zongqi Xia
https://openalex.org/W2138162199,https://openalex.org/A5006650843,Peter Szolovits
https://openalex.org/W2138162199,https://openalex.org/A5047884465,Susanne E. Churchill
https://openalex.org/W2138162199,https://openalex.org/A5088509061,Isaac S. Kohane
https://openalex.org/W1602773505,https://openalex.org/A5086149151,Chris Fox
https://openalex.org/W1602773505,https://openalex.org/A5074294896,Shalom Lappin
https://openalex.org/W4312516176,https://openalex.org/A5056266191,Amir Feder
https://openalex.org/W4312516176,https://openalex.org/A5062069583,Katherine A. Keith
https://openalex.org/W4312516176,https://openalex.org/A5023417624,Emaad Manzoor
https://openalex.org/W4312516176,https://openalex.org/A5065744065,Reid Pryzant
https://openalex.org/W4312516176,https://openalex.org/A5109398524,Dhanya Sridhar
https://openalex.org/W4312516176,https://openalex.org/A5059956805,Zach Wood-Doughty
https://openalex.org/W4312516176,https://openalex.org/A5047699861,Jacob Eisenstein
https://openalex.org/W4312516176,https://openalex.org/A5090665793,Justin Grimmer
https://openalex.org/W4312516176,https://openalex.org/A5054952724,Roi Reichart
https://openalex.org/W4312516176,https://openalex.org/A5082742221,Margaret E. Roberts
https://openalex.org/W4312516176,https://openalex.org/A5113226689,Brandon Stewart
https://openalex.org/W4312516176,https://openalex.org/A5077406767,Victor Veitch
https://openalex.org/W4312516176,https://openalex.org/A5089413311,Diyi Yang
https://openalex.org/W1602694398,https://openalex.org/A5047536976,Qing Treitler Zeng
https://openalex.org/W1602694398,https://openalex.org/A5078297242,Sergey D. Goryachev
https://openalex.org/W1602694398,https://openalex.org/A5073763243,Scott T. Weiss
https://openalex.org/W1602694398,https://openalex.org/A5050880128,Margarita Sordo
https://openalex.org/W1602694398,https://openalex.org/A5087242254,Shawn N. Murphy
https://openalex.org/W1602694398,https://openalex.org/A5006440422,Ross M Lazarus
https://openalex.org/W1658342862,https://openalex.org/A5028019543,Ellen M. Voorhees
https://openalex.org/W2160194473,https://openalex.org/A5100431605,Xiaofang Wang
https://openalex.org/W2160194473,https://openalex.org/A5053670656,George M. Hripcsak
https://openalex.org/W2160194473,https://openalex.org/A5009202015,Marianthi Markatou
https://openalex.org/W2160194473,https://openalex.org/A5109165698,C Friedman
https://openalex.org/W1985421360,https://openalex.org/A5012141433,James D. Pustejovsky
https://openalex.org/W1985421360,https://openalex.org/A5109845830,Branimir Boguraev
https://openalex.org/W2015198362,https://openalex.org/A5109994521,Aravind K. Joshi
https://openalex.org/W2579161546,https://openalex.org/A5044057046,Everton da S. Maldonado
https://openalex.org/W2579161546,https://openalex.org/A5049727493,Emad Shihab
https://openalex.org/W2579161546,https://openalex.org/A5088438387,Nikolaos Tsantalis
https://openalex.org/W1981740417,https://openalex.org/A5007861624,Kevin Crowston
https://openalex.org/W1981740417,https://openalex.org/A5020794121,Eileen E. Allen
https://openalex.org/W1981740417,https://openalex.org/A5113845872,Robert Heckman
https://openalex.org/W3139580003,https://openalex.org/A5052333884,Mikhail Koroteev
https://openalex.org/W1550597138,https://openalex.org/A5057069732,Adwait Ratnaparkhi
https://openalex.org/W2810576820,https://openalex.org/A5011797382,Palash Goyal
https://openalex.org/W2810576820,https://openalex.org/A5051709851,Sumit Kumar Pandey
https://openalex.org/W2810576820,https://openalex.org/A5113538249,Karan Jain
https://openalex.org/W2807329388,https://openalex.org/A5101628906,Ying Xie
https://openalex.org/W2807329388,https://openalex.org/A5076749394,Linh Le
https://openalex.org/W2807329388,https://openalex.org/A5087999181,Yiyun Zhou
https://openalex.org/W2807329388,https://openalex.org/A5023699325,Vijay V. Raghavan
https://openalex.org/W2207774637,https://openalex.org/A5071674394,Antoine J.‐P. Tixier
https://openalex.org/W2207774637,https://openalex.org/A5003035246,Matthew Ryan Hallowell
https://openalex.org/W2207774637,https://openalex.org/A5089004731,Balaji Rajagopalan
https://openalex.org/W2207774637,https://openalex.org/A5017391845,Dean Bowman
https://openalex.org/W580573057,https://openalex.org/A5062221063,Kevin Bretonnel Cohen
https://openalex.org/W580573057,https://openalex.org/A5046764593,Dina Demner‐Fushman
https://openalex.org/W2292869588,https://openalex.org/A5071507752,Ingrid E. Fisher
https://openalex.org/W2292869588,https://openalex.org/A5026164421,Margaret R. Garnsey
https://openalex.org/W2292869588,https://openalex.org/A5070591370,Mark E. Hughes
https://openalex.org/W4385878021,https://openalex.org/A5053004588,Moatsum Alawida
https://openalex.org/W4385878021,https://openalex.org/A5055371189,Sami Mejri
https://openalex.org/W4385878021,https://openalex.org/A5076946666,Abid Mehmood
https://openalex.org/W4385878021,https://openalex.org/A5004925367,Belkacem Chikhaoui
https://openalex.org/W4385878021,https://openalex.org/A5050410057,Oludare Isaac Abiodun
https://openalex.org/W3004088204,https://openalex.org/A5005460981,Vera Sorin
https://openalex.org/W3004088204,https://openalex.org/A5070062638,Yiftach Barash
https://openalex.org/W3004088204,https://openalex.org/A5054856006,Eli Konen
https://openalex.org/W3004088204,https://openalex.org/A5039899830,Eyal Klang
https://openalex.org/W2898155085,https://openalex.org/A5070579609,Sumithra Velupillai
https://openalex.org/W2898155085,https://openalex.org/A5059778915,Hanna Suominen
https://openalex.org/W2898155085,https://openalex.org/A5007426895,Maria Liakata
https://openalex.org/W2898155085,https://openalex.org/A5083249843,Angus Roberts
https://openalex.org/W2898155085,https://openalex.org/A5070940290,Anoop D Shah
https://openalex.org/W2898155085,https://openalex.org/A5028780467,Katherine I. Morley
https://openalex.org/W2898155085,https://openalex.org/A5024962501,David Osborn
https://openalex.org/W2898155085,https://openalex.org/A5102977799,Joseph Hayes
https://openalex.org/W2898155085,https://openalex.org/A5067147989,Robert Stewart
https://openalex.org/W2898155085,https://openalex.org/A5031037138,Johnny M. Downs
https://openalex.org/W2898155085,https://openalex.org/A5065170642,Wendy W. Chapman
https://openalex.org/W2898155085,https://openalex.org/A5009826164,Rina Dutta
https://openalex.org/W2156235098,https://openalex.org/A5044947146,Robert Leaman
https://openalex.org/W2156235098,https://openalex.org/A5112061816,Ritu Khare
https://openalex.org/W2156235098,https://openalex.org/A5083081872,Zhiyong Lu
https://openalex.org/W4387393037,https://openalex.org/A5040524783,Matteo Malgaroli
https://openalex.org/W4387393037,https://openalex.org/A5044981630,Thomas D. Hull
https://openalex.org/W4387393037,https://openalex.org/A5060409321,James M Zech
https://openalex.org/W4387393037,https://openalex.org/A5033639139,Tim Althoff
https://openalex.org/W4409190866,https://openalex.org/A5042874172,Qingyu Chen
https://openalex.org/W4409190866,https://openalex.org/A5102891584,Yan Hu
https://openalex.org/W4409190866,https://openalex.org/A5036053506,Xueqing Peng
https://openalex.org/W4409190866,https://openalex.org/A5101868563,Qianqian Xie
https://openalex.org/W4409190866,https://openalex.org/A5100611571,Qiao Jin
https://openalex.org/W4409190866,https://openalex.org/A5019426692,Aidan Gilson
https://openalex.org/W4409190866,https://openalex.org/A5024140931,Maxwell Singer
https://openalex.org/W4409190866,https://openalex.org/A5107847260,X. C. Ai
https://openalex.org/W4409190866,https://openalex.org/A5113325465,Po-Ting Lai
https://openalex.org/W4409190866,https://openalex.org/A5087031397,Zhizheng Wang
https://openalex.org/W4409190866,https://openalex.org/A5080240865,Vipina K. Keloth
https://openalex.org/W4409190866,https://openalex.org/A5024997718,Kalpana Raja
https://openalex.org/W4409190866,https://openalex.org/A5018254776,Jimin Huang
https://openalex.org/W4409190866,https://openalex.org/A5100686802,Huan He
https://openalex.org/W4409190866,https://openalex.org/A5108902830,Fongci Lin
https://openalex.org/W4409190866,https://openalex.org/A5079546302,Jingcheng Du
https://openalex.org/W4409190866,https://openalex.org/A5100421963,Rui Zhang
https://openalex.org/W4409190866,https://openalex.org/A5091809743,Wenjin Jim Zheng
https://openalex.org/W4409190866,https://openalex.org/A5067288250,Ron Afshari Adelman
https://openalex.org/W4409190866,https://openalex.org/A5083081872,Zhiyong Lu
https://openalex.org/W4409190866,https://openalex.org/A5084072550,Hua Xu
https://openalex.org/W3164323420,https://openalex.org/A5076964550,Arlene Casey
https://openalex.org/W3164323420,https://openalex.org/A5075891446,Emma M. Davidson
https://openalex.org/W3164323420,https://openalex.org/A5050685415,Michael T. C. Poon
https://openalex.org/W3164323420,https://openalex.org/A5035163413,Hang Dong
https://openalex.org/W3164323420,https://openalex.org/A5073097867,Daniel Duma
https://openalex.org/W3164323420,https://openalex.org/A5036399769,Andreas Grivas
https://openalex.org/W3164323420,https://openalex.org/A5108653041,Claire Grover
https://openalex.org/W3164323420,https://openalex.org/A5065663251,Víctor Suárez-Paniagua
https://openalex.org/W3164323420,https://openalex.org/A5073041438,Richard Francis Tobin
https://openalex.org/W3164323420,https://openalex.org/A5058224218,William N. Whiteley
https://openalex.org/W3164323420,https://openalex.org/A5043821806,Honghan Wu
https://openalex.org/W3164323420,https://openalex.org/A5043179000,Beatrice Alex
https://openalex.org/W3006156918,https://openalex.org/A5100343182,Dongyang Wang
https://openalex.org/W3006156918,https://openalex.org/A5054879554,Junli Su
https://openalex.org/W3006156918,https://openalex.org/A5101859079,Hongbin Yu
https://openalex.org/W2803876882,https://openalex.org/A5074328503,Timothy C. Guetterman
https://openalex.org/W2803876882,https://openalex.org/A5086671063,Tammy Chang
https://openalex.org/W2803876882,https://openalex.org/A5027696557,Melissa J. DeJonckheere
https://openalex.org/W2803876882,https://openalex.org/A5051637191,Tanmay Basu
https://openalex.org/W2803876882,https://openalex.org/A5005556137,Elizabeth A. Scruggs-Wodkowski
https://openalex.org/W2803876882,https://openalex.org/A5050525772,V. G. Vinod Vydiswaran
https://openalex.org/W2097009961,https://openalex.org/A5000716469,Risto Miikkulainen
https://openalex.org/W2097009961,https://openalex.org/A5023634801,Michael A. Dyer
https://openalex.org/W2964030506,https://openalex.org/A5100933700,Yijun Xiao
https://openalex.org/W2964030506,https://openalex.org/A5100702488,William Yang Wang
https://openalex.org/W3192175805,https://openalex.org/A5053389062,Conrad J Harrison
https://openalex.org/W3192175805,https://openalex.org/A5038685423,Chris J. Sidey-Gibbons
https://openalex.org/W2970771982,https://openalex.org/A5090038537,Iz Beltagy
https://openalex.org/W2970771982,https://openalex.org/A5066588555,Kyle Lo
https://openalex.org/W2970771982,https://openalex.org/A5064858748,Arman Cohan
https://openalex.org/W2797672282,https://openalex.org/A5009905262,Tianrui Peng
https://openalex.org/W2797672282,https://openalex.org/A5037855756,Ian G. Harris
https://openalex.org/W2797672282,https://openalex.org/A5014044217,Yuki Sawa
https://openalex.org/W2251939518,https://openalex.org/A5059955534,Richard Socher
https://openalex.org/W2251939518,https://openalex.org/A5051147845,Alex Perelygin
https://openalex.org/W2251939518,https://openalex.org/A5047624579,Jean Y. Wu
https://openalex.org/W2251939518,https://openalex.org/A5111979273,Jason Chuang
https://openalex.org/W2251939518,https://openalex.org/A5046006076,Christopher D. Manning
https://openalex.org/W2251939518,https://openalex.org/A5112456378,Andrew Y. Ng
https://openalex.org/W2251939518,https://openalex.org/A5042601761,Christopher E. Potts
https://openalex.org/W4365511667,https://openalex.org/A5073496354,Robert Tinn
https://openalex.org/W4365511667,https://openalex.org/A5101511712,Hao Cheng
https://openalex.org/W4365511667,https://openalex.org/A5087377548,裕二 池谷
https://openalex.org/W4365511667,https://openalex.org/A5010756260,Naoto Usuyama
https://openalex.org/W4365511667,https://openalex.org/A5100374771,Xiaodong Liu
https://openalex.org/W4365511667,https://openalex.org/A5023123863,Tristan Naumann
https://openalex.org/W4365511667,https://openalex.org/A5114910293,Jianfeng Gao
https://openalex.org/W4365511667,https://openalex.org/A5019494985,Hoifung Poon
https://openalex.org/W2417831201,https://openalex.org/A5011654409,Amir A. Kimia
https://openalex.org/W2417831201,https://openalex.org/A5087865794,Guergana Savova
https://openalex.org/W2417831201,https://openalex.org/A5077530766,Assaf Landschaft
https://openalex.org/W2417831201,https://openalex.org/A5034865724,Marvin B. Harper
https://openalex.org/W2913571457,https://openalex.org/A5064779813,Adil Rajput
https://openalex.org/W2037625543,https://openalex.org/A5061816759,Kaihong Liu
https://openalex.org/W2037625543,https://openalex.org/A5076610873,William Ransom Hogan
https://openalex.org/W2037625543,https://openalex.org/A5044313420,Rebecca S. Crowley
https://openalex.org/W3184796286,https://openalex.org/A5075089683,Areej Abdullah Alhogail
https://openalex.org/W3184796286,https://openalex.org/A5029202880,Afrah Alsabih
https://openalex.org/W2563509697,https://openalex.org/A5048682514,Diane J. Litman
https://openalex.org/W2537052583,https://openalex.org/A5071360545,Anna Rumshisky
https://openalex.org/W2537052583,https://openalex.org/A5070063054,Marzyeh Ghassemi
https://openalex.org/W2537052583,https://openalex.org/A5023123863,Tristan Naumann
https://openalex.org/W2537052583,https://openalex.org/A5006650843,Peter Szolovits
https://openalex.org/W2537052583,https://openalex.org/A5055125808,Víctor M. Castro
https://openalex.org/W2537052583,https://openalex.org/A5029838070,Thomas H. McCoy
https://openalex.org/W2537052583,https://openalex.org/A5064278484,Roy H. Perlis
https://openalex.org/W3085890295,https://openalex.org/A5013419857,Daniel M. Low
https://openalex.org/W3085890295,https://openalex.org/A5033688432,Laurie Rumker
https://openalex.org/W3085890295,https://openalex.org/A5039601570,Tanya Talkar
https://openalex.org/W3085890295,https://openalex.org/A5026523515,John Blake Torous
https://openalex.org/W3085890295,https://openalex.org/A5065396462,Guillermo Cecchi
https://openalex.org/W3085890295,https://openalex.org/A5051194003,Satrajit Ghosh
https://openalex.org/W3095837292,https://openalex.org/A5058655608,Sam Arts
https://openalex.org/W3095837292,https://openalex.org/A5036858470,Jianan Hou
https://openalex.org/W3095837292,https://openalex.org/A5046679722,Juan Carlos Gómez
https://openalex.org/W1978721560,https://openalex.org/A5019739552,Chetan Arora
https://openalex.org/W1978721560,https://openalex.org/A5022905724,Mehrdad Sabetzadeh
https://openalex.org/W1978721560,https://openalex.org/A5078533117,Lionel Briand
https://openalex.org/W1978721560,https://openalex.org/A5113566846,Frank Zimmer
https://openalex.org/W3005353977,https://openalex.org/A5077786612,Hakime Öztürk
https://openalex.org/W3005353977,https://openalex.org/A5030252794,Arzucan Özgür
https://openalex.org/W3005353977,https://openalex.org/A5028051805,Philippe Schwaller
https://openalex.org/W3005353977,https://openalex.org/A5080069398,Teodoro Laino
https://openalex.org/W3005353977,https://openalex.org/A5061247461,Elif Özkırımlı
https://openalex.org/W2792712441,https://openalex.org/A5017768318,Xieling Chen
https://openalex.org/W2792712441,https://openalex.org/A5013151488,Haoran Xie
https://openalex.org/W2792712441,https://openalex.org/A5072482402,Fu Lee Wang
https://openalex.org/W2792712441,https://openalex.org/A5071927644,Ziqing Liu
https://openalex.org/W2792712441,https://openalex.org/A5076495142,Juan Xu
https://openalex.org/W2792712441,https://openalex.org/A5080646275,Tianyong Hao
https://openalex.org/W1552513054,https://openalex.org/A5035762926,Julia Galliers
https://openalex.org/W1552513054,https://openalex.org/A5110082888,Karen Spärck Jones
https://openalex.org/W4285247275,https://openalex.org/A5035852542,Said Abdelrahim Salloum
https://openalex.org/W4285247275,https://openalex.org/A5016711703,Tarek A-Z K Gaber
https://openalex.org/W4285247275,https://openalex.org/A5076454480,Sunil Vadera
https://openalex.org/W4285247275,https://openalex.org/A5066945309,Khaled F. Shaalan
https://openalex.org/W2059363583,https://openalex.org/A5049485689,Jose P. G. Mahedero
https://openalex.org/W2059363583,https://openalex.org/A5103645429,Álvaro Parafita Martínez
https://openalex.org/W2059363583,https://openalex.org/A5026244674,Pedro Cano
https://openalex.org/W2059363583,https://openalex.org/A5065709876,Markus Koppenberger
https://openalex.org/W2059363583,https://openalex.org/A5015454019,Fabien Gouyon
https://openalex.org/W1969457446,https://openalex.org/A5113562454,Mikhail J. Atallah
https://openalex.org/W1969457446,https://openalex.org/A5088303026,Craig Jerome Mcdonough
https://openalex.org/W1969457446,https://openalex.org/A5000040866,Victor Raskin
https://openalex.org/W1969457446,https://openalex.org/A5056956875,Sergei Nirenburg
https://openalex.org/W3041773305,https://openalex.org/A5051769563,Piotr Tynecki
https://openalex.org/W3041773305,https://openalex.org/A5072337875,Arkadiusz Guziński
https://openalex.org/W3041773305,https://openalex.org/A5023151129,Joanna Kazimierczak
https://openalex.org/W3041773305,https://openalex.org/A5098393535,Michał Jadczuk
https://openalex.org/W3041773305,https://openalex.org/A5047892706,Jarosław Dastych
https://openalex.org/W3041773305,https://openalex.org/A5011025415,Agnieszka Oniśko
https://openalex.org/W2903875997,https://openalex.org/A5036997798,Michael A. Chary
https://openalex.org/W2903875997,https://openalex.org/A5081910628,Saumil Parikh
https://openalex.org/W2903875997,https://openalex.org/A5082298688,Alex F. Manini
https://openalex.org/W2903875997,https://openalex.org/A5030221282,Edward W. Boyer
https://openalex.org/W2903875997,https://openalex.org/A5106948185,Michael Radeous
https://openalex.org/W2156518033,https://openalex.org/A5053670656,George M. Hripcsak
https://openalex.org/W2156518033,https://openalex.org/A5113537589,John H. M. Austin
https://openalex.org/W2156518033,https://openalex.org/A5007773014,Philip O. Alderson
https://openalex.org/W2156518033,https://openalex.org/A5109277899,Carol Friedman
https://openalex.org/W2493916176,https://openalex.org/A5035420035,Piotr Bojanowski
https://openalex.org/W2493916176,https://openalex.org/A5069316249,Édouard Grave
https://openalex.org/W2493916176,https://openalex.org/A5107859338,Armand Joulin
https://openalex.org/W2493916176,https://openalex.org/A5020917394,Tomáš Mikolov
https://openalex.org/W3090480605,https://openalex.org/A5064993712,Željko Kraljević
https://openalex.org/W3090480605,https://openalex.org/A5079969124,Thomas Searle
https://openalex.org/W3090480605,https://openalex.org/A5050861910,Anthony Shek
https://openalex.org/W3090480605,https://openalex.org/A5076395273,Łukasz Roguski
https://openalex.org/W3090480605,https://openalex.org/A5074183256,Kawsar Noor
https://openalex.org/W3090480605,https://openalex.org/A5013929782,Daniel M. Bean
https://openalex.org/W3090480605,https://openalex.org/A5081537529,Aurelie Mascio
https://openalex.org/W3090480605,https://openalex.org/A5067678569,Leilei Zhu
https://openalex.org/W3090480605,https://openalex.org/A5061293835,Amos Folarin
https://openalex.org/W3090480605,https://openalex.org/A5083249843,Angus Roberts
https://openalex.org/W3090480605,https://openalex.org/A5090083507,Rebecca Bendayan
https://openalex.org/W3090480605,https://openalex.org/A5041903309,Mark Philip Richardson
https://openalex.org/W3090480605,https://openalex.org/A5067147989,Robert Stewart
https://openalex.org/W3090480605,https://openalex.org/A5070940290,Anoop D Shah
https://openalex.org/W3090480605,https://openalex.org/A5001063951,Wai Keong Wong
https://openalex.org/W3090480605,https://openalex.org/A5013651865,Zina M. Ibrahim
https://openalex.org/W3090480605,https://openalex.org/A5029342491,James Teo
https://openalex.org/W3090480605,https://openalex.org/A5066918469,Richard Dobson
https://openalex.org/W2082258771,https://openalex.org/A5013520157,Peter J. Haug
https://openalex.org/W2251241778,https://openalex.org/A5004045909,Ryuichiro Higashinaka
https://openalex.org/W2251241778,https://openalex.org/A5103546898,Kenji Imamura
https://openalex.org/W2251241778,https://openalex.org/A5113811751,Toyomi Meguro
https://openalex.org/W2251241778,https://openalex.org/A5053703887,Chiaki Miyazaki
https://openalex.org/W2251241778,https://openalex.org/A5013425344,Nozomi Kobayashi
https://openalex.org/W2251241778,https://openalex.org/A5050424484,Hiroaki Sugiyama
https://openalex.org/W2251241778,https://openalex.org/A5037662951,Tôru Hirano
https://openalex.org/W2251241778,https://openalex.org/A5113095844,Toshiro Makino
https://openalex.org/W2251241778,https://openalex.org/A5113945532,Yoshihiro Matsuo
https://openalex.org/W4324148013,https://openalex.org/A5015525397,Martin Müller
https://openalex.org/W4324148013,https://openalex.org/A5010649096,Marcel Salathé
https://openalex.org/W4324148013,https://openalex.org/A5079331687,Per Egil Kummervold
https://openalex.org/W2092850018,https://openalex.org/A5087372208,Gerard Gazdar
https://openalex.org/W2092850018,https://openalex.org/A5110596572,Chris Mellish
https://openalex.org/W2250224884,https://openalex.org/A5038842092,Abdulhadi Shoufan
https://openalex.org/W2250224884,https://openalex.org/A5020750760,Sumaya Alameri
https://openalex.org/W2599901939,https://openalex.org/A5003398261,Janet O. Olaleke
https://openalex.org/W3202375701,https://openalex.org/A5040613229,Braja Gopal Patra
https://openalex.org/W3202375701,https://openalex.org/A5019859949,Mohit Sharma
https://openalex.org/W3202375701,https://openalex.org/A5057604511,Veer Vekaria
https://openalex.org/W3202375701,https://openalex.org/A5091282584,Prakash M. Adekkanattu
https://openalex.org/W3202375701,https://openalex.org/A5062893408,Olga V. Patterson
https://openalex.org/W3202375701,https://openalex.org/A5030539003,Benjamin Scott Glicksberg
https://openalex.org/W3202375701,https://openalex.org/A5033752986,Lauren Lepow
https://openalex.org/W3202375701,https://openalex.org/A5052975209,Euijung Ryu
https://openalex.org/W3202375701,https://openalex.org/A5050515785,Joanna M. Biernacka
https://openalex.org/W3202375701,https://openalex.org/A5042045326,Al’ona Furmanchuk
https://openalex.org/W3202375701,https://openalex.org/A5020154592,Thomas J. George
https://openalex.org/W3202375701,https://openalex.org/A5076610873,William Ransom Hogan
https://openalex.org/W3202375701,https://openalex.org/A5010253402,Yonghui Wu
https://openalex.org/W3202375701,https://openalex.org/A5103133745,Xi Yang
https://openalex.org/W3202375701,https://openalex.org/A5030951014,Jiang Bian
https://openalex.org/W3202375701,https://openalex.org/A5008134404,Myrna M. Weissman
https://openalex.org/W3202375701,https://openalex.org/A5007898174,PRIYA J. WICKRAMARATNE
https://openalex.org/W3202375701,https://openalex.org/A5054705832,J. John Mann
https://openalex.org/W3202375701,https://openalex.org/A5015272156,Mark Olfson
https://openalex.org/W3202375701,https://openalex.org/A5059954337,Thomas R. Campion
https://openalex.org/W3202375701,https://openalex.org/A5005654647,Mark G. Weiner
https://openalex.org/W3202375701,https://openalex.org/A5051691741,Jyotishman Pathak
https://openalex.org/W2917157846,https://openalex.org/A5033415531,Caitlin Dreisbach
https://openalex.org/W2917157846,https://openalex.org/A5085031426,Theresa A. Koleck
https://openalex.org/W2917157846,https://openalex.org/A5075833022,Philip E. Bourne
https://openalex.org/W2917157846,https://openalex.org/A5038579832,Suzanne R. Bakken
https://openalex.org/W1493576607,https://openalex.org/A5106821597,Kevin K. Knight
https://openalex.org/W1493576607,https://openalex.org/A5050270674,Jonathan Graehl
https://openalex.org/W1497861021,https://openalex.org/A5000361724,Detmar Meurers
https://openalex.org/W2265658025,https://openalex.org/A5031295967,Michael Tanana
https://openalex.org/W2265658025,https://openalex.org/A5082669141,Kevin A. Hallgren
https://openalex.org/W2265658025,https://openalex.org/A5036681459,Zac E. Imel
https://openalex.org/W2265658025,https://openalex.org/A5021605006,David C. Atkins
https://openalex.org/W2265658025,https://openalex.org/A5013135203,Vivek Srikumar
https://openalex.org/W300553845,https://openalex.org/A5015779172,Claude Sammut
https://openalex.org/W300553845,https://openalex.org/A5058054791,Geoffrey I. Webb
https://openalex.org/W2188034239,https://openalex.org/A5100909589,Peter E. Jackson
https://openalex.org/W2188034239,https://openalex.org/A5023332198,Isabelle Moulinier
https://openalex.org/W2810095012,https://openalex.org/A5014613113,Edoardo Maria Ponti
https://openalex.org/W2810095012,https://openalex.org/A5051373170,Helen O’Horan
https://openalex.org/W2810095012,https://openalex.org/A5023679744,Yevgeni Berzak
https://openalex.org/W2810095012,https://openalex.org/A5014866912,Ivan Vulić
https://openalex.org/W2810095012,https://openalex.org/A5054952724,Roi Reichart
https://openalex.org/W2810095012,https://openalex.org/A5000083284,Thierry Poibeau
https://openalex.org/W2810095012,https://openalex.org/A5016184654,Ekaterina Shutova
https://openalex.org/W2810095012,https://openalex.org/A5081393566,Anna Korhonen
https://openalex.org/W3209721572,https://openalex.org/A5060769750,Bonan Min
https://openalex.org/W3209721572,https://openalex.org/A5084743219,Hayley Ross
https://openalex.org/W3209721572,https://openalex.org/A5026220115,Elior Sulem
https://openalex.org/W3209721572,https://openalex.org/A5027729448,Amir Pouran Ben Veyseh
https://openalex.org/W3209721572,https://openalex.org/A5026113034,Thien Huu Nguyen
https://openalex.org/W3209721572,https://openalex.org/A5025171334,Oscar Sainz
https://openalex.org/W3209721572,https://openalex.org/A5047151336,Eneko Agirre
https://openalex.org/W3209721572,https://openalex.org/A5023802054,Dan Roth
https://openalex.org/W4385573966,https://openalex.org/A5139826130,Jose Camacho-Collados
https://openalex.org/W4385573966,https://openalex.org/A5065605656,Kiamehr Rezaee
https://openalex.org/W4385573966,https://openalex.org/A5081158665,Talayeh Riahi
https://openalex.org/W4385573966,https://openalex.org/A5060273715,Asahi Ushio
https://openalex.org/W4385573966,https://openalex.org/A5071099112,Daniel Loureiro
https://openalex.org/W4385573966,https://openalex.org/A5046054327,Dimosthenis Antypas
https://openalex.org/W4385573966,https://openalex.org/A5040382358,Joanne Boisson
https://openalex.org/W4385573966,https://openalex.org/A5002661723,Luis Espinosa-Anke
https://openalex.org/W4385573966,https://openalex.org/A5026154387,Fangyu Liu
https://openalex.org/W4385573966,https://openalex.org/A5091757548,Eugenio Martínez‐Cámara
https://openalex.org/W2476111558,https://openalex.org/A5108365460,Imed Zitouni
https://openalex.org/W4285798540,https://openalex.org/A5005954815,Julia El Zini
https://openalex.org/W4285798540,https://openalex.org/A5008382926,Mariette Awad
https://openalex.org/W2138238723,https://openalex.org/A5003608009,Michael J. Piotrowski
https://openalex.org/W4385188297,https://openalex.org/A5029029867,Wahab A. Khan
https://openalex.org/W4385188297,https://openalex.org/A5084703478,Ali Yusny Daud
https://openalex.org/W4385188297,https://openalex.org/A5072073810,Shakoor Muhammad
https://openalex.org/W4385188297,https://openalex.org/A5036312587,Rafiul Haq
https://openalex.org/W2115148430,https://openalex.org/A5109165698,C Friedman
https://openalex.org/W2115148430,https://openalex.org/A5053670656,George M. Hripcsak
https://openalex.org/W2115148430,https://openalex.org/A5076253691,William DuMouchel
https://openalex.org/W2115148430,https://openalex.org/A5037627275,Stephen B. Johnson
https://openalex.org/W2115148430,https://openalex.org/A5068685893,Paul D. Clayton
https://openalex.org/W2154773184,https://openalex.org/A5018230694,Eric Brill
https://openalex.org/W2154773184,https://openalex.org/A5008715111,Raymond J. Mooney
https://openalex.org/W2014435183,https://openalex.org/A5049369315,Chris Sinha
https://openalex.org/W2014435183,https://openalex.org/A5003398407,Richard B. Reilly
https://openalex.org/W2014435183,https://openalex.org/A5090506185,NOEL E. SHARKEY
https://openalex.org/W3135835076,https://openalex.org/A5007618410,Jackie Ayoub
https://openalex.org/W3135835076,https://openalex.org/A5067895217,X. Jessie Yang
https://openalex.org/W3135835076,https://openalex.org/A5047702220,Feng C. Zhou
https://openalex.org/W108101778,https://openalex.org/A5062221063,Kevin Bretonnel Cohen
https://openalex.org/W108101778,https://openalex.org/A5041860080,Lawrence Hunter
https://openalex.org/W1812474519,https://openalex.org/A5062546146,Alexander M. Rush
https://openalex.org/W1812474519,https://openalex.org/A5013431623,David A. Sontag
https://openalex.org/W1812474519,https://openalex.org/A5074839699,Michael J. Collins
https://openalex.org/W1812474519,https://openalex.org/A5048915657,Tommi Jaakkola
https://openalex.org/W2905810301,https://openalex.org/A5070015743,Andre Esteva
https://openalex.org/W2905810301,https://openalex.org/A5055600161,Alexandre Robicquet
https://openalex.org/W2905810301,https://openalex.org/A5039641760,Bharath Ramsundar
https://openalex.org/W2905810301,https://openalex.org/A5021338648,Volodymyr Kuleshov
https://openalex.org/W2905810301,https://openalex.org/A5055476069,Mark A. DePristo
https://openalex.org/W2905810301,https://openalex.org/A5070366042,Katherine Chou
https://openalex.org/W2905810301,https://openalex.org/A5077034022,Claire Murong Cui
https://openalex.org/W2905810301,https://openalex.org/A5068955381,Greg S. Corrado
https://openalex.org/W2905810301,https://openalex.org/A5066710774,Sebastian Thrun
https://openalex.org/W2905810301,https://openalex.org/A5011889606,Jeff Dean
https://openalex.org/W1909180194,https://openalex.org/A5077063699,Joakim Nivre
https://openalex.org/W2132963441,https://openalex.org/A5049940290,Timothy R. Brick
https://openalex.org/W2132963441,https://openalex.org/A5044523801,Matthias J. Scheutz
https://openalex.org/W3152892293,https://openalex.org/A5025267086,Indra Kharisma Raharjana
https://openalex.org/W3152892293,https://openalex.org/A5008798505,Daniel Fernando Siahaan
https://openalex.org/W3152892293,https://openalex.org/A5065837975,Chastine Fatichah
https://openalex.org/W4408802928,https://openalex.org/A5087748031,Xue Feng Jiang
https://openalex.org/W4408802928,https://openalex.org/A5101715764,Weiren Wang
https://openalex.org/W4408802928,https://openalex.org/A5013132777,Shaohan Tian
https://openalex.org/W4408802928,https://openalex.org/A5027748731,Hao Wang
https://openalex.org/W4408802928,https://openalex.org/A5087470453,Turab Lookman
https://openalex.org/W4408802928,https://openalex.org/A5060011729,Yanjing Su
https://openalex.org/W2056584528,https://openalex.org/A5012285321,Aobo Wang
https://openalex.org/W2056584528,https://openalex.org/A5110108838,Cong Duy Vu Hoang
https://openalex.org/W2056584528,https://openalex.org/A5066305082,Min‐Yen Kan
https://openalex.org/W2911489562,https://openalex.org/A5002413587,Jinhyuk Lee
https://openalex.org/W2911489562,https://openalex.org/A5012809586,Wonjin Yoon
https://openalex.org/W2911489562,https://openalex.org/A5109196469,Sungdong Kim
https://openalex.org/W2911489562,https://openalex.org/A5100334099,Donghyeon Kim
https://openalex.org/W2911489562,https://openalex.org/A5000850685,Sunkyu Kim
https://openalex.org/W2911489562,https://openalex.org/A5030764601,Chan Ho So
https://openalex.org/W2911489562,https://openalex.org/A5076917278,Jaewoo Kang
https://openalex.org/W1513310202,https://openalex.org/A5083411784,Walter M. P. Daelemans
https://openalex.org/W1513310202,https://openalex.org/A5082609675,Koenraad De Smedt
https://openalex.org/W1513310202,https://openalex.org/A5009678583,Gerald J. M. Gazdar
https://openalex.org/W2460755166,https://openalex.org/A5056371786,Ludovic Tanguy
https://openalex.org/W2460755166,https://openalex.org/A5083253268,Nikola Tulechki
https://openalex.org/W2460755166,https://openalex.org/A5082126682,Assaf Urieli
https://openalex.org/W2460755166,https://openalex.org/A5072854292,Eric Hermann
https://openalex.org/W2460755166,https://openalex.org/A5025335567,Céline Raynal
https://openalex.org/W2593581739,https://openalex.org/A5102965387,Zhendong Zhao
https://openalex.org/W2593581739,https://openalex.org/A5100716826,Lan Du
https://openalex.org/W2593581739,https://openalex.org/A5000215807,Benjamin Börschinger
https://openalex.org/W2593581739,https://openalex.org/A5081404974,John K. Pate
https://openalex.org/W2593581739,https://openalex.org/A5009724893,Massimiliano Ciaramita
https://openalex.org/W2593581739,https://openalex.org/A5055023881,Mark J. Steedman
https://openalex.org/W2593581739,https://openalex.org/A5034461489,Mark S. Johnson
https://openalex.org/W2099671082,https://openalex.org/A5082450455,Rada F. Mihalcea
https://openalex.org/W2099671082,https://openalex.org/A5001709830,Hugo Liu
https://openalex.org/W2099671082,https://openalex.org/A5072326923,Henry Lieberman
https://openalex.org/W2908600500,https://openalex.org/A5001295785,Taekhyung Kim
https://openalex.org/W2908600500,https://openalex.org/A5068272420,Seokho Chi
https://openalex.org/W4405971183,https://openalex.org/A5081442873,Stefan Feuerriegel
https://openalex.org/W4405971183,https://openalex.org/A5042525157,Abdurahman Maarouf
https://openalex.org/W4405971183,https://openalex.org/A5081117459,Dominik Bär
https://openalex.org/W4405971183,https://openalex.org/A5089703379,Dominique Geissler
https://openalex.org/W4405971183,https://openalex.org/A5072558230,Jonas Schweisthal
https://openalex.org/W4405971183,https://openalex.org/A5048633988,Nicolas Pröllochs
https://openalex.org/W4405971183,https://openalex.org/A5028717824,Claire Elizabeth Robertson
https://openalex.org/W4405971183,https://openalex.org/A5061935602,Steve Rathje
https://openalex.org/W4405971183,https://openalex.org/A5062843383,Jochen Hartmann
https://openalex.org/W4405971183,https://openalex.org/A5033684482,Saif M. Mohammad
https://openalex.org/W4405971183,https://openalex.org/A5002138970,Oded Netzer
https://openalex.org/W4405971183,https://openalex.org/A5014610119,Alexandra Arons Siegel
https://openalex.org/W4405971183,https://openalex.org/A5088832285,Barbara Plank
https://openalex.org/W4405971183,https://openalex.org/A5055444532,Jay Joseph Van Bavel
https://openalex.org/W3207377511,https://openalex.org/A5052141469,R. Di Sipio
https://openalex.org/W3207377511,https://openalex.org/A5091066062,Jia-Hong Huang
https://openalex.org/W3207377511,https://openalex.org/A5021414038,Samuel Yen-Chi Chen
https://openalex.org/W3207377511,https://openalex.org/A5012716161,Stefano Mangini
https://openalex.org/W3207377511,https://openalex.org/A5070684680,Marcel Worring
https://openalex.org/W2484412399,https://openalex.org/A5048002562,Lauri Karttunen
https://openalex.org/W2484412399,https://openalex.org/A5036281098,Kimmo Koskenniemi
https://openalex.org/W2484412399,https://openalex.org/A5112204652,van Gerardus Noord
https://openalex.org/W2115076780,https://openalex.org/A5038715874,Luisa Mich
https://openalex.org/W2962949934,https://openalex.org/A5005119482,Jiuxiang Gu
https://openalex.org/W2962949934,https://openalex.org/A5100395198,Zhenhua Wang
https://openalex.org/W2962949934,https://openalex.org/A5076366439,Jason Kuen
https://openalex.org/W2962949934,https://openalex.org/A5102967971,Lianyang Ma
https://openalex.org/W2962949934,https://openalex.org/A5007818713,Amir Shahroudy
https://openalex.org/W2962949934,https://openalex.org/A5048015379,Bing Shuai
https://openalex.org/W2962949934,https://openalex.org/A5057382261,Ting Liu
https://openalex.org/W2962949934,https://openalex.org/A5100673283,Xingxing Wang
https://openalex.org/W2962949934,https://openalex.org/A5100367353,Gang Wang
https://openalex.org/W2962949934,https://openalex.org/A5100635804,Jianfei Cai
https://openalex.org/W2962949934,https://openalex.org/A5000454484,Tsuhan Chen
https://openalex.org/W2892809998,https://openalex.org/A5069677848,Fabiano Dalpiaz
https://openalex.org/W2892809998,https://openalex.org/A5040962321,Alessio Ferrari
https://openalex.org/W2892809998,https://openalex.org/A5027686521,Xavier Franch
https://openalex.org/W2892809998,https://openalex.org/A5059146054,Cristina Palomares
https://openalex.org/W4391520039,https://openalex.org/A5100776513,Hongzhi Zhang
https://openalex.org/W4391520039,https://openalex.org/A5087753797,M. Omair Shafiq
https://openalex.org/W2967056613,https://openalex.org/A5087865794,Guergana Savova
https://openalex.org/W2967056613,https://openalex.org/A5021608374,Ioana Danciu
https://openalex.org/W2967056613,https://openalex.org/A5085951667,Folami Alamudun
https://openalex.org/W2967056613,https://openalex.org/A5039901099,Timothy A. Miller
https://openalex.org/W2967056613,https://openalex.org/A5100707569,Chen Lin
https://openalex.org/W2967056613,https://openalex.org/A5039369605,Danielle S. Bitterman
https://openalex.org/W2967056613,https://openalex.org/A5014968146,Georgia D. Tourassi
https://openalex.org/W2967056613,https://openalex.org/A5044194506,Jeremy Lyle Warner
https://openalex.org/W3090395639,https://openalex.org/A5048281388,Marina Danilevsky
https://openalex.org/W3090395639,https://openalex.org/A5005099484,Kun Qian
https://openalex.org/W3090395639,https://openalex.org/A5035493244,Ranit Aharonov
https://openalex.org/W3090395639,https://openalex.org/A5006509575,Yannis Katsis
https://openalex.org/W3090395639,https://openalex.org/A5016271455,Ban Kawas
https://openalex.org/W3090395639,https://openalex.org/A5105422045,Prithviraj Sen
https://openalex.org/W1598801177,https://openalex.org/A5053670656,George M. Hripcsak
https://openalex.org/W1598801177,https://openalex.org/A5109165698,C Friedman
https://openalex.org/W4210706177,https://openalex.org/A5003608009,Michael J. Piotrowski
https://openalex.org/W3024922541,https://openalex.org/A5007480962,Katikapalli Subramanyam Kalyan
https://openalex.org/W3024922541,https://openalex.org/A5007535678,S. Sangeetha
https://openalex.org/W2255290991,https://openalex.org/A5065717185,Khaled Khaled
https://openalex.org/W2270423142,https://openalex.org/A5110695235,Susan Armstrong
https://openalex.org/W2270423142,https://openalex.org/A5016543371,Kenneth Church
https://openalex.org/W2270423142,https://openalex.org/A5109464669,Pierre Isabelle
https://openalex.org/W2270423142,https://openalex.org/A5094962767,Sandra Manzi
https://openalex.org/W2270423142,https://openalex.org/A5001574770,Evelyne Tzoukermann
https://openalex.org/W2270423142,https://openalex.org/A5015876016,David Yarowsky
https://openalex.org/W4245471118,https://openalex.org/A5074225230,Akshay Kulkarni
https://openalex.org/W4245471118,https://openalex.org/A5042555123,Adarsha Shivananda
https://openalex.org/W4384211302,https://openalex.org/A5109582142,Marcos Treviso
https://openalex.org/W4384211302,https://openalex.org/A5081951157,Ji-Ung Lee
https://openalex.org/W4384211302,https://openalex.org/A5077889745,Tianchu Ji
https://openalex.org/W4384211302,https://openalex.org/A5077285800,Betty van Aken
https://openalex.org/W4384211302,https://openalex.org/A5076244567,Qingqing Cao
https://openalex.org/W4384211302,https://openalex.org/A5027489318,Manuel R. Ciosici
https://openalex.org/W4384211302,https://openalex.org/A5007882533,Michael Hassid
https://openalex.org/W4384211302,https://openalex.org/A5070589644,Kenneth Heafield
https://openalex.org/W4384211302,https://openalex.org/A5078850040,Sara Hooker
https://openalex.org/W4384211302,https://openalex.org/A5045077843,Colin Raffel
https://openalex.org/W4384211302,https://openalex.org/A5033250552,Pedro H. Martins
https://openalex.org/W4384211302,https://openalex.org/A5051693368,André F. T. Martins
https://openalex.org/W4384211302,https://openalex.org/A5059618221,Jessica Zosa Forde
https://openalex.org/W4384211302,https://openalex.org/A5061612911,Peter A. Milder
https://openalex.org/W4384211302,https://openalex.org/A5061992028,Edwin Simpson
https://openalex.org/W4384211302,https://openalex.org/A5017159143,Noam Slonim
https://openalex.org/W4384211302,https://openalex.org/A5008013895,Jesse Dodge
https://openalex.org/W4384211302,https://openalex.org/A5051203366,Emma Strubell
https://openalex.org/W4384211302,https://openalex.org/A5101768349,Niranjan Balasubramanian
https://openalex.org/W4384211302,https://openalex.org/A5024746221,Leon Derczynski
https://openalex.org/W4384211302,https://openalex.org/A5027450194,Iryna Gurevych
https://openalex.org/W4384211302,https://openalex.org/A5007903277,Roy Schwartz
https://openalex.org/W1995687988,https://openalex.org/A5016290671,Li Zhou
https://openalex.org/W1995687988,https://openalex.org/A5053670656,George M. Hripcsak
https://openalex.org/W3179968378,https://openalex.org/A5035852542,Said Abdelrahim Salloum
https://openalex.org/W3179968378,https://openalex.org/A5016711703,Tarek A-Z K Gaber
https://openalex.org/W3179968378,https://openalex.org/A5076454480,Sunil Vadera
https://openalex.org/W3179968378,https://openalex.org/A5066945309,Khaled F. Shaalan
https://openalex.org/W2007624857,https://openalex.org/A5058849006,Mehryar Mohri
https://openalex.org/W2963676638,https://openalex.org/A5063009872,Kenneth L. Kehl
https://openalex.org/W2963676638,https://openalex.org/A5004691427,Haitham Elmarakeby
https://openalex.org/W2963676638,https://openalex.org/A5069854182,Mizuki Nishino
https://openalex.org/W2963676638,https://openalex.org/A5039044023,Eliezer M. Van Allen
https://openalex.org/W2963676638,https://openalex.org/A5050222564,Eva M. Lepisto
https://openalex.org/W2963676638,https://openalex.org/A5054056965,Michael J. Hassett
https://openalex.org/W2963676638,https://openalex.org/A5053521833,Bruce Evan Johnson
https://openalex.org/W2963676638,https://openalex.org/A5088893766,Deborah Schrag
https://openalex.org/W3093404842,https://openalex.org/A5076567873,Joseph A. Mellia
https://openalex.org/W3093404842,https://openalex.org/A5057746925,Marten N. Basta
https://openalex.org/W3093404842,https://openalex.org/A5066524105,Yoshiko Toyoda
https://openalex.org/W3093404842,https://openalex.org/A5082859239,Sammy Othman
https://openalex.org/W3093404842,https://openalex.org/A5072228421,Omar Elfanagely
https://openalex.org/W3093404842,https://openalex.org/A5070925654,Martin P. Morris
https://openalex.org/W3093404842,https://openalex.org/A5026366340,Luke A. Torre-Healy
https://openalex.org/W3093404842,https://openalex.org/A5044944954,Lyle Ungar
https://openalex.org/W3093404842,https://openalex.org/A5089383748,John Patrick Fischer
https://openalex.org/W4251745552,https://openalex.org/A5081660581,Dastan Hussen Maulud
https://openalex.org/W4251745552,https://openalex.org/A5087996799,Subhi R. M. Zeebaree
https://openalex.org/W4251745552,https://openalex.org/A5058552366,Karwan Jacksi
https://openalex.org/W4251745552,https://openalex.org/A5065138576,Mohammed Mohammed Sadeeq
https://openalex.org/W4251745552,https://openalex.org/A5076141199,Karzan Hussein Sharif
https://openalex.org/W4309773749,https://openalex.org/A5038120583,Lucas Francisco Amaral Orosco Pellicer
https://openalex.org/W4309773749,https://openalex.org/A5075020368,Taynan Maier Ferreira
https://openalex.org/W4309773749,https://openalex.org/A5069264027,Anna Helena Reali Costa
https://openalex.org/W1987248861,https://openalex.org/A5028696519,Anne Thessen
https://openalex.org/W1987248861,https://openalex.org/A5044387303,Hong Jun Cui
https://openalex.org/W1987248861,https://openalex.org/A5082529553,Dmitry Mozzherin
https://openalex.org/W2146081877,https://openalex.org/A5013520157,Peter J. Haug
https://openalex.org/W1534442584,https://openalex.org/A5109165698,C Friedman
https://openalex.org/W1534442584,https://openalex.org/A5053670656,George M. Hripcsak
https://openalex.org/W1534442584,https://openalex.org/A5008364378,Lyudmila Shagina
https://openalex.org/W1534442584,https://openalex.org/A5100354108,Hongliang Liu
https://openalex.org/W4396827130,https://openalex.org/A5100706869,Shijie Chen
https://openalex.org/W4396827130,https://openalex.org/A5100433691,Yu Zhang
https://openalex.org/W4396827130,https://openalex.org/A5100636286,Qiang Yang
https://openalex.org/W2231146925,https://openalex.org/A5046507371,Aditya Jain
https://openalex.org/W2231146925,https://openalex.org/A5046593412,Gandhar Kulkarni
https://openalex.org/W2231146925,https://openalex.org/A5014308324,Vraj Shah
https://openalex.org/W2810451479,https://openalex.org/A5073392421,Oscar Kjell
https://openalex.org/W2810451479,https://openalex.org/A5088101191,Katarina Kjell
https://openalex.org/W2810451479,https://openalex.org/A5105459093,Danilo Garcia
https://openalex.org/W2810451479,https://openalex.org/A5005160708,Sverker Sikström
https://openalex.org/W2940087734,https://openalex.org/A5012267501,Lirong Yao
https://openalex.org/W2940087734,https://openalex.org/A5086655175,Yazhuo Guan
https://openalex.org/W3202031169,https://openalex.org/A5058308999,Tianxiang Sun
https://openalex.org/W3202031169,https://openalex.org/A5038066226,Xiang-Yang Liu
https://openalex.org/W3202031169,https://openalex.org/A5044665993,Xipeng Qiu
https://openalex.org/W3202031169,https://openalex.org/A5088834359,Xuanjing Huang
https://openalex.org/W173092572,https://openalex.org/A5074689150,Robert H Baud
https://openalex.org/W173092572,https://openalex.org/A5076382847,A M Rassinoux
https://openalex.org/W173092572,https://openalex.org/A5112045257,Jean Raoul Scherrer
https://openalex.org/W4404134991,https://openalex.org/A5100611449,Supriyono Supriyono
https://openalex.org/W4404134991,https://openalex.org/A5076378305,Aji Prasetya Wibawa
https://openalex.org/W4404134991,https://openalex.org/A5102745486,Suyono Suyono
https://openalex.org/W4404134991,https://openalex.org/A5057557064,Fachrul Kurniawan
https://openalex.org/W2109056977,https://openalex.org/A5073977144,Ashwin N. Ananthakrishnan
https://openalex.org/W2109056977,https://openalex.org/A5078003862,Tianxi Cai
https://openalex.org/W2109056977,https://openalex.org/A5087865794,Guergana Savova
https://openalex.org/W2109056977,https://openalex.org/A5111897322,Su-Chun Cheng
https://openalex.org/W2109056977,https://openalex.org/A5058253583,Pei‐Jer Chen
https://openalex.org/W2109056977,https://openalex.org/A5104070029,Raul Guzman Perez
https://openalex.org/W2109056977,https://openalex.org/A5087506527,Vivian S. Gainer
https://openalex.org/W2109056977,https://openalex.org/A5087242254,Shawn N. Murphy
https://openalex.org/W2109056977,https://openalex.org/A5006650843,Peter Szolovits
https://openalex.org/W2109056977,https://openalex.org/A5069572535,Zongqi Xia
https://openalex.org/W2109056977,https://openalex.org/A5101847071,Stanley Y. Shaw
https://openalex.org/W2109056977,https://openalex.org/A5047884465,Susanne E. Churchill
https://openalex.org/W2109056977,https://openalex.org/A5082819294,Elizabeth W. Karlson
https://openalex.org/W2109056977,https://openalex.org/A5088509061,Isaac S. Kohane
https://openalex.org/W2109056977,https://openalex.org/A5106479961,Robert M. Plenge
https://openalex.org/W2109056977,https://openalex.org/A5025181406,Katherine P. Liao
https://openalex.org/W2799568506,https://openalex.org/A5103393359,Andrea C. Fernandes
https://openalex.org/W2799568506,https://openalex.org/A5009826164,Rina Dutta
https://openalex.org/W2799568506,https://openalex.org/A5070579609,Sumithra Velupillai
https://openalex.org/W2799568506,https://openalex.org/A5044925204,Jyoti Sanyal
https://openalex.org/W2799568506,https://openalex.org/A5067147989,Robert Stewart
https://openalex.org/W2799568506,https://openalex.org/A5058539843,David Chandran
https://openalex.org/W2945068453,https://openalex.org/A5110498399,Ravi Garg
https://openalex.org/W2945068453,https://openalex.org/A5070082657,Elissa H. Oh
https://openalex.org/W2945068453,https://openalex.org/A5034914464,Andrew M. Naidech
https://openalex.org/W2945068453,https://openalex.org/A5072047827,Konrad Paul Kording
https://openalex.org/W2945068453,https://openalex.org/A5058647871,Shyam Prabhakaran
https://openalex.org/W1559147707,https://openalex.org/A5090002679,James F. Allen
https://openalex.org/W2142269169,https://openalex.org/A5008715111,Raymond J. Mooney
https://openalex.org/W2142269169,https://openalex.org/A5043767069,GERALD F. DEJONG
https://openalex.org/W2606497935,https://openalex.org/A5100749028,Yang Zou
https://openalex.org/W2606497935,https://openalex.org/A5090054369,Arto Kiviniemi
https://openalex.org/W2606497935,https://openalex.org/A5067448503,Stephen Jones
https://openalex.org/W3140514123,https://openalex.org/A5023859439,Ruslan Mitkov
https://openalex.org/W3140514123,https://openalex.org/A5100641120,Jong Cheol Park
https://openalex.org/W3108716566,https://openalex.org/A5111452036,Kareem Mohamed Darwish
https://openalex.org/W3108716566,https://openalex.org/A5084517393,Nizar Y. Habash
https://openalex.org/W3108716566,https://openalex.org/A5059139666,Mourad Abbas
https://openalex.org/W3108716566,https://openalex.org/A5063710079,Hend Suliman Al-Khalifa
https://openalex.org/W3108716566,https://openalex.org/A5050673238,Huseein T. Al-Natsheh
https://openalex.org/W3108716566,https://openalex.org/A5078234452,Houda Bouamor
https://openalex.org/W3108716566,https://openalex.org/A5002978672,Karim Bouzoubaa
https://openalex.org/W3108716566,https://openalex.org/A5037535832,Violetta Cavalli‐Sforza
https://openalex.org/W3108716566,https://openalex.org/A5086805519,Samhaa R. El-Beltagy
https://openalex.org/W3108716566,https://openalex.org/A5050418400,Mustafa Jarrar
https://openalex.org/W3108716566,https://openalex.org/A5102924560,Hamdy Mubarak
https://openalex.org/W2111865815,https://openalex.org/A5065170642,Wendy W. Chapman
https://openalex.org/W2111865815,https://openalex.org/A5068888219,Lee M. Christensen
https://openalex.org/W2111865815,https://openalex.org/A5075316416,Michael M. Wagner
https://openalex.org/W2111865815,https://openalex.org/A5013520157,Peter J. Haug
https://openalex.org/W2111865815,https://openalex.org/A5007221337,Oleg A. Ivanov
https://openalex.org/W2111865815,https://openalex.org/A5111612956,John Dowling
https://openalex.org/W2111865815,https://openalex.org/A5033702410,Robert T. Olszewski
https://openalex.org/W4200182652,https://openalex.org/A5102851815,Jonah A. Berger
https://openalex.org/W4200182652,https://openalex.org/A5016428996,Grant M. Packard
https://openalex.org/W3033190121,https://openalex.org/A5000025409,Oliver Baclic
https://openalex.org/W3033190121,https://openalex.org/A5044819987,Matthew C. Tunis
https://openalex.org/W3033190121,https://openalex.org/A5104111899,Kelsey Young
https://openalex.org/W3033190121,https://openalex.org/A5031386959,Coraline Doan
https://openalex.org/W3033190121,https://openalex.org/A5023834117,Howard Swerdfeger
https://openalex.org/W2606769376,https://openalex.org/A5041212198,David Carrell
https://openalex.org/W2606769376,https://openalex.org/A5073098968,Robert E. Schoen
https://openalex.org/W2606769376,https://openalex.org/A5028389258,Daniel A. Leffler
https://openalex.org/W2606769376,https://openalex.org/A5022910363,Michele M. Morris
https://openalex.org/W2606769376,https://openalex.org/A5001870814,Sherri Rose
https://openalex.org/W2606769376,https://openalex.org/A5076007855,Andrew B. Baer
https://openalex.org/W2606769376,https://openalex.org/A5088380307,Seth D. Crockett
https://openalex.org/W2606769376,https://openalex.org/A5053458255,Rebecca A. Gourevitch
https://openalex.org/W2606769376,https://openalex.org/A5110680318,Katie M. Dean
https://openalex.org/W2606769376,https://openalex.org/A5089231171,Ateev Mehrotra
https://openalex.org/W3040438665,https://openalex.org/A5013871544,Simon Benjamin Goldberg
https://openalex.org/W3040438665,https://openalex.org/A5082528065,Nikolaos Flemotomos
https://openalex.org/W3040438665,https://openalex.org/A5101642395,Victor R. Martínez
https://openalex.org/W3040438665,https://openalex.org/A5031295967,Michael Tanana
https://openalex.org/W3040438665,https://openalex.org/A5040279684,Patty Beyrong Kuo
https://openalex.org/W3040438665,https://openalex.org/A5110726720,Brian T. Pace
https://openalex.org/W3040438665,https://openalex.org/A5041948186,Jennifer L. Villatte
https://openalex.org/W3040438665,https://openalex.org/A5021678540,Panayiotis Georgiou
https://openalex.org/W3040438665,https://openalex.org/A5090834816,Jake Van Epps
https://openalex.org/W3040438665,https://openalex.org/A5036681459,Zac E. Imel
https://openalex.org/W3040438665,https://openalex.org/A5010028928,Shrikanth Shri Narayanan
https://openalex.org/W3040438665,https://openalex.org/A5021605006,David C. Atkins
https://openalex.org/W2411190207,https://openalex.org/A5066945309,Khaled F. Shaalan
https://openalex.org/W74235943,https://openalex.org/A5080886889,Gaetano Cascini
https://openalex.org/W74235943,https://openalex.org/A5084211673,Alessandro Fantechi
https://openalex.org/W74235943,https://openalex.org/A5068831840,Emilio Spinicci
https://openalex.org/W4394579747,https://openalex.org/A5088321269,Sonish Sivarajkumar
https://openalex.org/W4394579747,https://openalex.org/A5103098745,Mark Kelley
https://openalex.org/W4394579747,https://openalex.org/A5092897313,Alyssa Samolyk-Mazzanti
https://openalex.org/W4394579747,https://openalex.org/A5036362467,Shyam Visweswaran
https://openalex.org/W4394579747,https://openalex.org/A5080116611,Yanshan Wang
https://openalex.org/W3132823525,https://openalex.org/A5001121325,Yasha Hasija
https://openalex.org/W3132823525,https://openalex.org/A5054635541,Rajkumar Chakraborty
https://openalex.org/W4288089799,https://openalex.org/A5045077843,Colin Raffel
https://openalex.org/W4288089799,https://openalex.org/A5021878400,Noam Shazeer
https://openalex.org/W4288089799,https://openalex.org/A5052454696,Adam Roberts
https://openalex.org/W4288089799,https://openalex.org/A5101561897,Katherine Lee
https://openalex.org/W4288089799,https://openalex.org/A5079540764,Sharan Narang
https://openalex.org/W4288089799,https://openalex.org/A5063203090,Michael Matena
https://openalex.org/W4288089799,https://openalex.org/A5081567725,Yanqi Zhou
https://openalex.org/W4288089799,https://openalex.org/A5045547813,Wei Li
https://openalex.org/W4288089799,https://openalex.org/A5076683869,Peter J. Liu
https://openalex.org/W2605350416,https://openalex.org/A5038668215,Xiangnan He
https://openalex.org/W2605350416,https://openalex.org/A5081165986,Lizi Liao
https://openalex.org/W2605350416,https://openalex.org/A5042324027,Hanwang Zhang
https://openalex.org/W2605350416,https://openalex.org/A5038612499,Liqiang Nie
https://openalex.org/W2605350416,https://openalex.org/A5068477431,Xia Hu
https://openalex.org/W2605350416,https://openalex.org/A5089404640,Tat‐Seng Chua
https://openalex.org/W2772121968,https://openalex.org/A5034420885,Wei‐Hung Weng
https://openalex.org/W2772121968,https://openalex.org/A5041082275,Kavishwar B. Wagholikar
https://openalex.org/W2772121968,https://openalex.org/A5088232099,Alexa T. McCray
https://openalex.org/W2772121968,https://openalex.org/A5006650843,Peter Szolovits
https://openalex.org/W2772121968,https://openalex.org/A5110196768,Henry C. Chueh
https://openalex.org/W2083017379,https://openalex.org/A5043767069,GERALD F. DEJONG
https://openalex.org/W2136987143,https://openalex.org/A5008334059,Alan F. Smeaton
https://openalex.org/W2399101711,https://openalex.org/A5019999408,Vivi Năstase
https://openalex.org/W2399101711,https://openalex.org/A5082450455,Rada F. Mihalcea
https://openalex.org/W2399101711,https://openalex.org/A5081787254,Dragomir Radev
https://openalex.org/W4301029487,https://openalex.org/A5084505122,Dirk Hovy
https://openalex.org/W4301029487,https://openalex.org/A5047118262,Shannon Lydia Spruit
https://openalex.org/W2766690634,https://openalex.org/A5053171618,Daniel J. Feller
https://openalex.org/W2766690634,https://openalex.org/A5012285335,Jason E Zucker
https://openalex.org/W2766690634,https://openalex.org/A5023944760,Michael T. Yin
https://openalex.org/W2766690634,https://openalex.org/A5061360326,Peter Crichton Gordon
https://openalex.org/W2766690634,https://openalex.org/A5047270546,Noémie Elhadad
https://openalex.org/W2002919652,https://openalex.org/A5083648737,Kay Cohen
https://openalex.org/W2116446440,https://openalex.org/A5038428039,Stephen Wu
https://openalex.org/W2116446440,https://openalex.org/A5039901099,Timothy A. Miller
https://openalex.org/W2116446440,https://openalex.org/A5043015444,James J Masanz
https://openalex.org/W2116446440,https://openalex.org/A5089490120,Matt Coarr
https://openalex.org/W2116446440,https://openalex.org/A5089570158,Scott Halgrim
https://openalex.org/W2116446440,https://openalex.org/A5041212198,David Carrell
https://openalex.org/W2116446440,https://openalex.org/A5032492898,Cheryl Clark
https://openalex.org/W3133792808,https://openalex.org/A5072266938,Mustafa Khanbhai
https://openalex.org/W3133792808,https://openalex.org/A5041424036,Patrick Anyadi
https://openalex.org/W3133792808,https://openalex.org/A5058575337,Joshua Symons
https://openalex.org/W3133792808,https://openalex.org/A5082645356,Kelsey Flott
https://openalex.org/W3133792808,https://openalex.org/A5055785355,Ara Wardkes Darzi
https://openalex.org/W3133792808,https://openalex.org/A5000771003,Erik Mayer
https://openalex.org/W3019998525,https://openalex.org/A5046594273,Prashant Johri
https://openalex.org/W3019998525,https://openalex.org/A5000392679,Sunil Kumar Khatri
https://openalex.org/W3019998525,https://openalex.org/A5003776616,Ahmad T. Al‐Taani
https://openalex.org/W3019998525,https://openalex.org/A5055324038,Munish Sabharwal
https://openalex.org/W3019998525,https://openalex.org/A5001001733,Shakhzod Suvanov
https://openalex.org/W3019998525,https://openalex.org/A5088484645,Avneesh Kumar
https://openalex.org/W2953320089,https://openalex.org/A5072285427,Edward Loper
https://openalex.org/W2953320089,https://openalex.org/A5026383657,Steven Bird
https://openalex.org/W4238619744,https://openalex.org/A5020441009,Risto P Miikkulainen
https://openalex.org/W4238619744,https://openalex.org/A5051533722,Michael G. Dyer
https://openalex.org/W2898569419,https://openalex.org/A5045522509,Daniela Beltrami
https://openalex.org/W2898569419,https://openalex.org/A5021304637,Gloria Gagliardi
https://openalex.org/W2898569419,https://openalex.org/A5043014638,Rema Rossini Favretti
https://openalex.org/W2898569419,https://openalex.org/A5113644099,Enrico Ghidoni
https://openalex.org/W2898569419,https://openalex.org/A5080820519,Fabio Tamburini
https://openalex.org/W2898569419,https://openalex.org/A5023384307,Laura Calzà
https://openalex.org/W4312943126,https://openalex.org/A5100455138,Hang Li
https://openalex.org/W2397944984,https://openalex.org/A5045732893,Atefeh Farzindar
https://openalex.org/W2397944984,https://openalex.org/A5009188443,Diana Zaiu Inkpen
https://openalex.org/W2746791326,https://openalex.org/A5100432031,Xingyu Zhang
https://openalex.org/W2746791326,https://openalex.org/A5101397945,Joyce Mary Kim
https://openalex.org/W2746791326,https://openalex.org/A5021199545,Rachel E. Patzer
https://openalex.org/W2746791326,https://openalex.org/A5015203505,Stephen R. Pitts
https://openalex.org/W2746791326,https://openalex.org/A5016428734,Aaron Patzer
https://openalex.org/W2746791326,https://openalex.org/A5038283823,Justin D. Schrager
https://openalex.org/W2983128379,https://openalex.org/A5016861708,Sangchul Hahn
https://openalex.org/W2983128379,https://openalex.org/A5079848178,Heeyoul Choi
https://openalex.org/W2096772585,https://openalex.org/A5074871987,Mohammed Al Qady
https://openalex.org/W2096772585,https://openalex.org/A5108572101,Amr Kandil
https://openalex.org/W1981253330,https://openalex.org/A5081621956,Morten H. Christiansen
https://openalex.org/W1981253330,https://openalex.org/A5007418876,Nick Chater
https://openalex.org/W2745980806,https://openalex.org/A5004926474,Christophe Bertero
https://openalex.org/W2745980806,https://openalex.org/A5103056913,Matthieu Roy
https://openalex.org/W2745980806,https://openalex.org/A5036990006,Carla Sauvanaud
https://openalex.org/W2745980806,https://openalex.org/A5025920044,Gilles Trédan
https://openalex.org/W4220883868,https://openalex.org/A5027528600,Tanya Nijhawan
https://openalex.org/W4220883868,https://openalex.org/A5045416276,Girija V. Attigeri
https://openalex.org/W4220883868,https://openalex.org/A5111742241,T Ananthakrishna
https://openalex.org/W2149527488,https://openalex.org/A5041212198,David Carrell
https://openalex.org/W2149527488,https://openalex.org/A5089570158,Scott Halgrim
https://openalex.org/W2149527488,https://openalex.org/A5001715042,Diem-Thy Tran
https://openalex.org/W2149527488,https://openalex.org/A5077710776,Diana S.M. Buist
https://openalex.org/W2149527488,https://openalex.org/A5034251151,Jessica Chubak
https://openalex.org/W2149527488,https://openalex.org/A5065170642,Wendy W. Chapman
https://openalex.org/W2149527488,https://openalex.org/A5087865794,Guergana Savova
https://openalex.org/W3197782487,https://openalex.org/A5100636286,Qiang Yang
https://openalex.org/W3197782487,https://openalex.org/A5100433691,Yu Zhang
https://openalex.org/W3197782487,https://openalex.org/A5100527530,Wenyuan Dai
https://openalex.org/W3197782487,https://openalex.org/A5082984558,Sinno Jialin Pan
https://openalex.org/W4377821330,https://openalex.org/A5010295725,Jasmin Praful Bharadiya
https://openalex.org/W3088024167,https://openalex.org/A5008116509,David L. Waltz
https://openalex.org/W1967972613,https://openalex.org/A5112713865,Margaret King
https://openalex.org/W3024622987,https://openalex.org/A5015525397,Martin Müller
https://openalex.org/W3024622987,https://openalex.org/A5010649096,Marcel Salathé
https://openalex.org/W3024622987,https://openalex.org/A5079331687,Per Egil Kummervold
https://openalex.org/W2749701213,https://openalex.org/A5022014033,Graciela Gonzalez‐Hernandez
https://openalex.org/W2749701213,https://openalex.org/A5086087170,Abeed Sarker
https://openalex.org/W2749701213,https://openalex.org/A5025763545,Karen O’Connor
https://openalex.org/W2749701213,https://openalex.org/A5087865794,Guergana Savova
https://openalex.org/W4389519363,https://openalex.org/A5075240138,Wannaphong Phatthiyaphaibun
https://openalex.org/W4389519363,https://openalex.org/A5076733372,Korakot Chaovavanich
https://openalex.org/W4389519363,https://openalex.org/A5001689161,Charin Polpanumas
https://openalex.org/W4389519363,https://openalex.org/A5016355180,Arthit Suriyawongkul
https://openalex.org/W4389519363,https://openalex.org/A5054771771,Lalita Lowphansirikul
https://openalex.org/W4389519363,https://openalex.org/A5026857798,Pattarawat Chormai
https://openalex.org/W4389519363,https://openalex.org/A5038217558,Peerat Limkonchotiwat
https://openalex.org/W4389519363,https://openalex.org/A5093457129,Thanathip Suntorntip
https://openalex.org/W4389519363,https://openalex.org/A5072133587,Can Udomcharoenchaikit
https://openalex.org/W3112394254,https://openalex.org/A5073553876,Yolande Piris
https://openalex.org/W3112394254,https://openalex.org/A5052901927,Anne-Cécile Gay
https://openalex.org/W3151088204,https://openalex.org/A5067214173,Karin M. Verspoor
https://openalex.org/W3151088204,https://openalex.org/A5062221063,Kevin Bretonnel Cohen
https://openalex.org/W2800857888,https://openalex.org/A5077808955,Wanwen Zeng
https://openalex.org/W2800857888,https://openalex.org/A5028388778,Mengmeng Wu
https://openalex.org/W2800857888,https://openalex.org/A5100623015,Rui Jiang
https://openalex.org/W2740983644,https://openalex.org/A5090540030,Brian N. Larson
https://openalex.org/W1530622307,https://openalex.org/A5028540850,Wiebke Wagner
https://openalex.org/W2129038679,https://openalex.org/A5076346443,Kang Ning
https://openalex.org/W2129038679,https://openalex.org/A5034080499,Bharat Singh
https://openalex.org/W2129038679,https://openalex.org/A5048053757,Zubair Afzal
https://openalex.org/W2129038679,https://openalex.org/A5053857782,Erik M. van Mulligen
https://openalex.org/W2129038679,https://openalex.org/A5005077862,Jan A. Kors
https://openalex.org/W2135620230,https://openalex.org/A5023398298,D. Jeffery Higginbotham
https://openalex.org/W2135620230,https://openalex.org/A5068434863,Gregory W. Lesher
https://openalex.org/W2135620230,https://openalex.org/A5028527936,Bryan Moulton
https://openalex.org/W2135620230,https://openalex.org/A5020068498,Brian Roark
https://openalex.org/W3175285983,https://openalex.org/A5070907404,Kayo Yin
https://openalex.org/W3175285983,https://openalex.org/A5064189148,Amit Moryossef
https://openalex.org/W3175285983,https://openalex.org/A5013250340,Julie Hochgesang
https://openalex.org/W3175285983,https://openalex.org/A5028476919,Yoav Goldberg
https://openalex.org/W3175285983,https://openalex.org/A5025559955,Malihe Alikhani
https://openalex.org/W2339810009,https://openalex.org/A5088589804,Carly D. Robinson
https://openalex.org/W2339810009,https://openalex.org/A5057564770,Michael Yeomans
https://openalex.org/W2339810009,https://openalex.org/A5023084721,Justin Reich
https://openalex.org/W2339810009,https://openalex.org/A5036544798,Chris S. Hulleman
https://openalex.org/W2339810009,https://openalex.org/A5074836961,Hunter Gehlbach
https://openalex.org/W2151654631,https://openalex.org/A5041212198,David Carrell
https://openalex.org/W2151654631,https://openalex.org/A5054315152,David Cronkite
https://openalex.org/W2151654631,https://openalex.org/A5005921344,Roy E. Palmer
https://openalex.org/W2151654631,https://openalex.org/A5055422450,Kathleen W. Saunders
https://openalex.org/W2151654631,https://openalex.org/A5019394414,David E. Gross
https://openalex.org/W2151654631,https://openalex.org/A5035280188,Elizabeth T. Masters
https://openalex.org/W2151654631,https://openalex.org/A5050872889,Timothy R. Hylan
https://openalex.org/W2151654631,https://openalex.org/A5112036918,Michael Von Korff
https://openalex.org/W2887340847,https://openalex.org/A5021329708,Aditya Siddhant
https://openalex.org/W2887340847,https://openalex.org/A5029448258,Zachary C. Lipton
https://openalex.org/W2438775341,https://openalex.org/A5016543371,Kenneth Church
https://openalex.org/W1933798900,https://openalex.org/A5101639120,Khanh Duy Tung Nguyen
https://openalex.org/W1933798900,https://openalex.org/A5023365550,Brendan O’Connor
https://openalex.org/W2495359255,https://openalex.org/A5000361724,Detmar Meurers
https://openalex.org/W4283219089,https://openalex.org/A5079463434,Zhe Zheng
https://openalex.org/W4283219089,https://openalex.org/A5091489017,Xinzheng Lu
https://openalex.org/W4283219089,https://openalex.org/A5059387686,Keyin Chen
https://openalex.org/W4283219089,https://openalex.org/A5101484769,Yucheng Zhou
https://openalex.org/W4283219089,https://openalex.org/A5044064034,Jia‐Rui Lin
https://openalex.org/W2907973054,https://openalex.org/A5084945522,Souad Larabi-Marie-Sainte
https://openalex.org/W2907973054,https://openalex.org/A5062380880,Nada Alalyani
https://openalex.org/W2907973054,https://openalex.org/A5041300868,Sihaam Alotaibi
https://openalex.org/W2907973054,https://openalex.org/A5029506928,Sanaa Ghouzali
https://openalex.org/W2907973054,https://openalex.org/A5045864038,Ibrahim Abunadi
https://openalex.org/W4281632042,https://openalex.org/A5068426842,Raffaele Guarasci
https://openalex.org/W4281632042,https://openalex.org/A5025157025,Giuseppe De Pietro
https://openalex.org/W4281632042,https://openalex.org/A5086794713,Massimo Esposito
https://openalex.org/W4390790246,https://openalex.org/A5071220716,Arkaitz Zubiaga
https://openalex.org/W4224215750,https://openalex.org/A5087082413,Shilin Qiu
https://openalex.org/W4224215750,https://openalex.org/A5073705151,Qihe Liu
https://openalex.org/W4224215750,https://openalex.org/A5012385922,Shijie Zhou
https://openalex.org/W4224215750,https://openalex.org/A5102778776,Wen Huang
https://openalex.org/W2132678463,https://openalex.org/A5062546146,Alexander M. Rush
https://openalex.org/W2132678463,https://openalex.org/A5074839699,Michael J. Collins
https://openalex.org/W4229015090,https://openalex.org/A5022996650,Siddharth Nath
https://openalex.org/W4229015090,https://openalex.org/A5028156860,Abdullah Marie
https://openalex.org/W4229015090,https://openalex.org/A5059013252,Simon Ellershaw
https://openalex.org/W4229015090,https://openalex.org/A5051919832,Edward Korot
https://openalex.org/W4229015090,https://openalex.org/A5003259452,Pearse Andrew Keane
https://openalex.org/W3005595604,https://openalex.org/A5003712404,Fahad Ul Hassan
https://openalex.org/W3005595604,https://openalex.org/A5048816598,Tuyen Le
https://openalex.org/W4324392584,https://openalex.org/A5072898802,Martín Müller
https://openalex.org/W4324392584,https://openalex.org/A5010649096,Marcel Salathé
https://openalex.org/W4324392584,https://openalex.org/A5079331687,Per Egil Kummervold
https://openalex.org/W3207974842,https://openalex.org/A5056436780,Essam Halim Houssein
https://openalex.org/W3207974842,https://openalex.org/A5076970771,Rehab E. Mohamed
https://openalex.org/W3207974842,https://openalex.org/A5114334565,Abdelmgeid A. Ali
https://openalex.org/W3037763555,https://openalex.org/A5015128745,Maarten Sap
https://openalex.org/W3037763555,https://openalex.org/A5006531172,Vered Shwartz
https://openalex.org/W3037763555,https://openalex.org/A5088410008,Antoine Bosselut
https://openalex.org/W3037763555,https://openalex.org/A5102992157,Yejin Choi
https://openalex.org/W3037763555,https://openalex.org/A5023802054,Dan Roth
https://openalex.org/W3134075066,https://openalex.org/A5003313838,Meng Cai
https://openalex.org/W2525230286,https://openalex.org/A5023997241,Christopher A. Bail
https://openalex.org/W2611726225,https://openalex.org/A5109031255,Adam Lopez
https://openalex.org/W2562682442,https://openalex.org/A5072068247,Peratham Wiriyathammabhum
https://openalex.org/W2562682442,https://openalex.org/A5011052950,Douglas A. Summers-Stay
https://openalex.org/W2562682442,https://openalex.org/A5083553427,Cornelia Fermüller
https://openalex.org/W2562682442,https://openalex.org/A5036912867,Yiannis Aloimonos
https://openalex.org/W73056518,https://openalex.org/A5035648097,Ingrid Zukerman
https://openalex.org/W73056518,https://openalex.org/A5048682514,Diane J. Litman
https://openalex.org/W2006077098,https://openalex.org/A5110322074,Stéfan Sinclair
https://openalex.org/W1781980207,https://openalex.org/A5109074467,John C. Henderson
https://openalex.org/W1781980207,https://openalex.org/A5018230694,Eric Brill
https://openalex.org/W3044058576,https://openalex.org/A5038400995,Yuli Vasiliev
https://openalex.org/W2759962768,https://openalex.org/A5081393566,Anna Korhonen
https://openalex.org/W2759962768,https://openalex.org/A5088249499,Yuval Krymolowski
https://openalex.org/W2759962768,https://openalex.org/A5030189297,Ted Briscoe
https://openalex.org/W3161283304,https://openalex.org/A5064843408,Sunny X. Tang
https://openalex.org/W3161283304,https://openalex.org/A5082462234,Reno Kriz
https://openalex.org/W3161283304,https://openalex.org/A5089339558,Sunghye Cho
https://openalex.org/W3161283304,https://openalex.org/A5006040909,Suh Jung Park
https://openalex.org/W3161283304,https://openalex.org/A5071491372,Jenna Harowitz
https://openalex.org/W3161283304,https://openalex.org/A5018607314,Raquel E. Gur
https://openalex.org/W3161283304,https://openalex.org/A5103106427,Mahendra T. Bhati
https://openalex.org/W3161283304,https://openalex.org/A5084652393,Daniel H. Wolf
https://openalex.org/W3161283304,https://openalex.org/A5058954591,João Sedoc
https://openalex.org/W3161283304,https://openalex.org/A5055868875,Mark Yoffe Liberman
https://openalex.org/W2251797717,https://openalex.org/A5044665993,Xipeng Qiu
https://openalex.org/W2251797717,https://openalex.org/A5100360407,Qi Zhang
https://openalex.org/W2251797717,https://openalex.org/A5088834359,Xuanjing Huang
https://openalex.org/W2913146885,https://openalex.org/A5100391896,Wei Wang
https://openalex.org/W2913146885,https://openalex.org/A5043972623,Jianxun Gang
https://openalex.org/W1982938880,https://openalex.org/A5102359009,Julliette M. Buckley
https://openalex.org/W1982938880,https://openalex.org/A5007074009,Suzanne B. Coopey
https://openalex.org/W1982938880,https://openalex.org/A5089933160,John Sharko
https://openalex.org/W1982938880,https://openalex.org/A5051716733,Fernanda C. G. Polubriaginof
https://openalex.org/W1982938880,https://openalex.org/A5012703663,Brian Drohan
https://openalex.org/W1982938880,https://openalex.org/A5103040846,Ahmet Korkut Bellı
https://openalex.org/W1982938880,https://openalex.org/A5076859698,Elizabeth M.H. Kim
https://openalex.org/W1982938880,https://openalex.org/A5005206482,Judy Ellen Garber
https://openalex.org/W1982938880,https://openalex.org/A5055568190,Barbara Lynn Smith
https://openalex.org/W1982938880,https://openalex.org/A5046623395,Michele A. Gadd
https://openalex.org/W1982938880,https://openalex.org/A5027732826,Michelle Connolly Specht
https://openalex.org/W1982938880,https://openalex.org/A5110533270,Constance A. Roche
https://openalex.org/W1982938880,https://openalex.org/A5091798627,Thomas M. Gudewicz
https://openalex.org/W1982938880,https://openalex.org/A5025382374,Kevin S. Hughes
https://openalex.org/W2126716737,https://openalex.org/A5080274118,M. Chandhana Surabhi
https://openalex.org/W1511212867,https://openalex.org/A5084007478,Mathias Soeken
https://openalex.org/W1511212867,https://openalex.org/A5004214923,Robert Wille
https://openalex.org/W1511212867,https://openalex.org/A5071742136,Rolf Drechsler
https://openalex.org/W4386363607,https://openalex.org/A5076149596,Anushka Gangal
https://openalex.org/W4386363607,https://openalex.org/A5062122421,Ayush Shrivastava
https://openalex.org/W4386363607,https://openalex.org/A5013387072,Nadia Mahmood Hussien
https://openalex.org/W4386363607,https://openalex.org/A5031271088,Prabhishek Singh
https://openalex.org/W4386363607,https://openalex.org/A5009046975,Manoj Diwakar
https://openalex.org/W4386363607,https://openalex.org/A5011020166,Kapil Kumar Joshi
https://openalex.org/W4386363607,https://openalex.org/A5005338447,Sapna Bisht
https://openalex.org/W4386363607,https://openalex.org/A5040310257,Naveen Chandra Joshi
https://openalex.org/W3151521290,https://openalex.org/A5079436068,Tatwadarshi P. Nagarhalli
https://openalex.org/W3151521290,https://openalex.org/A5061468650,Vinod Moreshwar Vaze
https://openalex.org/W3151521290,https://openalex.org/A5112628364,Nirav Pravinsinh Rana
https://openalex.org/W2970476646,https://openalex.org/A5093091829,Fabio Petroni
https://openalex.org/W2970476646,https://openalex.org/A5079315903,Tim Rocktäschel
https://openalex.org/W2970476646,https://openalex.org/A5101404695,Sebastian Riedel
https://openalex.org/W2970476646,https://openalex.org/A5063377058,Patrick Lewis
https://openalex.org/W2970476646,https://openalex.org/A5024680544,Anton Bakhtin
https://openalex.org/W2970476646,https://openalex.org/A5011141204,Yuxiang Wu
https://openalex.org/W2970476646,https://openalex.org/A5055701014,Alexander Miller
https://openalex.org/W2012688710,https://openalex.org/A5107413159,Eneida A. Mendonça
https://openalex.org/W2012688710,https://openalex.org/A5112576960,Janet Haas
https://openalex.org/W2012688710,https://openalex.org/A5008364378,Lyudmila Shagina
https://openalex.org/W2012688710,https://openalex.org/A5028913010,Elaine Larson
https://openalex.org/W2012688710,https://openalex.org/A5109277899,Carol Friedman
https://openalex.org/W2415378597,https://openalex.org/A5087067510,Rodrigo Agerri
https://openalex.org/W2415378597,https://openalex.org/A5028196038,Zuhaitz Beloki
https://openalex.org/W2415378597,https://openalex.org/A5073264941,Germán Rigau
https://openalex.org/W2415378597,https://openalex.org/A5053230169,Aitor Soroa
https://openalex.org/W2119287989,https://openalex.org/A5008208316,Kam‐Fai Wong
https://openalex.org/W2119287989,https://openalex.org/A5100408983,Wenjie Li
https://openalex.org/W2119287989,https://openalex.org/A5018149714,Ruifeng Xu
https://openalex.org/W2119287989,https://openalex.org/A5065138875,Zhengsheng Zhang
https://openalex.org/W2625880233,https://openalex.org/A5062893408,Olga V. Patterson
https://openalex.org/W2625880233,https://openalex.org/A5026540715,Matthew S. Freiberg
https://openalex.org/W2625880233,https://openalex.org/A5062616777,Melissa Skanderson
https://openalex.org/W2625880233,https://openalex.org/A5025703949,Samah Jamal Fodeh
https://openalex.org/W2625880233,https://openalex.org/A5038171056,Cynthia Brandt
https://openalex.org/W2625880233,https://openalex.org/A5037435182,Scott L. DuVall
https://openalex.org/W3213226375,https://openalex.org/A5050447573,Chahat Raj
https://openalex.org/W3213226375,https://openalex.org/A5112724938,Ayush Agarwal
https://openalex.org/W3213226375,https://openalex.org/A5067341352,Gnana K. Bharathy
https://openalex.org/W3213226375,https://openalex.org/A5087191546,Bhuva Narayan
https://openalex.org/W3213226375,https://openalex.org/A5006355592,Mukesh Prasad
https://openalex.org/W2002969368,https://openalex.org/A5006721038,Elizabeth D. Liddy
https://openalex.org/W140981346,https://openalex.org/A5090784194,Peter Bosch
https://openalex.org/W140981346,https://openalex.org/A5009717908,Rob van der Sandt
https://openalex.org/W4318586794,https://openalex.org/A5049792449,Dirk Hartung
https://openalex.org/W4318586794,https://openalex.org/A5138484748,Daniel Martin Katz
https://openalex.org/W4318586794,https://openalex.org/A5085629068,Michael James Bommarito
https://openalex.org/W4318586794,https://openalex.org/A5083535992,Lauritz Gerlach
https://openalex.org/W4318586794,https://openalex.org/A5043644924,Abhik Jana
https://openalex.org/W4318586794,https://openalex.org/A5014761172,Jerrold Soh
https://openalex.org/W2294764339,https://openalex.org/A5084517393,Nizar Y. Habash
https://openalex.org/W4212902066,https://openalex.org/A5100320723,Zhiyuan Liu
https://openalex.org/W4212902066,https://openalex.org/A5043098453,Yankai Lin
https://openalex.org/W4212902066,https://openalex.org/A5046448314,Maosong Sun
https://openalex.org/W4320736940,https://openalex.org/A5055820409,P. William
https://openalex.org/W4320736940,https://openalex.org/A5076783748,Anurag Shrivastava
https://openalex.org/W4320736940,https://openalex.org/A5008192423,Premanand Singh Chauhan
https://openalex.org/W4320736940,https://openalex.org/A5056730637,Mudasir Raja
https://openalex.org/W4320736940,https://openalex.org/A5063369276,Sudhir Baijnath Ojha
https://openalex.org/W4320736940,https://openalex.org/A5001526575,Keshav Kumar
https://openalex.org/W2887597838,https://openalex.org/A5040248789,Jinhua Dou
https://openalex.org/W2887597838,https://openalex.org/A5072850755,Jingyan Qin
https://openalex.org/W2887597838,https://openalex.org/A5101481925,Zanxia Jin
https://openalex.org/W2887597838,https://openalex.org/A5115076694,Zhuang Li
https://openalex.org/W3146248749,https://openalex.org/A5081660581,Dastan Hussen Maulud
https://openalex.org/W3146248749,https://openalex.org/A5087996799,Subhi R. M. Zeebaree
https://openalex.org/W3146248749,https://openalex.org/A5058552366,Karwan Jacksi
https://openalex.org/W3146248749,https://openalex.org/A5081282313,Mohammed A. M. Sadeeq
https://openalex.org/W3146248749,https://openalex.org/A5076141199,Karzan Hussein Sharif
https://openalex.org/W2577646479,https://openalex.org/A5056159004,Richard Jackson
https://openalex.org/W2577646479,https://openalex.org/A5017225816,Rashmi Patel
https://openalex.org/W2577646479,https://openalex.org/A5023332099,Nishamali Jayatilleke
https://openalex.org/W2577646479,https://openalex.org/A5056433148,Anna Kolliakou
https://openalex.org/W2577646479,https://openalex.org/A5113712924,Michael Ball
https://openalex.org/W2577646479,https://openalex.org/A5081967853,Genevieve Gorrell
https://openalex.org/W2577646479,https://openalex.org/A5083249843,Angus Roberts
https://openalex.org/W2577646479,https://openalex.org/A5066918469,Richard Dobson
https://openalex.org/W2577646479,https://openalex.org/A5067147989,Robert Stewart
https://openalex.org/W3210471448,https://openalex.org/A5006691352,Meghan Reading Turchioe
https://openalex.org/W3210471448,https://openalex.org/A5043802710,Alexander Volodarskiy
https://openalex.org/W3210471448,https://openalex.org/A5051691741,Jyotishman Pathak
https://openalex.org/W3210471448,https://openalex.org/A5067831441,Drew Wright
https://openalex.org/W3210471448,https://openalex.org/A5084989826,James Enlou Tcheng
https://openalex.org/W3210471448,https://openalex.org/A5024025955,David J. Slotwiner
https://openalex.org/W2138389163,https://openalex.org/A5059946729,Philip Resnik
https://openalex.org/W1968848598,https://openalex.org/A5062221063,Kevin Bretonnel Cohen
https://openalex.org/W1968848598,https://openalex.org/A5067047360,Philip V. Ogren
https://openalex.org/W1968848598,https://openalex.org/A5025186051,Lynne M. Fox
https://openalex.org/W1968848598,https://openalex.org/A5041860080,Lawrence Hunter
https://openalex.org/W2239231358,https://openalex.org/A5012812619,Eugene Tseytlin
https://openalex.org/W2239231358,https://openalex.org/A5082858330,Kevin J. Mitchell
https://openalex.org/W2239231358,https://openalex.org/A5033354061,Elizabeth A Legowski
https://openalex.org/W2239231358,https://openalex.org/A5039538804,Julia Corrigan
https://openalex.org/W2239231358,https://openalex.org/A5017905880,Girish Chavan
https://openalex.org/W2239231358,https://openalex.org/A5081418305,Rebecca S. Jacobson
https://openalex.org/W2162233306,https://openalex.org/A5073347679,Zhiqiang Zeng
https://openalex.org/W2162233306,https://openalex.org/A5073711572,Hua Wang Shi
https://openalex.org/W2162233306,https://openalex.org/A5101472686,Yun Wu
https://openalex.org/W2162233306,https://openalex.org/A5103219981,Zhiling Hong
https://openalex.org/W3023401576,https://openalex.org/A5088533832,Mohammed Bahja
https://openalex.org/W2518663325,https://openalex.org/A5029838070,Thomas H. McCoy
https://openalex.org/W2518663325,https://openalex.org/A5055125808,Víctor M. Castro
https://openalex.org/W2518663325,https://openalex.org/A5110443949,Ashlee M Roberson
https://openalex.org/W2518663325,https://openalex.org/A5077245636,Leslie A. Snapper
https://openalex.org/W2518663325,https://openalex.org/A5064278484,Roy H. Perlis
https://openalex.org/W3135053409,https://openalex.org/A5074738734,Ishitva Awasthi
https://openalex.org/W3135053409,https://openalex.org/A5078371616,Kuntal Gupta
https://openalex.org/W3135053409,https://openalex.org/A5025445057,Prabjot Singh Bhogal
https://openalex.org/W3135053409,https://openalex.org/A5042025562,Sahejpreet Singh Anand
https://openalex.org/W3135053409,https://openalex.org/A5002466146,Piyush Soni
https://openalex.org/W2491030916,https://openalex.org/A5024956640,William J. Zeng
https://openalex.org/W2491030916,https://openalex.org/A5016374907,Bob Coecke
https://openalex.org/W2136552597,https://openalex.org/A5111731890,Henk Harkema
https://openalex.org/W2136552597,https://openalex.org/A5065170642,Wendy W. Chapman
https://openalex.org/W2136552597,https://openalex.org/A5088410690,Melissa I. Saul
https://openalex.org/W2136552597,https://openalex.org/A5012642973,Evan S. Dellon
https://openalex.org/W2136552597,https://openalex.org/A5073098968,Robert E. Schoen
https://openalex.org/W2136552597,https://openalex.org/A5089231171,Ateev Mehrotra
https://openalex.org/W2778732622,https://openalex.org/A5014602642,Naveed Afzal
https://openalex.org/W2778732622,https://openalex.org/A5057012742,Vishnu Priya Mallipeddi
https://openalex.org/W2778732622,https://openalex.org/A5063986559,Sunghwan Sohn
https://openalex.org/W2778732622,https://openalex.org/A5101585391,Hongfang Liu
https://openalex.org/W2778732622,https://openalex.org/A5023366156,Rajeev Chaudhry
https://openalex.org/W2778732622,https://openalex.org/A5085699345,Christopher G. Scott
https://openalex.org/W2778732622,https://openalex.org/A5065025844,Iftikhar J. Kullo
https://openalex.org/W2778732622,https://openalex.org/A5067384989,Adelaide Maria Arruda-Olson
https://openalex.org/W2525381941,https://openalex.org/A5007428862,Benjamin Lê Cook
https://openalex.org/W2525381941,https://openalex.org/A5025980865,Ana Maria Progovac
https://openalex.org/W2525381941,https://openalex.org/A5100326679,Pei Chen
https://openalex.org/W2525381941,https://openalex.org/A5075313813,Brian O. Mullin
https://openalex.org/W2525381941,https://openalex.org/A5057802747,Sherry Shu‐Yeu Hou
https://openalex.org/W2525381941,https://openalex.org/A5074940440,Enrique Baca‐García
https://openalex.org/W2755889034,https://openalex.org/A5012910570,Kanchan M.Tarwani
https://openalex.org/W2755889034,https://openalex.org/A5052373216,Swathi Edem
https://openalex.org/W2892024857,https://openalex.org/A5067230761,Taweh Beysolow
https://openalex.org/W3032746405,https://openalex.org/A5080300851,Ossama Obeid
https://openalex.org/W3032746405,https://openalex.org/A5089887413,Nasser Zalmout
https://openalex.org/W3032746405,https://openalex.org/A5019390269,Salam Khalifa
https://openalex.org/W3032746405,https://openalex.org/A5015963007,Dima Taji
https://openalex.org/W3032746405,https://openalex.org/A5004797241,Mai Oudah
https://openalex.org/W3032746405,https://openalex.org/A5090727579,Bashar Alhafni
https://openalex.org/W3032746405,https://openalex.org/A5042049616,Go Inoue
https://openalex.org/W3032746405,https://openalex.org/A5043599887,Fadhl Eryani
https://openalex.org/W3032746405,https://openalex.org/A5056150502,Alexander Erdmann
https://openalex.org/W3032746405,https://openalex.org/A5084517393,Nizar Y. Habash
https://openalex.org/W2055032581,https://openalex.org/A5067214173,Karin M. Verspoor
https://openalex.org/W2055032581,https://openalex.org/A5062221063,Kevin Bretonnel Cohen
https://openalex.org/W2055032581,https://openalex.org/A5022600328,Arrick Lanfranchi
https://openalex.org/W2055032581,https://openalex.org/A5083530830,Colin Warner
https://openalex.org/W2055032581,https://openalex.org/A5017417252,Helen Louise Johnson
https://openalex.org/W2055032581,https://openalex.org/A5008626087,Christophe Roeder
https://openalex.org/W2055032581,https://openalex.org/A5104310998,Jinho D. Choi
https://openalex.org/W2055032581,https://openalex.org/A5033755985,Christopher Funk
https://openalex.org/W2055032581,https://openalex.org/A5043209435,Yuriy Malenkiy
https://openalex.org/W2055032581,https://openalex.org/A5109167532,Miriam Eckert
https://openalex.org/W2055032581,https://openalex.org/A5036715761,Nianwen Xue
https://openalex.org/W2055032581,https://openalex.org/A5111881812,William A. Baumgartner
https://openalex.org/W2055032581,https://openalex.org/A5083125835,Michael Bada
https://openalex.org/W2055032581,https://openalex.org/A5017464054,Martha Stone Palmer
https://openalex.org/W2055032581,https://openalex.org/A5041860080,Lawrence Hunter
https://openalex.org/W2066393862,https://openalex.org/A5055117172,Jim Barnett
https://openalex.org/W2066393862,https://openalex.org/A5106821597,Kevin K. Knight
https://openalex.org/W2066393862,https://openalex.org/A5006527903,Inderjeet Mani
https://openalex.org/W2066393862,https://openalex.org/A5089344819,Elaine A. Rich
https://openalex.org/W1972978393,https://openalex.org/A5109277899,Carol Friedman
https://openalex.org/W1972978393,https://openalex.org/A5046137010,Thomas C. Rindflesch
https://openalex.org/W1972978393,https://openalex.org/A5108351186,M Corn
https://openalex.org/W2560569441,https://openalex.org/A5055125808,Víctor M. Castro
https://openalex.org/W2560569441,https://openalex.org/A5054031099,Dmitriy Dligach
https://openalex.org/W2560569441,https://openalex.org/A5059395539,Sean Finan
https://openalex.org/W2560569441,https://openalex.org/A5040501126,Sheng Yu
https://openalex.org/W2560569441,https://openalex.org/A5076074199,Anil Can
https://openalex.org/W2560569441,https://openalex.org/A5046849337,Muhammad M. Abd‐El‐Barr
https://openalex.org/W2560569441,https://openalex.org/A5087506527,Vivian S. Gainer
https://openalex.org/W2560569441,https://openalex.org/A5081306729,Nancy A. Shadick
https://openalex.org/W2560569441,https://openalex.org/A5087242254,Shawn N. Murphy
https://openalex.org/W2560569441,https://openalex.org/A5078003862,Tianxi Cai
https://openalex.org/W2560569441,https://openalex.org/A5087865794,Guergana Savova
https://openalex.org/W2560569441,https://openalex.org/A5073763243,Scott T. Weiss
https://openalex.org/W2560569441,https://openalex.org/A5091571323,Rose Du
https://openalex.org/W2271840356,https://openalex.org/A5109387322,Martı́n Abadi
https://openalex.org/W2271840356,https://openalex.org/A5027820479,Ashish Agarwal
https://openalex.org/W2271840356,https://openalex.org/A5110193634,Paul Barham
https://openalex.org/W2271840356,https://openalex.org/A5047736127,Eugene Brevdo
https://openalex.org/W2271840356,https://openalex.org/A5100715424,Zhifeng Chen
https://openalex.org/W2271840356,https://openalex.org/A5069624169,Craig Citro
https://openalex.org/W2271840356,https://openalex.org/A5066927687,Gregory S. Corrado
https://openalex.org/W2271840356,https://openalex.org/A5068599616,Andy Davis
https://openalex.org/W2271840356,https://openalex.org/A5043872671,Jay B. Dean
https://openalex.org/W2271840356,https://openalex.org/A5004386681,Matthieu Devin
https://openalex.org/W2271840356,https://openalex.org/A5012998255,Sanjay Ghemawat
https://openalex.org/W2271840356,https://openalex.org/A5004271128,Ian Goodfellow
https://openalex.org/W2271840356,https://openalex.org/A5064042510,Andrew G. Harp
https://openalex.org/W2271840356,https://openalex.org/A5029611587,Geoffrey Irving
https://openalex.org/W2271840356,https://openalex.org/A5089543053,Michael Isard
https://openalex.org/W2271840356,https://openalex.org/A5110220840,Yangqing Jia
https://openalex.org/W2271840356,https://openalex.org/A5067370075,Rafał Józefowicz
https://openalex.org/W2271840356,https://openalex.org/A5031789995,Łukasz Kaiser
https://openalex.org/W2271840356,https://openalex.org/A5000650022,Manjunath Kudlur
https://openalex.org/W2271840356,https://openalex.org/A5009510257,Josh Levenberg
https://openalex.org/W2271840356,https://openalex.org/A5045113162,Dan Mané
https://openalex.org/W2271840356,https://openalex.org/A5024140027,Rajat Monga
https://openalex.org/W2271840356,https://openalex.org/A5063771762,Sherry Moore
https://openalex.org/W2271840356,https://openalex.org/A5067335143,Derek Gordon Murray
https://openalex.org/W2271840356,https://openalex.org/A5039751155,Chris Olah
https://openalex.org/W2271840356,https://openalex.org/A5113452656,Mike Schuster
https://openalex.org/W2271840356,https://openalex.org/A5032356827,Jonathon Shlens
https://openalex.org/W2271840356,https://openalex.org/A5028992619,Benoit Steiner
https://openalex.org/W2271840356,https://openalex.org/A5006446297,Ilya Sutskever
https://openalex.org/W2271840356,https://openalex.org/A5080065269,Kunal Talwar
https://openalex.org/W2271840356,https://openalex.org/A5016586245,Paul Arthur Tucker
https://openalex.org/W2271840356,https://openalex.org/A5013813527,Vincent Vanhoucke
https://openalex.org/W2271840356,https://openalex.org/A5004650249,Vijay Vasudevan
https://openalex.org/W2271840356,https://openalex.org/A5059594867,Fernanda Viégas
https://openalex.org/W2271840356,https://openalex.org/A5003562101,Oriol Vinyals
https://openalex.org/W2271840356,https://openalex.org/A5014405928,Pete Warden
https://openalex.org/W2271840356,https://openalex.org/A5039276358,MARTIN P. WATTENBERG
https://openalex.org/W2271840356,https://openalex.org/A5080764662,Martin Wicke
https://openalex.org/W2271840356,https://openalex.org/A5104075606,Yuan Yu
https://openalex.org/W2271840356,https://openalex.org/A5102988664,Xiaoqiang Zheng
https://openalex.org/W2978315017,https://openalex.org/A5051521202,Ian James Bruce Young
https://openalex.org/W2978315017,https://openalex.org/A5060851208,Saturnino F. Luz
https://openalex.org/W2978315017,https://openalex.org/A5084080194,Nazir Lone
https://openalex.org/W3202088367,https://openalex.org/A5061781904,Bill Lin
https://openalex.org/W3202088367,https://openalex.org/A5003518978,Chaoyang He
https://openalex.org/W3202088367,https://openalex.org/A5098312990,Zihang Ze
https://openalex.org/W3202088367,https://openalex.org/A5107931343,H. Wang
https://openalex.org/W3202088367,https://openalex.org/A5110804605,Y Hua
https://openalex.org/W3202088367,https://openalex.org/A5029989351,Christophe Dupuy
https://openalex.org/W3202088367,https://openalex.org/A5075937808,Rahul Gupta
https://openalex.org/W3202088367,https://openalex.org/A5046962187,Mahdi Soltanolkotabi
https://openalex.org/W3202088367,https://openalex.org/A5009408707,Xiang Ren
https://openalex.org/W3202088367,https://openalex.org/A5112726818,Salman Avestimehr
https://openalex.org/W4403819970,https://openalex.org/A5103108962,Kelvin Du
https://openalex.org/W4403819970,https://openalex.org/A5062187850,Rui Mao
https://openalex.org/W4403819970,https://openalex.org/A5024877482,Frank Xing
https://openalex.org/W4403819970,https://openalex.org/A5100752356,Erik Cambria
https://openalex.org/W4362640271,https://openalex.org/A5014921627,Pranav Shetty
https://openalex.org/W4362640271,https://openalex.org/A5080174339,Arunkumar Chitteth Rajan
https://openalex.org/W4362640271,https://openalex.org/A5114046395,Chris Kuenneth
https://openalex.org/W4362640271,https://openalex.org/A5046413350,Sonakshi Gupta
https://openalex.org/W4362640271,https://openalex.org/A5051263303,Lakshmi Prerana Panchumarti
https://openalex.org/W4362640271,https://openalex.org/A5034450419,Lauren Holm
https://openalex.org/W4362640271,https://openalex.org/A5100460199,Chao Zhang
https://openalex.org/W4362640271,https://openalex.org/A5031952600,Rampi Ramprasad
https://openalex.org/W2954276333,https://openalex.org/A5033807038,Arjan S. Gosal
https://openalex.org/W2954276333,https://openalex.org/A5015754643,Ilse R. Geijzendorffer
https://openalex.org/W2954276333,https://openalex.org/A5081324626,Tomáš Václavík
https://openalex.org/W2954276333,https://openalex.org/A5063125995,Brigitte Poulin
https://openalex.org/W243270425,https://openalex.org/A5105234925,Peter H. Greene
https://openalex.org/W3035620341,https://openalex.org/A5066231807,Nikita Klyuchnikov
https://openalex.org/W3035620341,https://openalex.org/A5001714982,Ilya Trofimov
https://openalex.org/W3035620341,https://openalex.org/A5071539494,Ekaterina Artemova
https://openalex.org/W3035620341,https://openalex.org/A5029480565,Mikhail Salnikov
https://openalex.org/W3035620341,https://openalex.org/A5014755535,Maxim V. Fedorov
https://openalex.org/W3035620341,https://openalex.org/A5101893506,Alexander Filippov
https://openalex.org/W3035620341,https://openalex.org/A5088950452,Evgeny Vladimirovich Burnaev
https://openalex.org/W2887768933,https://openalex.org/A5069668107,Kaiji Lu
https://openalex.org/W2887768933,https://openalex.org/A5030425946,Piotr Mardziel
https://openalex.org/W2887768933,https://openalex.org/A5023462911,Fang–Jing Wu
https://openalex.org/W2887768933,https://openalex.org/A5048660554,Preetam Amancharla
https://openalex.org/W2887768933,https://openalex.org/A5111177928,Anupam Datta
https://openalex.org/W2805695644,https://openalex.org/A5030427973,Charu Khosla Gupta
https://openalex.org/W2805695644,https://openalex.org/A5019254531,Amita Jain
https://openalex.org/W2805695644,https://openalex.org/A5037247181,Nisheeth Joshi
https://openalex.org/W3116095116,https://openalex.org/A5071473719,Valerio Basile
https://openalex.org/W3116095116,https://openalex.org/A5041324718,Danilo Croce
https://openalex.org/W3116095116,https://openalex.org/A5049404336,Maria Di Maro
https://openalex.org/W3116095116,https://openalex.org/A5036553930,Lucia Passaro
https://openalex.org/W2890931798,https://openalex.org/A5066945309,Khaled F. Shaalan
https://openalex.org/W2890931798,https://openalex.org/A5080302837,Sanjeera Siddiqui
https://openalex.org/W2890931798,https://openalex.org/A5064980969,Manar Alkhatib
https://openalex.org/W2890931798,https://openalex.org/A5020652383,Azza Abdel Monem
https://openalex.org/W2112648537,https://openalex.org/A5005020376,Daniel Marcu
https://openalex.org/W2112648537,https://openalex.org/A5032905555,Harold Charles Daume
https://openalex.org/W2783913644,https://openalex.org/A5019272166,Cyril Joe Baby
https://openalex.org/W2783913644,https://openalex.org/A5070479433,Faizan Ayyub Khan
https://openalex.org/W2783913644,https://openalex.org/A5107947284,J Swathi
https://openalex.org/W2964732384,https://openalex.org/A5039587195,Zafer Al-Makhadmeh
https://openalex.org/W2964732384,https://openalex.org/A5004131475,Amr Kamal Rabea Tolba
https://openalex.org/W1984739144,https://openalex.org/A5028338673,Scott A. Crossley
https://openalex.org/W1984739144,https://openalex.org/A5034122103,Laura Kristen Allen
https://openalex.org/W1984739144,https://openalex.org/A5026166820,Kristopher Kyle
https://openalex.org/W1984739144,https://openalex.org/A5081661094,Danielle S. McNamara
https://openalex.org/W3182230372,https://openalex.org/A5074484800,Emre Mumcuoğlu
https://openalex.org/W3182230372,https://openalex.org/A5079833775,Ceyhun Emre Öztürk
https://openalex.org/W3182230372,https://openalex.org/A5102938177,Haldun M. Özaktaş
https://openalex.org/W3182230372,https://openalex.org/A5062231547,Aykut Koç
https://openalex.org/W2030910246,https://openalex.org/A5009120208,Farhad Soleimanian Gharehchopogh
https://openalex.org/W2030910246,https://openalex.org/A5045577964,Zeynab Abbasi Khalifelu
https://openalex.org/W2953019443,https://openalex.org/A5074154229,Nicholas William Sterling
https://openalex.org/W2953019443,https://openalex.org/A5021199545,Rachel E. Patzer
https://openalex.org/W2953019443,https://openalex.org/A5075066496,Mengyu Di
https://openalex.org/W2953019443,https://openalex.org/A5038283823,Justin D. Schrager
https://openalex.org/W3196359847,https://openalex.org/A5024412496,Xiayuan Feng
https://openalex.org/W3196359847,https://openalex.org/A5026702753,Yiyang Dai
https://openalex.org/W3196359847,https://openalex.org/A5039631808,Xu Ji
https://openalex.org/W3196359847,https://openalex.org/A5108411793,Li Peng Zhou
https://openalex.org/W3196359847,https://openalex.org/A5087856359,Yagu Dang
https://openalex.org/W2973131549,https://openalex.org/A5075246797,Estela Saquete
https://openalex.org/W2973131549,https://openalex.org/A5014858583,David Tomás
https://openalex.org/W2973131549,https://openalex.org/A5057843133,Paloma Moreda
https://openalex.org/W2973131549,https://openalex.org/A5029065205,Patricio Martínez-Barco
https://openalex.org/W2973131549,https://openalex.org/A5030733421,Manuel Palomar
https://openalex.org/W1523813553,https://openalex.org/A5046596285,Nilesh Jain
https://openalex.org/W1523813553,https://openalex.org/A5109165698,C Friedman
https://openalex.org/W2834475042,https://openalex.org/A5049701126,Alexander F. Gelbukh
https://openalex.org/W53998823,https://openalex.org/A5046991971,Gary G. Herdrix
https://openalex.org/W2476701415,https://openalex.org/A5090506185,NOEL E. SHARKEY
https://openalex.org/W2911265970,https://openalex.org/A5100319572,Jiajun Zhang
https://openalex.org/W2911265970,https://openalex.org/A5015785439,Chengqing Zong
https://openalex.org/W1519936037,https://openalex.org/A5018230694,Eric Brill
https://openalex.org/W2882640,https://openalex.org/A5091772350,Christopher Geib
https://openalex.org/W2882640,https://openalex.org/A5055023881,Mark J. Steedman
https://openalex.org/W2958529963,https://openalex.org/A5032549186,Deepa Yogish
https://openalex.org/W2958529963,https://openalex.org/A5005178822,T N Manjunath
https://openalex.org/W2958529963,https://openalex.org/A5070470875,Ravindra S. Hegadi
https://openalex.org/W2780799698,https://openalex.org/A5035328520,Akanksha Rai Sharma
https://openalex.org/W2780799698,https://openalex.org/A5081416850,Pranav Kaushik
https://openalex.org/W3089246671,https://openalex.org/A5084321238,James Henderson
https://openalex.org/W3127800866,https://openalex.org/A5084993727,Babita Pandey
https://openalex.org/W3127800866,https://openalex.org/A5061778868,Devendra Kumar Pandey
https://openalex.org/W3127800866,https://openalex.org/A5112495779,Brijendra Pratap Mishra
https://openalex.org/W3127800866,https://openalex.org/A5050253830,Wasiur Rhmann
https://openalex.org/W3004561114,https://openalex.org/A5039046694,Faizan Ahmad
https://openalex.org/W3004561114,https://openalex.org/A5016943900,Ahmed Abbasi
https://openalex.org/W3004561114,https://openalex.org/A5100338410,Jingjing Li
https://openalex.org/W3004561114,https://openalex.org/A5006686080,David G. Dobolyi
https://openalex.org/W3004561114,https://openalex.org/A5017416692,Richard G. Netemeyer
https://openalex.org/W3004561114,https://openalex.org/A5048842509,Gari D. Clifford
https://openalex.org/W3004561114,https://openalex.org/A5109924510,Hsinchun Chen
https://openalex.org/W2746582091,https://openalex.org/A5039200228,Vilém Novák
https://openalex.org/W3124863924,https://openalex.org/A5023687349,Nicollas Rodrigues de Oliveira
https://openalex.org/W3124863924,https://openalex.org/A5016297628,Pedro Silveira Pisa
https://openalex.org/W3124863924,https://openalex.org/A5025235658,Martin Andreoni Lopez
https://openalex.org/W3124863924,https://openalex.org/A5055579099,Dianne S. V. Medeiros
https://openalex.org/W3124863924,https://openalex.org/A5076412136,Diogo M. F. Mattos
https://openalex.org/W4312113143,https://openalex.org/A5043821806,Honghan Wu
https://openalex.org/W4312113143,https://openalex.org/A5025000366,Minhong Wang
https://openalex.org/W4312113143,https://openalex.org/A5044294714,Jinge Wu
https://openalex.org/W4312113143,https://openalex.org/A5081095194,Farah Francis
https://openalex.org/W4312113143,https://openalex.org/A5009796911,Yun‐Hsuan Chang
https://openalex.org/W4312113143,https://openalex.org/A5076023812,Alex Shavick
https://openalex.org/W4312113143,https://openalex.org/A5035163413,Hang Dong
https://openalex.org/W4312113143,https://openalex.org/A5050685415,Michael T. C. Poon
https://openalex.org/W4312113143,https://openalex.org/A5108050230,Natalie K. Fitzpatrick
https://openalex.org/W4312113143,https://openalex.org/A5087491333,Adam P. Levine
https://openalex.org/W4312113143,https://openalex.org/A5064709498,Luke T. Slater
https://openalex.org/W4312113143,https://openalex.org/A5036600654,Álex Handy
https://openalex.org/W4312113143,https://openalex.org/A5026210150,Andreas Karwath
https://openalex.org/W4312113143,https://openalex.org/A5089900113,Georgios V. Gkoutos
https://openalex.org/W4312113143,https://openalex.org/A5072249752,Claude Chelala
https://openalex.org/W4312113143,https://openalex.org/A5070940290,Anoop D Shah
https://openalex.org/W4312113143,https://openalex.org/A5067147989,Robert Stewart
https://openalex.org/W4312113143,https://openalex.org/A5073413742,Nigel Collier
https://openalex.org/W4312113143,https://openalex.org/A5043179000,Beatrice Alex
https://openalex.org/W4312113143,https://openalex.org/A5058224218,William N. Whiteley
https://openalex.org/W4312113143,https://openalex.org/A5081850154,Cathie L. M. Sudlow
https://openalex.org/W4312113143,https://openalex.org/A5083249843,Angus Roberts
https://openalex.org/W4312113143,https://openalex.org/A5066918469,Richard Dobson
https://openalex.org/W2495120132,https://openalex.org/A5055970499,Gerard Burger
https://openalex.org/W2495120132,https://openalex.org/A5075388940,Ameen Abu–Hanna
https://openalex.org/W2495120132,https://openalex.org/A5040614650,Nicolette F. de Keizer
https://openalex.org/W2495120132,https://openalex.org/A5017129044,Ronald Cornet
https://openalex.org/W4385573017,https://openalex.org/A5101677227,Zhisong Zhang
https://openalex.org/W4385573017,https://openalex.org/A5051203366,Emma Strubell
https://openalex.org/W4385573017,https://openalex.org/A5060225743,Eduard H. Hovy
https://openalex.org/W3166016508,https://openalex.org/A5011825081,Lingfei Wu
https://openalex.org/W3166016508,https://openalex.org/A5100762488,Yu Chen
https://openalex.org/W3166016508,https://openalex.org/A5114858716,Kai Shen
https://openalex.org/W3166016508,https://openalex.org/A5101930629,Xiaojie Guo
https://openalex.org/W3166016508,https://openalex.org/A5078899354,Hanning Gao
https://openalex.org/W3166016508,https://openalex.org/A5026231038,Shucheng Li
https://openalex.org/W3166016508,https://openalex.org/A5062247330,Jian Pei
https://openalex.org/W3166016508,https://openalex.org/A5101920986,Bo Long
https://openalex.org/W2776173802,https://openalex.org/A5084642992,Sheela Pandey
https://openalex.org/W2167831055,https://openalex.org/A5025902192,Bill Manaris
https://openalex.org/W2101234009,https://openalex.org/A5105141183,Fabián Pedregosa
https://openalex.org/W2101234009,https://openalex.org/A5074733625,Gaël Varoquaux
https://openalex.org/W2101234009,https://openalex.org/A5018256474,Alexandre Gramfort
https://openalex.org/W2101234009,https://openalex.org/A5027430303,Vincent Michel
https://openalex.org/W2101234009,https://openalex.org/A5026762833,Bertrand Thirion
https://openalex.org/W2101234009,https://openalex.org/A5112700874,Olivier Grisel
https://openalex.org/W2101234009,https://openalex.org/A5049123454,Mathieu Blondel
https://openalex.org/W2101234009,https://openalex.org/A5088660184,Peter Prettenhofer
https://openalex.org/W2101234009,https://openalex.org/A5103273436,Ron J. Weiss
https://openalex.org/W2101234009,https://openalex.org/A5031324436,Vincent Dubourg
https://openalex.org/W2101234009,https://openalex.org/A5038304150,Jake Vanderplas
https://openalex.org/W2101234009,https://openalex.org/A5034029772,Alexandre Passos
https://openalex.org/W2101234009,https://openalex.org/A5023051838,David Cournapeau
https://openalex.org/W2101234009,https://openalex.org/A5050910015,Matthieu Brucher
https://openalex.org/W2101234009,https://openalex.org/A5107933380,Matthieu Perrot
https://openalex.org/W2101234009,https://openalex.org/A5007095962,Édouard Duchesnay
https://openalex.org/W2125055259,https://openalex.org/A5110271944,J. R. Quinlan
https://openalex.org/W3120740533,https://openalex.org/A5011959718,Arthur Asuncion
https://openalex.org/W1570448133,https://openalex.org/A5045934263,Ian H. Witten
https://openalex.org/W1570448133,https://openalex.org/A5059992863,Eibe Frank
https://openalex.org/W1570448133,https://openalex.org/A5065290010,Mark A. Hall
https://openalex.org/W1639032689,https://openalex.org/A5110057218,David E. Goldberg
https://openalex.org/W1639032689,https://openalex.org/A5141802693,David Robson
https://openalex.org/W1901616594,https://openalex.org/A5049812527,Michael I. Jordan
https://openalex.org/W1901616594,https://openalex.org/A5102921433,Tom M. Mitchell
https://openalex.org/W1503398984,https://openalex.org/A5103362817,Kevin P. Murphy
https://openalex.org/W1746819321,https://openalex.org/A5108711177,Carl Edward Rasmussen
https://openalex.org/W1746819321,https://openalex.org/A5080713659,Christopher K. I. Williams
https://openalex.org/W3163993681,https://openalex.org/A5009658255,George Em Karniadakis
https://openalex.org/W3163993681,https://openalex.org/A5036566464,Ioannis G. Kevrekidis
https://openalex.org/W3163993681,https://openalex.org/A5100366029,Lu Lu
https://openalex.org/W3163993681,https://openalex.org/A5002562845,Paris Perdikaris
https://openalex.org/W3163993681,https://openalex.org/A5101476623,Sifan Wang
https://openalex.org/W3163993681,https://openalex.org/A5100760787,Liu Yang
https://openalex.org/W2997591727,https://openalex.org/A5001344255,PedregosaFabian
https://openalex.org/W2997591727,https://openalex.org/A5015155577,VaroquauxGaël
https://openalex.org/W2997591727,https://openalex.org/A5082193384,GramfortAlexandre
https://openalex.org/W2997591727,https://openalex.org/A5046730698,MichelVincent
https://openalex.org/W2997591727,https://openalex.org/A5057304980,ThirionBertrand
https://openalex.org/W2997591727,https://openalex.org/A5031085857,GriselOlivier
https://openalex.org/W2997591727,https://openalex.org/A5023292999,BlondelMathieu
https://openalex.org/W2997591727,https://openalex.org/A5088096317,PrettenhoferPeter
https://openalex.org/W2997591727,https://openalex.org/A5083564992,WeissRon
https://openalex.org/W2997591727,https://openalex.org/A5056576127,DubourgVincent
https://openalex.org/W2997591727,https://openalex.org/A5082383435,VanderplasJake
https://openalex.org/W2997591727,https://openalex.org/A5027220078,PassosAlexandre
https://openalex.org/W2997591727,https://openalex.org/A5002306909,CournapeauDavid
https://openalex.org/W2997591727,https://openalex.org/A5026983194,BrucherMatthieu
https://openalex.org/W2997591727,https://openalex.org/A5014917008,PerrotMatthieu
https://openalex.org/W2997591727,https://openalex.org/A5034896968,DuchesnayÉdouard
https://openalex.org/W2084812512,https://openalex.org/A5043442839,Catherine L. Blake
https://openalex.org/W2118020653,https://openalex.org/A5063975186,Fabrizio Sebastiani
https://openalex.org/W2953384591,https://openalex.org/A5109387322,Martı́n Abadi
https://openalex.org/W2953384591,https://openalex.org/A5110193634,Paul Barham
https://openalex.org/W2953384591,https://openalex.org/A5100665512,Jianmin Chen
https://openalex.org/W2953384591,https://openalex.org/A5100715424,Zhifeng Chen
https://openalex.org/W2953384591,https://openalex.org/A5068599616,Andy Davis
https://openalex.org/W2953384591,https://openalex.org/A5043872671,Jay B. Dean
https://openalex.org/W2953384591,https://openalex.org/A5004386681,Matthieu Devin
https://openalex.org/W2953384591,https://openalex.org/A5012998255,Sanjay Ghemawat
https://openalex.org/W2953384591,https://openalex.org/A5029611587,Geoffrey Irving
https://openalex.org/W2953384591,https://openalex.org/A5089543053,Michael Isard
https://openalex.org/W2953384591,https://openalex.org/A5000650022,Manjunath Kudlur
https://openalex.org/W2953384591,https://openalex.org/A5009510257,Josh Levenberg
https://openalex.org/W2953384591,https://openalex.org/A5024140027,Rajat Monga
https://openalex.org/W2953384591,https://openalex.org/A5063771762,Sherry Moore
https://openalex.org/W2953384591,https://openalex.org/A5067335143,Derek Gordon Murray
https://openalex.org/W2953384591,https://openalex.org/A5028992619,Benoit Steiner
https://openalex.org/W2953384591,https://openalex.org/A5016586245,Paul Arthur Tucker
https://openalex.org/W2953384591,https://openalex.org/A5004650249,Vijay Vasudevan
https://openalex.org/W2953384591,https://openalex.org/A5014405928,Pete Warden
https://openalex.org/W2953384591,https://openalex.org/A5080764662,Martin Wicke
https://openalex.org/W2953384591,https://openalex.org/A5104075606,Yuan Yu
https://openalex.org/W2953384591,https://openalex.org/A5102988664,Xiaoqiang Zheng
https://openalex.org/W1534477342,https://openalex.org/A5074537073,Thomas G. Dietterich
https://openalex.org/W2559394418,https://openalex.org/A5079523895,Jacob Biamonte
https://openalex.org/W2559394418,https://openalex.org/A5056277018,Péter Wittek
https://openalex.org/W2559394418,https://openalex.org/A5077715469,Nicola Pancotti
https://openalex.org/W2559394418,https://openalex.org/A5003208881,Patrick Rebentrost
https://openalex.org/W2559394418,https://openalex.org/A5004290683,Nathan Wiebe
https://openalex.org/W2559394418,https://openalex.org/A5038060570,Seth Lloyd
https://openalex.org/W2912213068,https://openalex.org/A5100636286,Qiang Yang
https://openalex.org/W2912213068,https://openalex.org/A5100356161,Yang Liu
https://openalex.org/W2912213068,https://openalex.org/A5068882233,Tianjian Chen
https://openalex.org/W2912213068,https://openalex.org/A5051874566,Yongxin Tong
https://openalex.org/W2131241448,https://openalex.org/A5112347601,Jasper Snoek
https://openalex.org/W2131241448,https://openalex.org/A5019862529,Hugo Larochelle
https://openalex.org/W2131241448,https://openalex.org/A5007769527,Ryan Prescott Adams
https://openalex.org/W2402144811,https://openalex.org/A5109387322,Martı́n Abadi
https://openalex.org/W2402144811,https://openalex.org/A5110193634,Paul Barham
https://openalex.org/W2402144811,https://openalex.org/A5100665512,Jianmin Chen
https://openalex.org/W2402144811,https://openalex.org/A5100715421,Zhifeng Chen
https://openalex.org/W2402144811,https://openalex.org/A5068599616,Andy Davis
https://openalex.org/W2402144811,https://openalex.org/A5043872671,Jay B. Dean
https://openalex.org/W2402144811,https://openalex.org/A5004386681,Matthieu Devin
https://openalex.org/W2402144811,https://openalex.org/A5012998255,Sanjay Ghemawat
https://openalex.org/W2402144811,https://openalex.org/A5029611587,Geoffrey Irving
https://openalex.org/W2402144811,https://openalex.org/A5089543053,Michael Isard
https://openalex.org/W2402144811,https://openalex.org/A5000650022,Manjunath Kudlur
https://openalex.org/W2402144811,https://openalex.org/A5009510257,Josh Levenberg
https://openalex.org/W2402144811,https://openalex.org/A5024140027,Rajat Monga
https://openalex.org/W2402144811,https://openalex.org/A5063771762,Sherry Moore
https://openalex.org/W2402144811,https://openalex.org/A5067335143,Derek Gordon Murray
https://openalex.org/W2402144811,https://openalex.org/A5028992619,Benoit Steiner
https://openalex.org/W2402144811,https://openalex.org/A5016586245,Paul Arthur Tucker
https://openalex.org/W2402144811,https://openalex.org/A5004650249,Vijay Vasudevan
https://openalex.org/W2402144811,https://openalex.org/A5014405928,Pete Warden
https://openalex.org/W2402144811,https://openalex.org/A5080764662,Martin Wicke
https://openalex.org/W2402144811,https://openalex.org/A5104075606,Yuan Yu
https://openalex.org/W2402144811,https://openalex.org/A5102988664,Xiaoqiang Zheng
https://openalex.org/W2969896603,https://openalex.org/A5056269049,Ninareh Mehrabi
https://openalex.org/W2969896603,https://openalex.org/A5002709735,Fred Morstatter
https://openalex.org/W2969896603,https://openalex.org/A5091625866,Nripsuta Ani Saxena
https://openalex.org/W2969896603,https://openalex.org/A5049634383,Kristina Lerman
https://openalex.org/W2969896603,https://openalex.org/A5101715504,Aram Galstyan
https://openalex.org/W2934399013,https://openalex.org/A5022388476,Alvin Rajkomar
https://openalex.org/W2934399013,https://openalex.org/A5043872671,Jay B. Dean
https://openalex.org/W2934399013,https://openalex.org/A5088509061,Isaac S. Kohane
https://openalex.org/W2884430236,https://openalex.org/A5039665389,Keith T. Butler
https://openalex.org/W2884430236,https://openalex.org/A5101879560,Daniel W. Davies
https://openalex.org/W2884430236,https://openalex.org/A5082178535,Hugh Cartwright
https://openalex.org/W2884430236,https://openalex.org/A5011932992,Olexandr Isayev
https://openalex.org/W2884430236,https://openalex.org/A5035797693,Aron Walsh
https://openalex.org/W2155653793,https://openalex.org/A5042053820,Andrew P. Bradley
https://openalex.org/W1506806321,https://openalex.org/A5052891951,Chris Bishop
https://openalex.org/W2009086942,https://openalex.org/A5062571011,Radford M. Neal
https://openalex.org/W1485009520,https://openalex.org/A5091515481,Xingjian Shi
https://openalex.org/W1485009520,https://openalex.org/A5018500051,Zhourong Chen
https://openalex.org/W1485009520,https://openalex.org/A5100663938,Hao Wang
https://openalex.org/W1485009520,https://openalex.org/A5073139380,Dit‐Yan Yeung
https://openalex.org/W1485009520,https://openalex.org/A5101899480,Wai Kin Wong
https://openalex.org/W1485009520,https://openalex.org/A5057734311,Wang‐chun Woo
https://openalex.org/W1502922572,https://openalex.org/A5108711177,Carl Edward Rasmussen
https://openalex.org/W2945976633,https://openalex.org/A5040468715,Cynthia D Rudin
https://openalex.org/W2619383789,https://openalex.org/A5058610902,Tadas Baltrušaitis
https://openalex.org/W2619383789,https://openalex.org/A5050602513,Chaitanya Ahuja
https://openalex.org/W2619383789,https://openalex.org/A5081398601,Louis‐Philippe Morency
https://openalex.org/W2913668833,https://openalex.org/A5051617344,William W. Cohen
https://openalex.org/W2913668833,https://openalex.org/A5107835063,Andrew McCallum
https://openalex.org/W2913668833,https://openalex.org/A5003010184,Sam T. Roweis
https://openalex.org/W2149684865,https://openalex.org/A5014687727,Thorsten Joachims
https://openalex.org/W114517082,https://openalex.org/A5019206666,Léon Bottou
https://openalex.org/W2177870565,https://openalex.org/A5026141445,Rahul C. Deo
https://openalex.org/W3135028703,https://openalex.org/A5055312229,Iqbal H. Sarker
https://openalex.org/W1680797894,https://openalex.org/A5015779172,Claude Sammut
https://openalex.org/W1680797894,https://openalex.org/A5058054791,Geoffrey I. Webb
https://openalex.org/W2750384547,https://openalex.org/A5075846365,Kashif Rasul
https://openalex.org/W2750384547,https://openalex.org/A5011375551,Roland Vollgraf
https://openalex.org/W2885770726,https://openalex.org/A5085282864,Konstantinos G. Liakos
https://openalex.org/W2885770726,https://openalex.org/A5059581084,Patrizia Busato
https://openalex.org/W2885770726,https://openalex.org/A5047144831,Dimitrios Moshou
https://openalex.org/W2885770726,https://openalex.org/A5018447003,Simon Pearson
https://openalex.org/W2885770726,https://openalex.org/A5073592501,Dionysis Bochtis
https://openalex.org/W4236362309,https://openalex.org/A5078263052,Shai Shalev‐Shwartz
https://openalex.org/W4236362309,https://openalex.org/A5112193907,Shai Ben-David
https://openalex.org/W2535690855,https://openalex.org/A5084892128,Reza Shokri
https://openalex.org/W2535690855,https://openalex.org/A5086560283,Marco Stronati
https://openalex.org/W2535690855,https://openalex.org/A5048446895,Congzheng Song
https://openalex.org/W2535690855,https://openalex.org/A5038206174,Vitaly Shmatikov
https://openalex.org/W1873332500,https://openalex.org/A5066370772,Sotiris B. Kotsiantis
https://openalex.org/W1532362218,https://openalex.org/A5076168268,Edward Rosten
https://openalex.org/W1532362218,https://openalex.org/A5017469047,Tom W. Drummond
https://openalex.org/W3198350258,https://openalex.org/A5103515726,Arthur L. Samuel
https://openalex.org/W3153990350,https://openalex.org/A5048865769,Christian Janiesch
https://openalex.org/W2588003345,https://openalex.org/A5008884945,Tomislav Hengl
https://openalex.org/W2588003345,https://openalex.org/A5087003822,J.S. Mendes de Jesus
https://openalex.org/W2588003345,https://openalex.org/A5011620756,G.B.M. Heuvelink
https://openalex.org/W2588003345,https://openalex.org/A5048983679,M. Ruiperez González
https://openalex.org/W2588003345,https://openalex.org/A5019218652,Milan Kilibarda
https://openalex.org/W2588003345,https://openalex.org/A5079601401,Aleksandar Blagotić
https://openalex.org/W2588003345,https://openalex.org/A5050326105,Wei Shangguan
https://openalex.org/W2588003345,https://openalex.org/A5087084229,Marvin N. Wright
https://openalex.org/W2588003345,https://openalex.org/A5017091285,Xiaoyuan Geng
https://openalex.org/W2588003345,https://openalex.org/A5033747033,Bernhard Bauer-Marschallinger
https://openalex.org/W2588003345,https://openalex.org/A5047925002,Mário Guevara
https://openalex.org/W2588003345,https://openalex.org/A5051794236,Rodrigo Vargas
https://openalex.org/W2588003345,https://openalex.org/A5073655843,R.A. MacMillan
https://openalex.org/W2588003345,https://openalex.org/A5078952063,N.H. Batjes
https://openalex.org/W2588003345,https://openalex.org/A5071302765,J.G.B. Leenaars
https://openalex.org/W2588003345,https://openalex.org/A5084085293,Eloi Ribeiro
https://openalex.org/W2588003345,https://openalex.org/A5037321926,Ichsani Wheeler
https://openalex.org/W2588003345,https://openalex.org/A5091009469,Stephan Mantel
https://openalex.org/W2588003345,https://openalex.org/A5031737926,Bas Kempen
https://openalex.org/W2594183968,https://openalex.org/A5054988040,Zhenqin Wu
https://openalex.org/W2594183968,https://openalex.org/A5039641760,Bharath Ramsundar
https://openalex.org/W2594183968,https://openalex.org/A5011983540,Evan N. Feinberg
https://openalex.org/W2594183968,https://openalex.org/A5044158176,Joseph S. Gomes
https://openalex.org/W2594183968,https://openalex.org/A5069546508,Caleb Geniesse
https://openalex.org/W2594183968,https://openalex.org/A5015493289,Aneesh Pappu
https://openalex.org/W2594183968,https://openalex.org/A5004322104,Karl Leswing
https://openalex.org/W2594183968,https://openalex.org/A5032418986,Vijay S. Pande
https://openalex.org/W2007339694,https://openalex.org/A5100671326,Li Deng
https://openalex.org/W2040884411,https://openalex.org/A5024803432,Avrim L. Blum
https://openalex.org/W2040884411,https://openalex.org/A5081275482,Pat Langley
https://openalex.org/W2594475271,https://openalex.org/A5038771285,Finale Doshi‐Velez
https://openalex.org/W2594475271,https://openalex.org/A5041405652,Been Kim
https://openalex.org/W1495061682,https://openalex.org/A5056507889,Mark Michael Hall
https://openalex.org/W2436219157,https://openalex.org/A5019206666,Léon Bottou
https://openalex.org/W2436219157,https://openalex.org/A5005028153,Frank E. Curtis
https://openalex.org/W2436219157,https://openalex.org/A5081856145,Jorge Nocedal
https://openalex.org/W2937307539,https://openalex.org/A5076756596,Jessica J. Vamathevan
https://openalex.org/W2937307539,https://openalex.org/A5043689071,Dominic A. Clark
https://openalex.org/W2937307539,https://openalex.org/A5031073197,Paul Czodrowski
https://openalex.org/W2937307539,https://openalex.org/A5012080038,Ian Dunham
https://openalex.org/W2937307539,https://openalex.org/A5011935500,Edgardo A. Ferrán
https://openalex.org/W2937307539,https://openalex.org/A5069155531,George Lee
https://openalex.org/W2937307539,https://openalex.org/A5100654790,Bin Li
https://openalex.org/W2937307539,https://openalex.org/A5027642699,Anant Madabhushi
https://openalex.org/W2937307539,https://openalex.org/A5012908005,Parantu K. Shah
https://openalex.org/W2937307539,https://openalex.org/A5003192202,Michaela Spitzer
https://openalex.org/W2937307539,https://openalex.org/A5102253191,Shanrong Zhao
https://openalex.org/W607505555,https://openalex.org/A5078263052,Shai Shalev‐Shwartz
https://openalex.org/W607505555,https://openalex.org/A5112193907,Shai Ben-David
https://openalex.org/W2975634117,https://openalex.org/A5020317646,Stuart Berg
https://openalex.org/W2975634117,https://openalex.org/A5079118154,Dominik Kutra
https://openalex.org/W2975634117,https://openalex.org/A5020021178,Thorben Kroeger
https://openalex.org/W2975634117,https://openalex.org/A5111410901,Christoph Straehle
https://openalex.org/W2975634117,https://openalex.org/A5066324960,Bernhard X. Kausler
https://openalex.org/W2975634117,https://openalex.org/A5069320099,Carsten Haubold
https://openalex.org/W2975634117,https://openalex.org/A5011308250,Martin Schiegg
https://openalex.org/W2975634117,https://openalex.org/A5038028735,Janez Aleš
https://openalex.org/W2975634117,https://openalex.org/A5054977360,Thorsten Beier
https://openalex.org/W2975634117,https://openalex.org/A5084502420,Markus Rudy
https://openalex.org/W2975634117,https://openalex.org/A5064094028,Kemal Eren
https://openalex.org/W2975634117,https://openalex.org/A5015473088,Jaime I Cervantes
https://openalex.org/W2975634117,https://openalex.org/A5010633012,Buote Xu
https://openalex.org/W2975634117,https://openalex.org/A5023476023,Fynn Beuttenmueller
https://openalex.org/W2975634117,https://openalex.org/A5002688561,Adrian Wolny
https://openalex.org/W2975634117,https://openalex.org/A5100393893,Chong Zhang
https://openalex.org/W2975634117,https://openalex.org/A5010815894,Ullrich Koethe
https://openalex.org/W2975634117,https://openalex.org/A5020048224,Fred A. Hamprecht
https://openalex.org/W2975634117,https://openalex.org/A5038898203,Anna Kreshuk
https://openalex.org/W2115252128,https://openalex.org/A5055606271,Davis E. King
https://openalex.org/W1541288193,https://openalex.org/A5110057218,David E. Goldberg
https://openalex.org/W1541288193,https://openalex.org/A5071875770,John H. Holland
https://openalex.org/W4400134761,https://openalex.org/A5113270062,Batta Mahesh
https://openalex.org/W2151591509,https://openalex.org/A5033483167,Alexandre Abraham
https://openalex.org/W2151591509,https://openalex.org/A5105141183,Fabián Pedregosa
https://openalex.org/W2151591509,https://openalex.org/A5065146930,Michael Eickenberg
https://openalex.org/W2151591509,https://openalex.org/A5001112573,Philippe Gervais
https://openalex.org/W2151591509,https://openalex.org/A5088500114,Andreas C. Mueller
https://openalex.org/W2151591509,https://openalex.org/A5006048318,Jean Kossaifi
https://openalex.org/W2151591509,https://openalex.org/A5018256474,Alexandre Gramfort
https://openalex.org/W2151591509,https://openalex.org/A5026762833,Bertrand Thirion
https://openalex.org/W2151591509,https://openalex.org/A5074733625,Gaël Varoquaux
https://openalex.org/W2161336914,https://openalex.org/A5018711331,Pedro Domingos
https://openalex.org/W3045004532,https://openalex.org/A5008822438,Li Yang
https://openalex.org/W3045004532,https://openalex.org/A5041270670,Abdallah A. Shami
https://openalex.org/W2111547563,https://openalex.org/A5067569191,Konstantina D. Kourou
https://openalex.org/W2111547563,https://openalex.org/A5104150275,Themis P. Exarchos
https://openalex.org/W2111547563,https://openalex.org/A5017880834,Konstantinos Exarchos
https://openalex.org/W2111547563,https://openalex.org/A5084550691,Michalis V. Karamouzis
https://openalex.org/W2111547563,https://openalex.org/A5037813012,Dimitrios I. Fotiadis
https://openalex.org/W2135194391,https://openalex.org/A5110930504,Christophe Andrieu
https://openalex.org/W2135194391,https://openalex.org/A5082304130,Nando de Freitas
https://openalex.org/W2135194391,https://openalex.org/A5091677854,Arnaud Doucet
https://openalex.org/W2135194391,https://openalex.org/A5049812527,Michael I. Jordan
https://openalex.org/W2525984666,https://openalex.org/A5017000481,Ziad Obermeyer
https://openalex.org/W2525984666,https://openalex.org/A5012567636,Ezekiel Emanuel
https://openalex.org/W2923537029,https://openalex.org/A5007408828,Giuseppe Carleo
https://openalex.org/W2923537029,https://openalex.org/A5083228566,J. I. Cirac
https://openalex.org/W2923537029,https://openalex.org/A5108167175,K. Cranmer
https://openalex.org/W2923537029,https://openalex.org/A5058259063,Laurent Daudet
https://openalex.org/W2923537029,https://openalex.org/A5073832417,Maria Schuld
https://openalex.org/W2923537029,https://openalex.org/A5004273274,Naftali Tishby
https://openalex.org/W2923537029,https://openalex.org/A5024209749,Leslie Vogt-Maranto
https://openalex.org/W2923537029,https://openalex.org/A5089268172,Lenka Zdeborová
https://openalex.org/W2998506103,https://openalex.org/A5008554873,Yaguo Lei
https://openalex.org/W2998506103,https://openalex.org/A5078539725,Xinwei Jiang
https://openalex.org/W2998506103,https://openalex.org/A5081893651,Feng Ling Jia
https://openalex.org/W2998506103,https://openalex.org/A5044245613,Naipeng Li
https://openalex.org/W2998506103,https://openalex.org/A5010643037,Asoke Kumar Nandi
https://openalex.org/W2603766943,https://openalex.org/A5018809423,Nicolas Papernot
https://openalex.org/W2603766943,https://openalex.org/A5055368149,Patrick Drew McDaniel
https://openalex.org/W2603766943,https://openalex.org/A5004271128,Ian Goodfellow
https://openalex.org/W2603766943,https://openalex.org/A5088826068,Somesh Jha
https://openalex.org/W2603766943,https://openalex.org/A5103191815,Ananthram Swami
https://openalex.org/W3200707343,https://openalex.org/A5057390025,Joe G. Greener
https://openalex.org/W3200707343,https://openalex.org/A5012569393,Shaun M. Kandathil
https://openalex.org/W3200707343,https://openalex.org/A5065020771,Lewis Moffat
https://openalex.org/W3200707343,https://openalex.org/A5068654082,David T. Jones
https://openalex.org/W3116286104,https://openalex.org/A5074689646,Pantelis Linardatos
https://openalex.org/W3116286104,https://openalex.org/A5057093696,Vasilis Papastefanopoulos
https://openalex.org/W3116286104,https://openalex.org/A5066370772,Sotiris B. Kotsiantis
https://openalex.org/W1563088657,https://openalex.org/A5083307694,Nello Cristianini
https://openalex.org/W1563088657,https://openalex.org/A5047980012,John S. Shawe-Taylor
https://openalex.org/W2767079719,https://openalex.org/A5011571548,Keith Bonawitz
https://openalex.org/W2767079719,https://openalex.org/A5090386348,Vladimir Ivanov
https://openalex.org/W2767079719,https://openalex.org/A5048810237,Ben Kreuter
https://openalex.org/W2767079719,https://openalex.org/A5042948297,Antonio Marcedone
https://openalex.org/W2767079719,https://openalex.org/A5040311844,H. Brendan McMahan
https://openalex.org/W2767079719,https://openalex.org/A5112503421,Sarvar Patel
https://openalex.org/W2767079719,https://openalex.org/A5071710055,Daniel Ramage
https://openalex.org/W2767079719,https://openalex.org/A5103065610,Aaron Eli Segal
https://openalex.org/W2767079719,https://openalex.org/A5030536555,Karn Seth
https://openalex.org/W3122548859,https://openalex.org/A5060940190,Jenna Burrell
https://openalex.org/W2914584698,https://openalex.org/A5051617344,William W. Cohen
https://openalex.org/W2914584698,https://openalex.org/A5101927521,Andrew Moore
https://openalex.org/W4205539948,https://openalex.org/A5025931561,Shihao Gu
https://openalex.org/W4205539948,https://openalex.org/A5101435735,Bryan P. Kelly
https://openalex.org/W4205539948,https://openalex.org/A5050253426,Dacheng Xiu
https://openalex.org/W1505191356,https://openalex.org/A5016115107,Maxwell W. Libbrecht
https://openalex.org/W1505191356,https://openalex.org/A5057375933,William Stafford Noble
https://openalex.org/W1993220166,https://openalex.org/A5102371518,Gustavo E. A. P. A. Batista
https://openalex.org/W1993220166,https://openalex.org/A5005717519,Ronaldo  Cristiano Prati
https://openalex.org/W1993220166,https://openalex.org/A5000813310,Maria Carolina Monard
https://openalex.org/W2111072639,https://openalex.org/A5061746912,Guang-Bin Huang
https://openalex.org/W2111072639,https://openalex.org/A5012557589,Qinyu Zhu
https://openalex.org/W2111072639,https://openalex.org/A5109574172,Chee‐Kheong Siew
https://openalex.org/W2142334564,https://openalex.org/A5021483518,Bill Fulkerson
https://openalex.org/W2142334564,https://openalex.org/A5006171154,D. Michie
https://openalex.org/W2142334564,https://openalex.org/A5080673459,D. J. Spiegelhalter
https://openalex.org/W2142334564,https://openalex.org/A5111533856,C. C. W. Taylor
https://openalex.org/W2962727772,https://openalex.org/A5063994783,Atılım Güneş Baydin
https://openalex.org/W2962727772,https://openalex.org/A5009984528,Barak A. Pearlmutter
https://openalex.org/W2962727772,https://openalex.org/A5055832270,Alexey Radul
https://openalex.org/W2962727772,https://openalex.org/A5079140683,Jeffrey Mark Siskind
https://openalex.org/W2133564696,https://openalex.org/A5010465328,Dzmitry Bahdanau
https://openalex.org/W2133564696,https://openalex.org/A5091175785,Kyunghyun Cho
https://openalex.org/W2133564696,https://openalex.org/A5086198262,Yoshua Bengio
https://openalex.org/W3145506661,https://openalex.org/A5100420016,Fei Richard Yu
https://openalex.org/W3145506661,https://openalex.org/A5100693513,Ying He
https://openalex.org/W3123436326,https://openalex.org/A5068383641,Victor Chernozhukov
https://openalex.org/W3123436326,https://openalex.org/A5110738906,Denis Chetverikov
https://openalex.org/W3123436326,https://openalex.org/A5050184772,Mert Demirer
https://openalex.org/W3123436326,https://openalex.org/A5015565298,Esther Duflo
https://openalex.org/W3123436326,https://openalex.org/A5086970490,Christian Hansen
https://openalex.org/W3123436326,https://openalex.org/A5113931380,Whitney K. Newey
https://openalex.org/W3123436326,https://openalex.org/A5079863455,James M. Robins
https://openalex.org/W2968923792,https://openalex.org/A5057207447,Jonathan Schmidt
https://openalex.org/W2968923792,https://openalex.org/A5013807218,Mário R. G. Marques
https://openalex.org/W2968923792,https://openalex.org/A5074073454,Silvana Botti
https://openalex.org/W2968923792,https://openalex.org/A5052107166,Miguel A. L. Marques
https://openalex.org/W1596324102,https://openalex.org/A5108082211,Ryszard S. Michalski
https://openalex.org/W1596324102,https://openalex.org/A5108407140,Jaime G. Carbonell
https://openalex.org/W1596324102,https://openalex.org/A5084419959,Thomas M. Mitchell
https://openalex.org/W2610886376,https://openalex.org/A5034703281,Sendhil Mullainathan
https://openalex.org/W2610886376,https://openalex.org/A5061755779,Jann Spiess
https://openalex.org/W1494192115,https://openalex.org/A5010820865,Zoubin Ghahramani
https://openalex.org/W2342408547,https://openalex.org/A5036462876,Anna L. Buczak
https://openalex.org/W2342408547,https://openalex.org/A5103648432,Erhan Guven
https://openalex.org/W2791315675,https://openalex.org/A5079611154,Jie Long Cai
https://openalex.org/W2791315675,https://openalex.org/A5101750544,Jiawei Luo
https://openalex.org/W2791315675,https://openalex.org/A5101485863,Shulin Wang
https://openalex.org/W2791315675,https://openalex.org/A5100764377,Sheng Yang
https://openalex.org/W164706946,https://openalex.org/A5108711177,Carl Edward Rasmussen
https://openalex.org/W164706946,https://openalex.org/A5080713659,Christopher K. I. Williams
https://openalex.org/W2910705748,https://openalex.org/A5057838960,William J. Murdoch
https://openalex.org/W2910705748,https://openalex.org/A5017514239,Chandan Singh
https://openalex.org/W2910705748,https://openalex.org/A5013534934,Karl Kumbier
https://openalex.org/W2910705748,https://openalex.org/A5029714016,Reza Abbasi-Asl
https://openalex.org/W2910705748,https://openalex.org/A5100646137,Bin Yu
https://openalex.org/W2588978745,https://openalex.org/A5008832314,Bradley James Erickson
https://openalex.org/W2588978745,https://openalex.org/A5053303391,Panagiotis D. Korfiatis
https://openalex.org/W2588978745,https://openalex.org/A5052077725,Zeynettin Akkus
https://openalex.org/W2588978745,https://openalex.org/A5016336723,Timothy L. Kline
https://openalex.org/W4213308398,https://openalex.org/A5031002895,Frank Hutter
https://openalex.org/W4213308398,https://openalex.org/A5032997049,Lars Kotthoff
https://openalex.org/W4213308398,https://openalex.org/A5016794035,Joaquin Vanschoren
https://openalex.org/W4394857110,https://openalex.org/A5060891981,Professor Gary S. Collins
https://openalex.org/W4394857110,https://openalex.org/A5083104697,Karel G.M. Moons
https://openalex.org/W4394857110,https://openalex.org/A5059901188,Paula Dhiman
https://openalex.org/W4394857110,https://openalex.org/A5040942978,Richard D Riley
https://openalex.org/W4394857110,https://openalex.org/A5077007622,Andrew L. Beam
https://openalex.org/W4394857110,https://openalex.org/A5086320066,Ben Van Calster
https://openalex.org/W4394857110,https://openalex.org/A5070063054,Marzyeh Ghassemi
https://openalex.org/W4394857110,https://openalex.org/A5041641749,Xiaoxuan Liu
https://openalex.org/W4394857110,https://openalex.org/A5007039126,Johannes B. Reitsma
https://openalex.org/W4394857110,https://openalex.org/A5067519537,Maarten van Smeden
https://openalex.org/W4394857110,https://openalex.org/A5015152016,Anne‐Laure Boulesteix
https://openalex.org/W4394857110,https://openalex.org/A5086301382,Jennifer Camaradou
https://openalex.org/W4394857110,https://openalex.org/A5031401755,Leo Anthony Celi
https://openalex.org/W4394857110,https://openalex.org/A5073010916,Spiros Denaxas
https://openalex.org/W4394857110,https://openalex.org/A5074056939,Alastair Keith Denniston
https://openalex.org/W4394857110,https://openalex.org/A5007222325,Ben Glocker
https://openalex.org/W4394857110,https://openalex.org/A5034676046,Robert Golub
https://openalex.org/W4394857110,https://openalex.org/A5010957359,Hugh Harvey
https://openalex.org/W4394857110,https://openalex.org/A5040146633,Georg Heinze
https://openalex.org/W4394857110,https://openalex.org/A5043633648,Michael M. Hoffman
https://openalex.org/W4394857110,https://openalex.org/A5016936793,André Pascal Kengne
https://openalex.org/W4394857110,https://openalex.org/A5049049275,Emily Lam
https://openalex.org/W4394857110,https://openalex.org/A5102904100,Naomi Lee
https://openalex.org/W4394857110,https://openalex.org/A5054045289,Elizabeth Loder
https://openalex.org/W4394857110,https://openalex.org/A5023493127,Lena Maier‐Hein
https://openalex.org/W4394857110,https://openalex.org/A5080362125,Bilal Akhter Mateen
https://openalex.org/W4394857110,https://openalex.org/A5063981686,Melissa D. McCradden
https://openalex.org/W4394857110,https://openalex.org/A5068274591,Lauren Oakden‐Rayner
https://openalex.org/W4394857110,https://openalex.org/A5070657084,Johan Ordish
https://openalex.org/W4394857110,https://openalex.org/A5047927031,Richard Parnell
https://openalex.org/W4394857110,https://openalex.org/A5001870814,Sherri Rose
https://openalex.org/W4394857110,https://openalex.org/A5005447484,Karandeep Singh
https://openalex.org/W4394857110,https://openalex.org/A5069906805,Laure Wynants
https://openalex.org/W4394857110,https://openalex.org/A5021566478,Patrícia Logullo
https://openalex.org/W2982720039,https://openalex.org/A5039898629,Christopher J. Merz
https://openalex.org/W2919115771,https://openalex.org/A5001226970,Yann LeCun
https://openalex.org/W2919115771,https://openalex.org/A5086198262,Yoshua Bengio
https://openalex.org/W2919115771,https://openalex.org/A5108093963,Geoffrey E. Hinton
https://openalex.org/W2792919287,https://openalex.org/A5051587217,Danilo Bzdok
https://openalex.org/W2792919287,https://openalex.org/A5043659174,Naomi Altman
https://openalex.org/W2792919287,https://openalex.org/A5105781772,Martin I. Krzywinski
https://openalex.org/W2104489082,https://openalex.org/A5020780798,Matthias Rupp
https://openalex.org/W2104489082,https://openalex.org/A5026929463,Alexandre Tkatchenko
https://openalex.org/W2104489082,https://openalex.org/A5107838719,Klaus‐Robert Müller
https://openalex.org/W2104489082,https://openalex.org/A5088793872,O. Anatole von Lilienfeld
https://openalex.org/W2798701005,https://openalex.org/A5058629781,Yair Rivenson
https://openalex.org/W2798701005,https://openalex.org/A5043009217,Nezih Tolga Yardimci
https://openalex.org/W2798701005,https://openalex.org/A5107809600,Muhammed Veli
https://openalex.org/W2798701005,https://openalex.org/A5069743536,Yi Luo
https://openalex.org/W2798701005,https://openalex.org/A5003547576,Mona Jarrahi
https://openalex.org/W2798701005,https://openalex.org/A5016207990,Aydogan Özcan
https://openalex.org/W1590183771,https://openalex.org/A5101763101,David Barber
https://openalex.org/W2964303497,https://openalex.org/A5076868568,Diogo Antunes Vaz de Carvalho
https://openalex.org/W2964303497,https://openalex.org/A5102355791,Eduardo M. Pereira
https://openalex.org/W2964303497,https://openalex.org/A5013827007,Jaime S. Cardoso
https://openalex.org/W398859631,https://openalex.org/A5052630803,宏治 津田
https://openalex.org/W2951278869,https://openalex.org/A5101799605,Bo Pang
https://openalex.org/W2951278869,https://openalex.org/A5076876084,Lillian Lee
https://openalex.org/W2951278869,https://openalex.org/A5010223683,Shivakumar Vaithyanathan
https://openalex.org/W2048266589,https://openalex.org/A5036492388,Yunji Chen
https://openalex.org/W2048266589,https://openalex.org/A5101630043,Tao Luo
https://openalex.org/W2048266589,https://openalex.org/A5033237869,Shaoli Liu
https://openalex.org/W2048266589,https://openalex.org/A5101498177,Shijin Zhang
https://openalex.org/W2048266589,https://openalex.org/A5100836264,Liqiang He
https://openalex.org/W2048266589,https://openalex.org/A5100404643,Jia Wang
https://openalex.org/W2048266589,https://openalex.org/A5100435321,Ling Li
https://openalex.org/W2048266589,https://openalex.org/A5109886311,Tianshi Chen
https://openalex.org/W2048266589,https://openalex.org/A5100628169,Zhiwei Xu
https://openalex.org/W2048266589,https://openalex.org/A5101738013,Ninghui Sun
https://openalex.org/W2048266589,https://openalex.org/A5040252809,Olivier Temam
https://openalex.org/W1994005439,https://openalex.org/A5110779848,Matthias Seeger
https://openalex.org/W2337082154,https://openalex.org/A5022164406,Juan Carrasquilla
https://openalex.org/W2337082154,https://openalex.org/A5091069084,Roger G. Melko
https://openalex.org/W2601810315,https://openalex.org/A5021284069,Ignacio Arganda‐Carreras
https://openalex.org/W2601810315,https://openalex.org/A5055757900,Verena Kaynig
https://openalex.org/W2601810315,https://openalex.org/A5078540488,Curtis Rueden
https://openalex.org/W2601810315,https://openalex.org/A5010413374,Kevin W. Eliceiri
https://openalex.org/W2601810315,https://openalex.org/A5050085853,Johannes Schindelin
https://openalex.org/W2601810315,https://openalex.org/A5042603640,Albert Cardona
https://openalex.org/W2601810315,https://openalex.org/A5044273339,H. Sebastian Seung
https://openalex.org/W2914598080,https://openalex.org/A5013309687,Leilani H. Gilpin
https://openalex.org/W2914598080,https://openalex.org/A5033305045,David Anthony Bau
https://openalex.org/W2914598080,https://openalex.org/A5029278140,Ben Z. Yuan
https://openalex.org/W2914598080,https://openalex.org/A5038797058,Ayesha Bajwa
https://openalex.org/W2914598080,https://openalex.org/A5010657600,Michael A. Specter
https://openalex.org/W2914598080,https://openalex.org/A5013709154,Lalana Kagal
https://openalex.org/W2789894922,https://openalex.org/A5077007622,Andrew L. Beam
https://openalex.org/W2789894922,https://openalex.org/A5088509061,Isaac S. Kohane
https://openalex.org/W2795867722,https://openalex.org/A5078041459,Tathiane Maistro Malta
https://openalex.org/W2795867722,https://openalex.org/A5081885843,Artem Sokolov
https://openalex.org/W2795867722,https://openalex.org/A5015367801,Andrew J. Gentles
https://openalex.org/W2795867722,https://openalex.org/A5066953797,Tomasz Burzykowski
https://openalex.org/W2795867722,https://openalex.org/A5075209009,Laila Poisson
https://openalex.org/W2795867722,https://openalex.org/A5026079862,John N. Weinstein
https://openalex.org/W2795867722,https://openalex.org/A5055257104,Bożena Kamińska
https://openalex.org/W2795867722,https://openalex.org/A5045678436,Joerg Huelsken
https://openalex.org/W2795867722,https://openalex.org/A5038454932,Larsson Omberg
https://openalex.org/W2795867722,https://openalex.org/A5078274543,Olivier Gevaert
https://openalex.org/W2795867722,https://openalex.org/A5037265705,Antonio Colaprico
https://openalex.org/W2795867722,https://openalex.org/A5070474983,Patrycja Czerwińska
https://openalex.org/W2795867722,https://openalex.org/A5002606050,Sylwia Mazurek
https://openalex.org/W2795867722,https://openalex.org/A5091703176,Lopa Mishra
https://openalex.org/W2795867722,https://openalex.org/A5069693450,Holger Heyn
https://openalex.org/W2795867722,https://openalex.org/A5090092532,Alex Krasnitz A
https://openalex.org/W2795867722,https://openalex.org/A5033625395,Andrew K. Godwin
https://openalex.org/W2795867722,https://openalex.org/A5050445982,Alexander J. Lazar
https://openalex.org/W2795867722,https://openalex.org/A5056810241,Rory Johnson
https://openalex.org/W2795867722,https://openalex.org/A5040106086,John A. Demchok
https://openalex.org/W2795867722,https://openalex.org/A5015805694,Ina Felau
https://openalex.org/W2795867722,https://openalex.org/A5040049387,Melpomeni Kasapi
https://openalex.org/W2795867722,https://openalex.org/A5049787915,Martin L. Ferguson
https://openalex.org/W2795867722,https://openalex.org/A5043367098,Carolyn M. Hutter
https://openalex.org/W2795867722,https://openalex.org/A5022451638,Heidi J. Sofia
https://openalex.org/W2795867722,https://openalex.org/A5030595919,Roy W Tarnuzzer
https://openalex.org/W2795867722,https://openalex.org/A5101669235,Zhining Wang
https://openalex.org/W2795867722,https://openalex.org/A5100662124,Liming M Yang
https://openalex.org/W2795867722,https://openalex.org/A5005690569,Jean Claude Zenklusen
https://openalex.org/W2795867722,https://openalex.org/A5005958422,Jiashan Zhang
https://openalex.org/W2795867722,https://openalex.org/A5046153384,Sudha Chudamani
https://openalex.org/W2795867722,https://openalex.org/A5100594981,Jia Liu
https://openalex.org/W2795867722,https://openalex.org/A5062732493,Laxmi Lolla
https://openalex.org/W2795867722,https://openalex.org/A5024845968,Rashi Naresh
https://openalex.org/W2795867722,https://openalex.org/A5070845086,Todd Pihl
https://openalex.org/W2795867722,https://openalex.org/A5101708439,Qiang Sun
https://openalex.org/W2795867722,https://openalex.org/A5104110919,Yunhu Wan
https://openalex.org/W2795867722,https://openalex.org/A5064328273,Ye Emily Wu
https://openalex.org/W2795867722,https://openalex.org/A5014908889,Juok Cho
https://openalex.org/W2795867722,https://openalex.org/A5016906086,Timothy Defreitas
https://openalex.org/W2795867722,https://openalex.org/A5051239846,Scott Frazer
https://openalex.org/W2795867722,https://openalex.org/A5066335313,Nils Gehlenborg
https://openalex.org/W2795867722,https://openalex.org/A5001392592,Gad A. Getz
https://openalex.org/W2795867722,https://openalex.org/A5064226037,David I. Heiman
https://openalex.org/W2795867722,https://openalex.org/A5103208897,Jaegil Kim
https://openalex.org/W2795867722,https://openalex.org/A5070808897,Michael S. Lawrence
https://openalex.org/W2795867722,https://openalex.org/A5100439449,Pei Lin
https://openalex.org/W2795867722,https://openalex.org/A5076052555,Michael S. Noble
https://openalex.org/W2795867722,https://openalex.org/A5054785454,Gordon Saksena
https://openalex.org/W2795867722,https://openalex.org/A5039440930,Doug Voet
https://openalex.org/W2795867722,https://openalex.org/A5103802501,Hailei Zhang
https://openalex.org/W2795867722,https://openalex.org/A5080158021,Brady M. Bernard
https://openalex.org/W2795867722,https://openalex.org/A5036281932,Nyasha Chambwe
https://openalex.org/W2795867722,https://openalex.org/A5000317767,Varsha Dhankani
https://openalex.org/W2795867722,https://openalex.org/A5085788761,Theo Knijnenburg
https://openalex.org/W2795867722,https://openalex.org/A5072967889,Roger Kramer
https://openalex.org/W2795867722,https://openalex.org/A5062464052,Kalle Leinonen
https://openalex.org/W2795867722,https://openalex.org/A5055112441,Yuexin Liu
https://openalex.org/W2795867722,https://openalex.org/A5000702443,Michael B. Miller
https://openalex.org/W2795867722,https://openalex.org/A5112869578,Sheila M. Reynolds
https://openalex.org/W2795867722,https://openalex.org/A5061460061,Ilya Shmulevich
https://openalex.org/W2795867722,https://openalex.org/A5036907799,Vésteinn Thórsson
https://openalex.org/W2795867722,https://openalex.org/A5100761365,Wei Zhang
https://openalex.org/W2795867722,https://openalex.org/A5111495221,Rehan Akbani
https://openalex.org/W2795867722,https://openalex.org/A5012234751,Bradley McIntosh Broom
https://openalex.org/W2795867722,https://openalex.org/A5032296753,Apurva M. Hegde
https://openalex.org/W2795867722,https://openalex.org/A5100620205,Zhenlin Ju
https://openalex.org/W2795867722,https://openalex.org/A5033263541,Rupa S. Kanchi
https://openalex.org/W2795867722,https://openalex.org/A5014580278,Anil Korkut
https://openalex.org/W2795867722,https://openalex.org/A5100361773,Jun Li
https://openalex.org/W2795867722,https://openalex.org/A5053104107,Han Liang
https://openalex.org/W2795867722,https://openalex.org/A5110553177,Shiyun Ling
https://openalex.org/W2795867722,https://openalex.org/A5100373255,Wenbin Liu
https://openalex.org/W2795867722,https://openalex.org/A5020581776,Yiling Lu
https://openalex.org/W2795867722,https://openalex.org/A5005221518,Gordon Brent Mills
https://openalex.org/W2795867722,https://openalex.org/A5027163524,Kwok-Shing Ng
https://openalex.org/W2795867722,https://openalex.org/A5082923675,Arvind Rao
https://openalex.org/W2795867722,https://openalex.org/A5076160885,Michael T. Ryan
https://openalex.org/W2795867722,https://openalex.org/A5100695635,Jing Wang
https://openalex.org/W2795867722,https://openalex.org/A5062057879,Jiexin Zhang
https://openalex.org/W2795867722,https://openalex.org/A5113839179,Adam Abeshouse
https://openalex.org/W2795867722,https://openalex.org/A5021762206,Joshua Armenia
https://openalex.org/W2795867722,https://openalex.org/A5000774517,Debyani Chakravarty
https://openalex.org/W2795867722,https://openalex.org/A5021327150,Walid Khaled Chatila
https://openalex.org/W2795867722,https://openalex.org/A5078038241,Ino de Bruijn
https://openalex.org/W2795867722,https://openalex.org/A5063271602,Galen F. Gao
https://openalex.org/W2795867722,https://openalex.org/A5026873890,Benjamin E Gross
https://openalex.org/W2795867722,https://openalex.org/A5045112642,Zachary  J. Heins
https://openalex.org/W2795867722,https://openalex.org/A5001208934,Ritika Kundra
https://openalex.org/W2795867722,https://openalex.org/A5060979215,Konnor La
https://openalex.org/W2795867722,https://openalex.org/A5046345178,Marc Ladanyi
https://openalex.org/W2795867722,https://openalex.org/A5026945351,Augustin Luna
https://openalex.org/W2795867722,https://openalex.org/A5091622032,Moriah G. Nissan
https://openalex.org/W2795867722,https://openalex.org/A5075124414,Angelica Ochoa
https://openalex.org/W2795867722,https://openalex.org/A5070753738,Sarah M. Phillips
https://openalex.org/W2795867722,https://openalex.org/A5081768872,Ed Reznik
https://openalex.org/W2795867722,https://openalex.org/A5025867816,Francisco Sánchez-Vega
https://openalex.org/W2795867722,https://openalex.org/A5008166270,Chris Sander
https://openalex.org/W2793927960,https://openalex.org/A5085820343,Aaron Edward Maxwell
https://openalex.org/W2793927960,https://openalex.org/A5091637832,Timothy A. Warner
https://openalex.org/W2793927960,https://openalex.org/A5100386844,Fang Fang
https://openalex.org/W2792946961,https://openalex.org/A5073832417,Maria Schuld
https://openalex.org/W2792946961,https://openalex.org/A5073500091,Nathan Killoran
https://openalex.org/W3011460294,https://openalex.org/A5018030478,D. E. Goldberg
https://openalex.org/W2168020168,https://openalex.org/A5084108666,Robert E. Schapire
https://openalex.org/W2095577883,https://openalex.org/A5082878554,Ling Huang
https://openalex.org/W2095577883,https://openalex.org/A5017381278,Anthony Douglas Joseph
https://openalex.org/W2095577883,https://openalex.org/A5108249434,Blaine A. Nelson
https://openalex.org/W2095577883,https://openalex.org/A5078824132,Benjamin I. P. Rubinstein
https://openalex.org/W2095577883,https://openalex.org/A5113907559,J. D. Tygar
https://openalex.org/W1985987493,https://openalex.org/A5015612893,Robin Sommer
https://openalex.org/W1985987493,https://openalex.org/A5002219113,Vern Paxson
https://openalex.org/W3101749733,https://openalex.org/A5045413165,Thomas Frank Hofmann
https://openalex.org/W3101749733,https://openalex.org/A5044005697,Bernhard Schölkopf
https://openalex.org/W3101749733,https://openalex.org/A5000245150,Alexander Johannes Smola
https://openalex.org/W2701059868,https://openalex.org/A5001493977,Payman Mohassel
https://openalex.org/W2701059868,https://openalex.org/A5100434296,Yupeng Zhang
https://openalex.org/W2963784900,https://openalex.org/A5031952600,Rampi Ramprasad
https://openalex.org/W2963784900,https://openalex.org/A5003850818,Rohit Batra
https://openalex.org/W2963784900,https://openalex.org/A5075051974,Ghanshyam Pilania
https://openalex.org/W2963784900,https://openalex.org/A5032715041,Arun Mannodi‐Kanakkithodi
https://openalex.org/W2963784900,https://openalex.org/A5018939520,Chiho Kim
https://openalex.org/W2170282673,https://openalex.org/A5076168268,Edward Rosten
https://openalex.org/W2170282673,https://openalex.org/A5004732139,Reid B. Porter
https://openalex.org/W2170282673,https://openalex.org/A5017469047,Tom W. Drummond
https://openalex.org/W1944672,https://openalex.org/A5058849006,Mehryar Mohri
https://openalex.org/W1944672,https://openalex.org/A5089765894,Afshin Rostamizadeh
https://openalex.org/W1944672,https://openalex.org/A5029768722,Ameet Talwalkar
https://openalex.org/W2569349941,https://openalex.org/A5011898907,Gilles Notton
https://openalex.org/W2569349941,https://openalex.org/A5032046573,Soteris A. Kalogirou
https://openalex.org/W2569349941,https://openalex.org/A5062540989,Marie Laure Nivet
https://openalex.org/W2569349941,https://openalex.org/A5023683951,Christophe Paoli
https://openalex.org/W2569349941,https://openalex.org/A5009025714,Fabrice Motte
https://openalex.org/W2569349941,https://openalex.org/A5109412398,Alexis Fouilloy
https://openalex.org/W2892741787,https://openalex.org/A5024995037,Scott Lundberg
https://openalex.org/W2892741787,https://openalex.org/A5022601370,Bala G. Nair
https://openalex.org/W2892741787,https://openalex.org/A5087753487,Monica Shanta Vavilala
https://openalex.org/W2892741787,https://openalex.org/A5110449910,Mayumi Horibe
https://openalex.org/W2892741787,https://openalex.org/A5029670706,Michael J. Eisses
https://openalex.org/W2892741787,https://openalex.org/A5072596583,Trevor L. Adams
https://openalex.org/W2892741787,https://openalex.org/A5037355887,David E. Liston
https://openalex.org/W2892741787,https://openalex.org/A5113850695,Daniel King‐Wai Low
https://openalex.org/W2892741787,https://openalex.org/A5112392943,Shu-Fang Newman
https://openalex.org/W2892741787,https://openalex.org/A5054513565,Jerry W. Kim
https://openalex.org/W2892741787,https://openalex.org/A5028723221,Su‐In Lee
https://openalex.org/W3159649695,https://openalex.org/A5075287641,Ajit Singh
https://openalex.org/W2981679558,https://openalex.org/A5058581210,Andrius Vabalas
https://openalex.org/W2981679558,https://openalex.org/A5054131595,Emma Gowen
https://openalex.org/W2981679558,https://openalex.org/A5080441481,Ellen Poliakoff
https://openalex.org/W2981679558,https://openalex.org/A5091104655,Alexander J. Casson
https://openalex.org/W2284729062,https://openalex.org/A5089396175,Tal Yarkoni
https://openalex.org/W2284729062,https://openalex.org/A5011718072,Jacob Westfall
https://openalex.org/W2158485497,https://openalex.org/A5005082781,Francisco B. Pereira
https://openalex.org/W2158485497,https://openalex.org/A5102921433,Tom M. Mitchell
https://openalex.org/W2158485497,https://openalex.org/A5083771180,Matthew Botvinick
https://openalex.org/W2607662938,https://openalex.org/A5042635983,Mathieu Germain
https://openalex.org/W2607662938,https://openalex.org/A5022506974,Karol Gregor
https://openalex.org/W2607662938,https://openalex.org/A5106707885,Iain Murray
https://openalex.org/W2607662938,https://openalex.org/A5019862529,Hugo Larochelle
https://openalex.org/W2469230926,https://openalex.org/A5050186120,Nicholas D. Sidiropoulos
https://openalex.org/W2469230926,https://openalex.org/A5009006026,Lieven De Lathauwer
https://openalex.org/W2469230926,https://openalex.org/A5015075381,Xiao Fu
https://openalex.org/W2469230926,https://openalex.org/A5002695199,Kejun Huang
https://openalex.org/W2469230926,https://openalex.org/A5054849323,Evangelos E. Papalexakis
https://openalex.org/W2469230926,https://openalex.org/A5035605036,Christos Faloutsos
https://openalex.org/W3112020351,https://openalex.org/A5012319860,Patrick M. Murphy
https://openalex.org/W1529533208,https://openalex.org/A5000667901,Maximilian Nickel
https://openalex.org/W1529533208,https://openalex.org/A5002713363,Kevin P. Murphy
https://openalex.org/W1529533208,https://openalex.org/A5074808403,Volker Tresp
https://openalex.org/W1529533208,https://openalex.org/A5013932834,Evgeniy Gabrilovich
https://openalex.org/W2996061341,https://openalex.org/A5072191151,Mengnan Du
https://openalex.org/W2996061341,https://openalex.org/A5007489034,Ninghao Liu
https://openalex.org/W2996061341,https://openalex.org/A5068477431,Xia Hu
https://openalex.org/W3093149769,https://openalex.org/A5087792082,Oliver T. Unke
https://openalex.org/W3093149769,https://openalex.org/A5075988802,Stefan Chmiela
https://openalex.org/W3093149769,https://openalex.org/A5020705170,Huziel E. Sauceda
https://openalex.org/W3093149769,https://openalex.org/A5011992388,Michael Gastegger
https://openalex.org/W3093149769,https://openalex.org/A5069777955,Igor Poltavsky
https://openalex.org/W3093149769,https://openalex.org/A5084363234,Kristof T. Schütt
https://openalex.org/W3093149769,https://openalex.org/A5026929463,Alexandre Tkatchenko
https://openalex.org/W3093149769,https://openalex.org/A5107838719,Klaus‐Robert Müller
https://openalex.org/W2911964244,https://openalex.org/A5039125390,Leo Breiman
https://openalex.org/W2347129741,https://openalex.org/A5063667377,Paul Raccuglia
https://openalex.org/W2347129741,https://openalex.org/A5032514035,Katherine C. Elbert
https://openalex.org/W2347129741,https://openalex.org/A5045452175,Philip Adler
https://openalex.org/W2347129741,https://openalex.org/A5044747944,Casey Falk
https://openalex.org/W2347129741,https://openalex.org/A5001630277,Malia B. Wenny
https://openalex.org/W2347129741,https://openalex.org/A5036736089,Aurelio Mollo
https://openalex.org/W2347129741,https://openalex.org/A5025944326,Mat­thias Zeller
https://openalex.org/W2347129741,https://openalex.org/A5086384189,Sorelle A. Friedler
https://openalex.org/W2347129741,https://openalex.org/A5073376584,Joshua Schrier
https://openalex.org/W2347129741,https://openalex.org/A5027367380,Alexander J. Norquist
https://openalex.org/W2949767632,https://openalex.org/A5013635040,Senthilkumar Mohan
https://openalex.org/W2949767632,https://openalex.org/A5012000651,Chandrasegar Thirumalai
https://openalex.org/W2949767632,https://openalex.org/A5041541232,Gautam Srivastava
https://openalex.org/W2789970635,https://openalex.org/A5090353447,Danton S. Char
https://openalex.org/W2789970635,https://openalex.org/A5041175834,Nigam Haresh Shah
https://openalex.org/W2789970635,https://openalex.org/A5059543860,David Christopher Magnus
https://openalex.org/W2041616772,https://openalex.org/A5004271128,Ian Goodfellow
https://openalex.org/W2041616772,https://openalex.org/A5084125668,Dumitru Erhan
https://openalex.org/W2041616772,https://openalex.org/A5032236197,Pierre Carrier
https://openalex.org/W2041616772,https://openalex.org/A5112608251,Aaron C. Courville
https://openalex.org/W2041616772,https://openalex.org/A5035471281,Mehdi Mirza
https://openalex.org/W2041616772,https://openalex.org/A5049495063,Ben Hamner
https://openalex.org/W2041616772,https://openalex.org/A5008728602,Will Cukierski
https://openalex.org/W2041616772,https://openalex.org/A5034956679,Yichuan Tang
https://openalex.org/W2041616772,https://openalex.org/A5007049572,David S. Thaler
https://openalex.org/W2041616772,https://openalex.org/A5100429208,Dong‐Hyun Lee
https://openalex.org/W2041616772,https://openalex.org/A5040821130,Yingbo Zhou
https://openalex.org/W2041616772,https://openalex.org/A5091385020,Chetan Ramaiah
https://openalex.org/W2041616772,https://openalex.org/A5013283012,Fangxiang Feng
https://openalex.org/W2041616772,https://openalex.org/A5068728736,Ruifan Li
https://openalex.org/W2041616772,https://openalex.org/A5100351304,Xiaojie Wang
https://openalex.org/W2041616772,https://openalex.org/A5023607796,Dimitris Athanasakis
https://openalex.org/W2041616772,https://openalex.org/A5047980012,John S. Shawe-Taylor
https://openalex.org/W2041616772,https://openalex.org/A5084883983,Maxim Milakov
https://openalex.org/W2041616772,https://openalex.org/A5034431014,John Park
https://openalex.org/W2041616772,https://openalex.org/A5081017623,Radu Tudor Ionescu
https://openalex.org/W2041616772,https://openalex.org/A5083743189,Marius Popescu
https://openalex.org/W2041616772,https://openalex.org/A5027729629,Cristian Grozea
https://openalex.org/W2041616772,https://openalex.org/A5057264590,James Bergstra
https://openalex.org/W2041616772,https://openalex.org/A5115593342,Jingjing Xie
https://openalex.org/W2041616772,https://openalex.org/A5050122055,Łukasz Romaszko
https://openalex.org/W2041616772,https://openalex.org/A5101419707,Bing Xu
https://openalex.org/W2041616772,https://openalex.org/A5100634906,Chuang Zhang
https://openalex.org/W2041616772,https://openalex.org/A5086198262,Yoshua Bengio
https://openalex.org/W3079760979,https://openalex.org/A5060938623,Thomas van Klompenburg
https://openalex.org/W3079760979,https://openalex.org/A5060643121,Ayalew Kassahun
https://openalex.org/W3079760979,https://openalex.org/A5038073619,Cagatay Catal
https://openalex.org/W2464725281,https://openalex.org/A5021403239,Logan T. Ward
https://openalex.org/W2464725281,https://openalex.org/A5004659592,Ankit Kumar Agrawal
https://openalex.org/W2464725281,https://openalex.org/A5074976770,Alok Choudhary
https://openalex.org/W2464725281,https://openalex.org/A5113557612,Christopher Wolverton
https://openalex.org/W2508393166,https://openalex.org/A5100672752,Ying Sun
https://openalex.org/W2508393166,https://openalex.org/A5012466580,Prabhu Babu
https://openalex.org/W2508393166,https://openalex.org/A5054606088,Daniel P. Palomar
https://openalex.org/W2936573766,https://openalex.org/A5011988336,Jenni A. M. Sidey-Gibbons
https://openalex.org/W2936573766,https://openalex.org/A5038685423,Chris J. Sidey-Gibbons
https://openalex.org/W2995098893,https://openalex.org/A5073472514,Shahadat Uddin
https://openalex.org/W2995098893,https://openalex.org/A5050771060,Arif M. Khan
https://openalex.org/W2995098893,https://openalex.org/A5027942770,Md Ekramul Hossain
https://openalex.org/W2995098893,https://openalex.org/A5034828056,Mohammad Ali Moni
https://openalex.org/W2883583109,https://openalex.org/A5065990295,Benjamín Sánchez-Lengeling
https://openalex.org/W2883583109,https://openalex.org/A5071495561,Alán Aspuru‐Guzik
https://openalex.org/W2083780116,https://openalex.org/A5055260770,Igor Kononenko
https://openalex.org/W2513506629,https://openalex.org/A5065068490,Neal Jean
https://openalex.org/W2513506629,https://openalex.org/A5042407637,Marshall Burke
https://openalex.org/W2513506629,https://openalex.org/A5069097726,Sang Michael Xie
https://openalex.org/W2513506629,https://openalex.org/A5081136500,W. Matthew Davis
https://openalex.org/W2513506629,https://openalex.org/A5026642372,David B. Lobell
https://openalex.org/W2513506629,https://openalex.org/A5091179481,Stefano Ermon
https://openalex.org/W2186615578,https://openalex.org/A5101471082,Tianqi Chen
https://openalex.org/W2186615578,https://openalex.org/A5100399457,Mu Li
https://openalex.org/W2186615578,https://openalex.org/A5085236897,Yutian Li
https://openalex.org/W2186615578,https://openalex.org/A5100697981,Min Lin
https://openalex.org/W2186615578,https://openalex.org/A5100742122,Naiyan Wang
https://openalex.org/W2186615578,https://openalex.org/A5101452217,Minjie Wang
https://openalex.org/W2186615578,https://openalex.org/A5020757657,Tianjun Xiao
https://openalex.org/W2186615578,https://openalex.org/A5003333136,Bing Hao Xu
https://openalex.org/W2186615578,https://openalex.org/A5016054994,Chiyuan Zhang
https://openalex.org/W2186615578,https://openalex.org/A5100459107,Zheng Zhang
https://openalex.org/W2547447472,https://openalex.org/A5026774143,Jörg Behler
https://openalex.org/W2990168612,https://openalex.org/A5005267732,Miroslav Kubát
https://openalex.org/W4294089543,https://openalex.org/A5066283048,Lars Buitinck
https://openalex.org/W4294089543,https://openalex.org/A5017670779,Gilles Louppe
https://openalex.org/W4294089543,https://openalex.org/A5049123454,Mathieu Blondel
https://openalex.org/W4294089543,https://openalex.org/A5105141183,Fabián Pedregosa
https://openalex.org/W4294089543,https://openalex.org/A5070616056,Andreas Müller
https://openalex.org/W4294089543,https://openalex.org/A5112700874,Olivier Grisel
https://openalex.org/W4294089543,https://openalex.org/A5064085103,Vlad Niculae
https://openalex.org/W4294089543,https://openalex.org/A5088660184,Peter Prettenhofer
https://openalex.org/W4294089543,https://openalex.org/A5018256474,Alexandre Gramfort
https://openalex.org/W4294089543,https://openalex.org/A5068338809,Jaques Grobler
https://openalex.org/W4294089543,https://openalex.org/A5067271088,Robert H. Layton
https://openalex.org/W4294089543,https://openalex.org/A5038304150,Jake Vanderplas
https://openalex.org/W4294089543,https://openalex.org/A5083043476,Arnaud Joly
https://openalex.org/W4294089543,https://openalex.org/A5042685406,Brian D. Holt
https://openalex.org/W4294089543,https://openalex.org/A5074733625,Gaël Varoquaux
https://openalex.org/W2742835787,https://openalex.org/A5112920080,Yue Liu
https://openalex.org/W2742835787,https://openalex.org/A5077136324,Tianlu Zhao
https://openalex.org/W2742835787,https://openalex.org/A5065062242,Wangwei Ju
https://openalex.org/W2742835787,https://openalex.org/A5008408190,Siqi Shi
https://openalex.org/W2972418846,https://openalex.org/A5085437930,Jing Wei
https://openalex.org/W2972418846,https://openalex.org/A5006863860,Xuan Chu
https://openalex.org/W2972418846,https://openalex.org/A5104265937,Xiangyu Sun
https://openalex.org/W2972418846,https://openalex.org/A5043893150,Kun Xu
https://openalex.org/W2972418846,https://openalex.org/A5086581441,Hui‐Xiong Deng
https://openalex.org/W2972418846,https://openalex.org/A5073975610,Ji-Gen Chen
https://openalex.org/W2972418846,https://openalex.org/A5113558860,Zhongming Wei
https://openalex.org/W2972418846,https://openalex.org/A5058896884,Ming Lei
https://openalex.org/W3047863327,https://openalex.org/A5086198262,Yoshua Bengio
https://openalex.org/W3047863327,https://openalex.org/A5083656325,Andrea Lodi
https://openalex.org/W3047863327,https://openalex.org/A5078499276,Antoine Prouvost
https://openalex.org/W2464234006,https://openalex.org/A5076218708,Thorsten Wuest
https://openalex.org/W2464234006,https://openalex.org/A5058025120,Daniel R. Weimer
https://openalex.org/W2464234006,https://openalex.org/A5034896014,Christopher Irgens
https://openalex.org/W2464234006,https://openalex.org/A5081877017,Klaus‐Dieter Thoben
https://openalex.org/W2182361439,https://openalex.org/A5054262288,Matthias Feurer
https://openalex.org/W2182361439,https://openalex.org/A5044806693,Aaron Klein
https://openalex.org/W2182361439,https://openalex.org/A5081813991,Katharina Eggensperger
https://openalex.org/W2182361439,https://openalex.org/A5017985443,Jost Tobias Springenberg
https://openalex.org/W2182361439,https://openalex.org/A5102766796,Manuel Blum
https://openalex.org/W2182361439,https://openalex.org/A5031002895,Frank Hutter
https://openalex.org/W1549998098,https://openalex.org/A5062355849,Stephen Marsland
https://openalex.org/W3148181069,https://openalex.org/A5030114234,Bahzad Charbuty
https://openalex.org/W3148181069,https://openalex.org/A5015723539,Adnan Mohsin Abdulazeez
https://openalex.org/W1983989471,https://openalex.org/A5109482919,Thomas Burr
https://openalex.org/W2109722477,https://openalex.org/A5102072104,Cheng-Tao Chu
https://openalex.org/W2109722477,https://openalex.org/A5102766681,Sang Kyun Kim
https://openalex.org/W2109722477,https://openalex.org/A5101726183,Yi-An Lin
https://openalex.org/W2109722477,https://openalex.org/A5100704667,Yuanyuan Yu
https://openalex.org/W2109722477,https://openalex.org/A5035523929,Gary R. Bradski
https://openalex.org/W2109722477,https://openalex.org/A5112456378,Andrew Y. Ng
https://openalex.org/W2109722477,https://openalex.org/A5023857198,Kunle Olukotun
https://openalex.org/W4299828299,https://openalex.org/A5005003250,John C. Langford
https://openalex.org/W4299828299,https://openalex.org/A5080591144,Joëlle Pineau
https://openalex.org/W2569214105,https://openalex.org/A5006991763,Ioannis Kavakiotis
https://openalex.org/W2569214105,https://openalex.org/A5019310312,O. Tsave
https://openalex.org/W2569214105,https://openalex.org/A5015285628,Athanasios Salifoglou
https://openalex.org/W2569214105,https://openalex.org/A5082929636,Nicos Maglaveras
https://openalex.org/W2569214105,https://openalex.org/A5066340205,Ioannis P. Vlahavas
https://openalex.org/W2569214105,https://openalex.org/A5078023454,Ioanna Chouvarda
https://openalex.org/W2530417694,https://openalex.org/A5048916516,Jakub Konečný
https://openalex.org/W2530417694,https://openalex.org/A5040311844,H. Brendan McMahan
https://openalex.org/W2530417694,https://openalex.org/A5071710055,Daniel Ramage
https://openalex.org/W2530417694,https://openalex.org/A5036598221,Peter Richtárik
https://openalex.org/W1723619723,https://openalex.org/A5033475830,John H. Maindonald
https://openalex.org/W2342603028,https://openalex.org/A5100320372,Zhongheng Zhang
https://openalex.org/W1569512666,https://openalex.org/A5040530780,S. Haykin
https://openalex.org/W2138178898,https://openalex.org/A5103515726,Arthur L. Samuel
https://openalex.org/W1569098853,https://openalex.org/A5151377153,S. Sra
https://openalex.org/W1569098853,https://openalex.org/A5142764698,S. Nowozin
https://openalex.org/W1569098853,https://openalex.org/A5151310228,S. J. Wright
https://openalex.org/W2803881474,https://openalex.org/A5089827558,Yang Xin
https://openalex.org/W2803881474,https://openalex.org/A5026694096,Lingshuang Kong
https://openalex.org/W2803881474,https://openalex.org/A5100382302,Zhi Liu
https://openalex.org/W2803881474,https://openalex.org/A5100722817,Yuling Chen
https://openalex.org/W2803881474,https://openalex.org/A5078651991,Yanmiao Li
https://openalex.org/W2803881474,https://openalex.org/A5087907871,Hongliang Zhu
https://openalex.org/W2803881474,https://openalex.org/A5102998381,Mingcheng Gao
https://openalex.org/W2803881474,https://openalex.org/A5102729618,Haixia Hou
https://openalex.org/W2803881474,https://openalex.org/A5100358099,Chunhua Wang
https://openalex.org/W2967663220,https://openalex.org/A5010197223,Jia Wu
https://openalex.org/W2967663220,https://openalex.org/A5064795160,Xiu Yun Chen
https://openalex.org/W2967663220,https://openalex.org/A5100396835,Hao Zhang
https://openalex.org/W2967663220,https://openalex.org/A5035009542,Lidong XIONG
https://openalex.org/W2967663220,https://openalex.org/A5101865118,Hang Lei
https://openalex.org/W2967663220,https://openalex.org/A5028355541,Sihao Deng
https://openalex.org/W2943491685,https://openalex.org/A5054008198,Kee Yuan Ngiam
https://openalex.org/W2943491685,https://openalex.org/A5015220859,Ing Wei Khor
https://openalex.org/W4288039037,https://openalex.org/A5002497813,Salvatore Cuomo
https://openalex.org/W4288039037,https://openalex.org/A5047698004,Vincenzo Schiano Di Cola
https://openalex.org/W4288039037,https://openalex.org/A5022404875,Fabio Giampaolo
https://openalex.org/W4288039037,https://openalex.org/A5061558433,Gianluigi Rozza
https://openalex.org/W4288039037,https://openalex.org/A5012536010,Maziar Raissi
https://openalex.org/W4288039037,https://openalex.org/A5016445191,Francesco Piccialli
https://openalex.org/W2096118443,https://openalex.org/A5100610140,Thuy Nguyen Thi Thu
https://openalex.org/W2096118443,https://openalex.org/A5075839939,Grenville J. Armitage
https://openalex.org/W4306871314,https://openalex.org/A5048355868,Brian P. Alcock
https://openalex.org/W4306871314,https://openalex.org/A5077425761,William Huynh
https://openalex.org/W4306871314,https://openalex.org/A5090340829,Romeo Chalil
https://openalex.org/W4306871314,https://openalex.org/A5074484297,Keaton W Smith
https://openalex.org/W4306871314,https://openalex.org/A5050941430,Amogelang R. Raphenya
https://openalex.org/W4306871314,https://openalex.org/A5030472261,Mateusz A. Wlodarski
https://openalex.org/W4306871314,https://openalex.org/A5077815148,Arman Edalatmand
https://openalex.org/W4306871314,https://openalex.org/A5113791915,Aaron Petkau
https://openalex.org/W4306871314,https://openalex.org/A5075072828,Sohaib A Syed
https://openalex.org/W4306871314,https://openalex.org/A5033830263,Kara K. Tsang
https://openalex.org/W4306871314,https://openalex.org/A5017732271,Sheridan J.C. Baker
https://openalex.org/W4306871314,https://openalex.org/A5017653594,Mugdha Dave
https://openalex.org/W4306871314,https://openalex.org/A5007491277,Madeline C. McCarthy
https://openalex.org/W4306871314,https://openalex.org/A5019307802,Karyn M Mukiri
https://openalex.org/W4306871314,https://openalex.org/A5018354892,Jalees A. Nasir
https://openalex.org/W4306871314,https://openalex.org/A5036961395,Bahar Golbon
https://openalex.org/W4306871314,https://openalex.org/A5060660050,Hamna Imtiaz
https://openalex.org/W4306871314,https://openalex.org/A5110538787,Xingjian Jiang
https://openalex.org/W4306871314,https://openalex.org/A5064723414,Komal Kaur
https://openalex.org/W4306871314,https://openalex.org/A5077968703,Megan W‐L Kwong
https://openalex.org/W4306871314,https://openalex.org/A5017670626,Zi Cheng Liang
https://openalex.org/W4306871314,https://openalex.org/A5003988251,Keyu C Niu
https://openalex.org/W4306871314,https://openalex.org/A5074018077,Prabakar Shan
https://openalex.org/W4306871314,https://openalex.org/A5049942275,Jasmine Y J Yang
https://openalex.org/W4306871314,https://openalex.org/A5062626798,Kristen L. Gray
https://openalex.org/W4306871314,https://openalex.org/A5087085935,Gemma R Hoad
https://openalex.org/W4306871314,https://openalex.org/A5025864936,Baofeng Jia
https://openalex.org/W4306871314,https://openalex.org/A5042410742,Timsy Bhando
https://openalex.org/W4306871314,https://openalex.org/A5022140958,Lindsey A. Carfrae
https://openalex.org/W4306871314,https://openalex.org/A5027167709,Maya A. Farha
https://openalex.org/W4306871314,https://openalex.org/A5090927714,Shawn French
https://openalex.org/W4306871314,https://openalex.org/A5092017128,Rodion Gordzevich
https://openalex.org/W4306871314,https://openalex.org/A5033493813,Kenneth Rachwalski
https://openalex.org/W4306871314,https://openalex.org/A5047044613,Megan M. Tu
https://openalex.org/W4306871314,https://openalex.org/A5029508936,Emily Bordeleau
https://openalex.org/W4306871314,https://openalex.org/A5006394765,Damion Dooley
https://openalex.org/W4306871314,https://openalex.org/A5023286690,Emma Griffiths
https://openalex.org/W4306871314,https://openalex.org/A5085053942,Haley L. Zubyk
https://openalex.org/W4306871314,https://openalex.org/A5076663151,Eric D. Brown
https://openalex.org/W4306871314,https://openalex.org/A5051594885,Finlay Maguire
https://openalex.org/W4306871314,https://openalex.org/A5063083987,Robert Gerald Beiko
https://openalex.org/W4306871314,https://openalex.org/A5019488638,William Hsiao
https://openalex.org/W4306871314,https://openalex.org/A5050197558,Fiona S. L. Brinkman
https://openalex.org/W4306871314,https://openalex.org/A5008793716,Gary Van Domselaar
https://openalex.org/W4306871314,https://openalex.org/A5012803072,Andrew G. McArthur
https://openalex.org/W3025104221,https://openalex.org/A5000342150,Miao Zhong
https://openalex.org/W3025104221,https://openalex.org/A5008974845,Kevin C Tran
https://openalex.org/W3025104221,https://openalex.org/A5074546064,Yimeng Min
https://openalex.org/W3025104221,https://openalex.org/A5088804168,Chuanhao Wang
https://openalex.org/W3025104221,https://openalex.org/A5100744706,Ziyun Wang
https://openalex.org/W3025104221,https://openalex.org/A5012487063,Cao‐Thang Dinh
https://openalex.org/W3025104221,https://openalex.org/A5001195523,Phil De Luna
https://openalex.org/W3025104221,https://openalex.org/A5103332295,Zongqian Yu
https://openalex.org/W3025104221,https://openalex.org/A5001981614,Armin Sedighian Rasouli
https://openalex.org/W3025104221,https://openalex.org/A5054641401,Peter M. Brodersen
https://openalex.org/W3025104221,https://openalex.org/A5078325730,Song Sun
https://openalex.org/W3025104221,https://openalex.org/A5051815230,Oleksandr Voznyy
https://openalex.org/W3025104221,https://openalex.org/A5043475619,Chih‐Shan Tan
https://openalex.org/W3025104221,https://openalex.org/A5015651438,Mikhail Askerka
https://openalex.org/W3025104221,https://openalex.org/A5072657571,Fanglin Che
https://openalex.org/W3025104221,https://openalex.org/A5100343920,Min Liu
https://openalex.org/W3025104221,https://openalex.org/A5013704951,Ali Seifitokaldani
https://openalex.org/W3025104221,https://openalex.org/A5088633622,Yuanjie Pang
https://openalex.org/W3025104221,https://openalex.org/A5103880334,Shen‐Chuan Lo
https://openalex.org/W3025104221,https://openalex.org/A5033577896,Alexander H. Ip
https://openalex.org/W3025104221,https://openalex.org/A5024574386,Zachary W. Ulissi
https://openalex.org/W3025104221,https://openalex.org/A5054680242,Edward Hartley Sargent
https://openalex.org/W2902802452,https://openalex.org/A5022388476,Alvin Rajkomar
https://openalex.org/W2902802452,https://openalex.org/A5023194884,Michaela Hardt
https://openalex.org/W2902802452,https://openalex.org/A5025488519,Michael D Howell
https://openalex.org/W2902802452,https://openalex.org/A5068955381,Greg S. Corrado
https://openalex.org/W2902802452,https://openalex.org/A5063279963,Marshall H. Chin
https://openalex.org/W4232533539,https://openalex.org/A5100621138,Zhi‐Hua Zhou
https://openalex.org/W2162630660,https://openalex.org/A5103424470,Andrew Kachites McCallum
https://openalex.org/W2162630660,https://openalex.org/A5023964724,Kamal Nigam
https://openalex.org/W2162630660,https://openalex.org/A5086590798,Jason D. M. Rennie
https://openalex.org/W2162630660,https://openalex.org/A5053848930,Kristie Seymore
https://openalex.org/W3118299338,https://openalex.org/A5081660581,Dastan Hussen Maulud
https://openalex.org/W3118299338,https://openalex.org/A5015723539,Adnan Mohsin Abdulazeez
https://openalex.org/W2949095042,https://openalex.org/A5100435616,Chi Chen
https://openalex.org/W2949095042,https://openalex.org/A5021883317,Weike Ye
https://openalex.org/W2949095042,https://openalex.org/A5101567554,Yunxing Zuo
https://openalex.org/W2949095042,https://openalex.org/A5100370681,Zheng Chen
https://openalex.org/W2949095042,https://openalex.org/A5002723657,Shyue Ping Ong
https://openalex.org/W2218047931,https://openalex.org/A5006358132,David John Lary
https://openalex.org/W2218047931,https://openalex.org/A5081817597,Amir H. Alavi
https://openalex.org/W2218047931,https://openalex.org/A5039341855,Amir H. Gandomi
https://openalex.org/W2218047931,https://openalex.org/A5109392032,Annette L. Walker
https://openalex.org/W1566376227,https://openalex.org/A5063502807,Geoffrey Holmes
https://openalex.org/W1566376227,https://openalex.org/A5016175187,A. Donkin
https://openalex.org/W1566376227,https://openalex.org/A5045934263,Ian H. Witten
https://openalex.org/W2098740506,https://openalex.org/A5049812833,Pedro Larrañaga
https://openalex.org/W2098740506,https://openalex.org/A5101465028,Borja Calvo
https://openalex.org/W2098740506,https://openalex.org/A5034080501,Roberto Santana
https://openalex.org/W2098740506,https://openalex.org/A5010920098,Concha Bielza
https://openalex.org/W2098740506,https://openalex.org/A5025806198,Josu Galdiano
https://openalex.org/W2098740506,https://openalex.org/A5045973875,Iñaki Inza
https://openalex.org/W2098740506,https://openalex.org/A5050500830,Jose Antonio Lozano
https://openalex.org/W2098740506,https://openalex.org/A5041627450,Rubén Armañanzas
https://openalex.org/W2098740506,https://openalex.org/A5088621201,Guzmán Santafé
https://openalex.org/W2098740506,https://openalex.org/A5053399459,Aritz Pérez
https://openalex.org/W2098740506,https://openalex.org/A5035271106,Vı́ctor Robles
https://openalex.org/W2096352448,https://openalex.org/A5066370772,Sotiris B. Kotsiantis
https://openalex.org/W2096352448,https://openalex.org/A5044356009,Ioannis D. Zaharakis
https://openalex.org/W2096352448,https://openalex.org/A5024258131,Panagiotis Pintelas
https://openalex.org/W2125908420,https://openalex.org/A5003409421,Marco Barreno
https://openalex.org/W2125908420,https://openalex.org/A5108249434,Blaine A. Nelson
https://openalex.org/W2125908420,https://openalex.org/A5017381278,Anthony Douglas Joseph
https://openalex.org/W2125908420,https://openalex.org/A5113907559,J. D. Tygar
https://openalex.org/W4392741075,https://openalex.org/A5032454142,Oona Rainio
https://openalex.org/W4392741075,https://openalex.org/A5057164456,Jarmo Teuho
https://openalex.org/W4392741075,https://openalex.org/A5063909760,Riku Klén
https://openalex.org/W4296886862,https://openalex.org/A5022104502,Joseph A. Cruz
https://openalex.org/W4296886862,https://openalex.org/A5003573061,David Scott Wishart
https://openalex.org/W2576683119,https://openalex.org/A5010146682,Lina Zhou
https://openalex.org/W2576683119,https://openalex.org/A5048111120,Shimei Pan
https://openalex.org/W2576683119,https://openalex.org/A5101750217,Jianwu Wang
https://openalex.org/W2576683119,https://openalex.org/A5074022699,Athanasios V. Vasilakos
https://openalex.org/W2963518130,https://openalex.org/A5102796459,Mikhail Belkin
https://openalex.org/W2963518130,https://openalex.org/A5061246300,Daniel Hsu
https://openalex.org/W2963518130,https://openalex.org/A5032794241,Siyuan Ma
https://openalex.org/W2963518130,https://openalex.org/A5058503259,Soumik Mandal
https://openalex.org/W2794778778,https://openalex.org/A5022353147,Spyros Makridakis
https://openalex.org/W2794778778,https://openalex.org/A5015832946,Evangelos Spiliotis
https://openalex.org/W2794778778,https://openalex.org/A5112615779,Vassilios Assimakopoulos
https://openalex.org/W4210916416,https://openalex.org/A5033097071,Lynn H. Kaack
https://openalex.org/W4210916416,https://openalex.org/A5056513353,David Rolnick
https://openalex.org/W4210916416,https://openalex.org/A5075620331,Priya L. Donti
https://openalex.org/W4210916416,https://openalex.org/A5074042399,Kelly Kochanski
https://openalex.org/W4210916416,https://openalex.org/A5040248599,Alexandre Lacoste
https://openalex.org/W4210916416,https://openalex.org/A5083577035,Kris Sankaran
https://openalex.org/W4210916416,https://openalex.org/A5024337758,Andrew Slavin Ross
https://openalex.org/W4210916416,https://openalex.org/A5042316600,Nikola Milojevic-Dupont
https://openalex.org/W4210916416,https://openalex.org/A5046953322,Natasha Jaques
https://openalex.org/W4210916416,https://openalex.org/A5017261983,Anna Waldman‐Brown
https://openalex.org/W4210916416,https://openalex.org/A5091714241,Alexandra Sasha Luccioni
https://openalex.org/W4210916416,https://openalex.org/A5061026145,Tegan Maharaj
https://openalex.org/W4210916416,https://openalex.org/A5069897039,Evan David Sherwin
https://openalex.org/W4210916416,https://openalex.org/A5072047827,Konrad Paul Kording
https://openalex.org/W4210916416,https://openalex.org/A5069030030,Carla Pedro Gomes
https://openalex.org/W4210916416,https://openalex.org/A5112456378,Andrew Y. Ng
https://openalex.org/W4210916416,https://openalex.org/A5005349213,Demis Hassabis
https://openalex.org/W4210916416,https://openalex.org/A5073032636,John C. Platt
https://openalex.org/W4210916416,https://openalex.org/A5078552854,Felix Creutzig
https://openalex.org/W4210916416,https://openalex.org/A5038662431,Jennifer Chayes
https://openalex.org/W4210916416,https://openalex.org/A5086198262,Yoshua Bengio
https://openalex.org/W2335322260,https://openalex.org/A5111782043,Earl Hunt
https://openalex.org/W2773446523,https://openalex.org/A5008367647,Battista Biggio
https://openalex.org/W2773446523,https://openalex.org/A5065359946,Fabio Roli
https://openalex.org/W3170657538,https://openalex.org/A5081100614,Tlamelo Emmanuel
https://openalex.org/W3170657538,https://openalex.org/A5079278371,Thabiso Maupong
https://openalex.org/W3170657538,https://openalex.org/A5071062941,Dimane Mpoeleng
https://openalex.org/W3170657538,https://openalex.org/A5048200628,Thabo Semong
https://openalex.org/W3170657538,https://openalex.org/A5049300129,Banyatsang Mphago
https://openalex.org/W3170657538,https://openalex.org/A5028452064,Oteng Tabona
https://openalex.org/W4234556776,https://openalex.org/A5057936560,Peter A. Flach
https://openalex.org/W2801991413,https://openalex.org/A5013942048,Yu‐Chen Lo
https://openalex.org/W2801991413,https://openalex.org/A5010505751,Stefano Rensi
https://openalex.org/W2801991413,https://openalex.org/A5070774177,Wen Torng
https://openalex.org/W2801991413,https://openalex.org/A5084043782,Russ Biagio Altman
https://openalex.org/W2996075766,https://openalex.org/A5073064865,Joost Verbraeken
https://openalex.org/W2996075766,https://openalex.org/A5016223235,Matthijs Wolting
https://openalex.org/W2996075766,https://openalex.org/A5080480598,Jonathan Katzy
https://openalex.org/W2996075766,https://openalex.org/A5043039927,Jeroen Kloppenburg
https://openalex.org/W2996075766,https://openalex.org/A5071221406,Tim Verbelen
https://openalex.org/W2996075766,https://openalex.org/A5024597108,Jan S. Rellermeyer
https://openalex.org/W9657784,https://openalex.org/A5008367647,Battista Biggio
https://openalex.org/W9657784,https://openalex.org/A5032367579,Igino Corona
https://openalex.org/W9657784,https://openalex.org/A5051452548,Davide Maiorca
https://openalex.org/W9657784,https://openalex.org/A5108249434,Blaine A. Nelson
https://openalex.org/W9657784,https://openalex.org/A5089735573,Pavel Laskov
https://openalex.org/W9657784,https://openalex.org/A5075367917,Giorgio Giacinto
https://openalex.org/W2165698076,https://openalex.org/A5082984558,Sinno Jialin Pan
https://openalex.org/W2165698076,https://openalex.org/A5100636286,Qiang Yang
https://openalex.org/W2945526235,https://openalex.org/A5043510754,Ribana Roscher
https://openalex.org/W2945526235,https://openalex.org/A5046381777,Bastian Bohn
https://openalex.org/W2945526235,https://openalex.org/A5079975633,Marco F. Duarte
https://openalex.org/W2945526235,https://openalex.org/A5068763843,Jochen Garcke
https://openalex.org/W2938803199,https://openalex.org/A5060834723,Kevin Yang
https://openalex.org/W2938803199,https://openalex.org/A5003064960,Zachary Wu
https://openalex.org/W2938803199,https://openalex.org/A5043841592,Frances H. Arnold
https://openalex.org/W1574862351,https://openalex.org/A5014687727,Thorsten Joachims
https://openalex.org/W2151298633,https://openalex.org/A5003409421,Marco Barreno
https://openalex.org/W2151298633,https://openalex.org/A5108249434,Blaine A. Nelson
https://openalex.org/W2151298633,https://openalex.org/A5087406745,Russell Sears
https://openalex.org/W2151298633,https://openalex.org/A5017381278,Anthony Douglas Joseph
https://openalex.org/W2151298633,https://openalex.org/A5113907559,J. D. Tygar
https://openalex.org/W410850256,https://openalex.org/A5062292480,Xiangrui Meng
https://openalex.org/W410850256,https://openalex.org/A5005512393,Joseph K. Bradley
https://openalex.org/W410850256,https://openalex.org/A5027266428,Burak Yavuz
https://openalex.org/W410850256,https://openalex.org/A5042005594,Evan Sparks
https://openalex.org/W410850256,https://openalex.org/A5082710354,Shivaram Venkataraman
https://openalex.org/W410850256,https://openalex.org/A5049060330,Davies Liu
https://openalex.org/W410850256,https://openalex.org/A5050714489,Jeremy Freeman
https://openalex.org/W410850256,https://openalex.org/A5003563618,DB Tsai
https://openalex.org/W410850256,https://openalex.org/A5015507342,Manish Amde
https://openalex.org/W410850256,https://openalex.org/A5090516335,Sean Owen
https://openalex.org/W410850256,https://openalex.org/A5028796772,Doris Xin
https://openalex.org/W410850256,https://openalex.org/A5000259060,Reynold Xin
https://openalex.org/W410850256,https://openalex.org/A5102019638,Michael J. M. Franklin
https://openalex.org/W410850256,https://openalex.org/A5110281879,Reza Bosagh Zadeh
https://openalex.org/W410850256,https://openalex.org/A5005554337,Matei Zaharia
https://openalex.org/W410850256,https://openalex.org/A5029768722,Ameet Talwalkar
https://openalex.org/W1582368210,https://openalex.org/A5040799192,Charles R. Farrar
https://openalex.org/W1582368210,https://openalex.org/A5017996489,Keith Worden
https://openalex.org/W2979543333,https://openalex.org/A5060417403,Susmita Ray
https://openalex.org/W2026131661,https://openalex.org/A5061746912,Guang-Bin Huang
https://openalex.org/W2026131661,https://openalex.org/A5007257279,Hongming Zhou
https://openalex.org/W2026131661,https://openalex.org/A5061819607,Xiaojian Ding
https://openalex.org/W2026131661,https://openalex.org/A5100421978,Rui Zhang
https://openalex.org/W2490662969,https://openalex.org/A5073653228,Kebo Fu
https://openalex.org/W1498183065,https://openalex.org/A5088813478,Pierre Baldi
https://openalex.org/W1498183065,https://openalex.org/A5011862057,Søren Brunak
https://openalex.org/W2429914308,https://openalex.org/A5081080355,Ioannis Tsochantaridis
https://openalex.org/W2429914308,https://openalex.org/A5045413165,Thomas Frank Hofmann
https://openalex.org/W2429914308,https://openalex.org/A5014687727,Thorsten Joachims
https://openalex.org/W2429914308,https://openalex.org/A5085471281,Yasemin Altün
https://openalex.org/W2521200999,https://openalex.org/A5106135488,Guillaume Lemaître
https://openalex.org/W2521200999,https://openalex.org/A5056717649,Fernando Nogueira
https://openalex.org/W2521200999,https://openalex.org/A5022254764,Christos K. Aridas
https://openalex.org/W4247665917,https://openalex.org/A5141471176,Andrés Santiago González Moreno
https://openalex.org/W2101109743,https://openalex.org/A5045234607,Chih‐Fong Tsai
https://openalex.org/W2101109743,https://openalex.org/A5089741924,Yu‐Feng Hsu
https://openalex.org/W2101109743,https://openalex.org/A5103444463,Chia-Ying Lin
https://openalex.org/W2101109743,https://openalex.org/A5101420358,Wei-Yang Lin
https://openalex.org/W2922234936,https://openalex.org/A5057541630,Saleema Amershi
https://openalex.org/W2922234936,https://openalex.org/A5069794323,Andrew Begel
https://openalex.org/W2922234936,https://openalex.org/A5036278905,Christian Bird
https://openalex.org/W2922234936,https://openalex.org/A5026655012,Robert A DeLine
https://openalex.org/W2922234936,https://openalex.org/A5009436227,Harald C. Gall
https://openalex.org/W2922234936,https://openalex.org/A5028114802,Ece Kamar
https://openalex.org/W2922234936,https://openalex.org/A5101612061,Nachiappan Nagappan
https://openalex.org/W2922234936,https://openalex.org/A5011998621,Besmira Nushi
https://openalex.org/W2922234936,https://openalex.org/A5061605447,Thomas Zimmermann
https://openalex.org/W2913997948,https://openalex.org/A5027201749,Evangelia F. CHRISTODOULOU
https://openalex.org/W2913997948,https://openalex.org/A5033683284,Jie Ma
https://openalex.org/W2913997948,https://openalex.org/A5060891981,Professor Gary S. Collins
https://openalex.org/W2913997948,https://openalex.org/A5091435927,Ewout Willem Steyerberg
https://openalex.org/W2913997948,https://openalex.org/A5058597472,Jan Yvan Jos Verbakel
https://openalex.org/W2913997948,https://openalex.org/A5086320066,Ben Van Calster
https://openalex.org/W2972137370,https://openalex.org/A5023173469,Thyago Peres Carvalho
https://openalex.org/W2972137370,https://openalex.org/A5039357068,Fabrizzio Alphonsus Alves de Melo Nunes Soares
https://openalex.org/W2972137370,https://openalex.org/A5060480393,Roberto Oliveira Vita
https://openalex.org/W2972137370,https://openalex.org/A5043898090,Roberto da Piedade Francisco
https://openalex.org/W2972137370,https://openalex.org/A5083581079,João Basto
https://openalex.org/W2972137370,https://openalex.org/A5077066190,Symone Gomes Soares Alcalá
https://openalex.org/W2969881216,https://openalex.org/A5055037967,Jenna Wiens
https://openalex.org/W2969881216,https://openalex.org/A5055371276,Suchi Saria
https://openalex.org/W2969881216,https://openalex.org/A5089062751,Mark Sendak
https://openalex.org/W2969881216,https://openalex.org/A5070063054,Marzyeh Ghassemi
https://openalex.org/W2969881216,https://openalex.org/A5038771285,Finale Doshi‐Velez
https://openalex.org/W2969881216,https://openalex.org/A5102792254,Kenneth Jung
https://openalex.org/W2969881216,https://openalex.org/A5014018142,Katherine Heller
https://openalex.org/W2969881216,https://openalex.org/A5060074676,David C. Kale
https://openalex.org/W2969881216,https://openalex.org/A5078686530,Mohammed Saeed
https://openalex.org/W2969881216,https://openalex.org/A5022685497,Pilar N. Ossorio
https://openalex.org/W2969881216,https://openalex.org/A5043452972,Sonoo Thadaney-Israni
https://openalex.org/W2969881216,https://openalex.org/A5087983309,Anna Goldenberg
https://openalex.org/W3010521003,https://openalex.org/A5058429848,Solveig Badillo
https://openalex.org/W3010521003,https://openalex.org/A5037722353,Balázs Bánfai
https://openalex.org/W3010521003,https://openalex.org/A5013810520,Fabian Birzele
https://openalex.org/W3010521003,https://openalex.org/A5027517899,Iakov I. Davydov
https://openalex.org/W3010521003,https://openalex.org/A5088635550,Lucy G. Hutchinson
https://openalex.org/W3010521003,https://openalex.org/A5107593370,Tony Kam‐Thong
https://openalex.org/W3010521003,https://openalex.org/A5043312189,Juliane Siebourg‐Polster
https://openalex.org/W3010521003,https://openalex.org/A5049516248,Bernhard Steiert
https://openalex.org/W3010521003,https://openalex.org/A5032930986,Jitao David Zhang
https://openalex.org/W2089933214,https://openalex.org/A5081275482,Pat Langley
https://openalex.org/W2947411064,https://openalex.org/A5058593367,Shaveta Dargan
https://openalex.org/W2947411064,https://openalex.org/A5055589318,Munish Kumar
https://openalex.org/W2947411064,https://openalex.org/A5003259309,Maruthi Rohit Ayyagari
https://openalex.org/W2947411064,https://openalex.org/A5074002328,Gulshan Kumar
https://openalex.org/W2147492008,https://openalex.org/A5001594330,Peter Stone
https://openalex.org/W2147492008,https://openalex.org/A5088276691,Manuela Veloso
https://openalex.org/W1408981388,https://openalex.org/A5049138051,Chintan Parmar
https://openalex.org/W1408981388,https://openalex.org/A5062210537,Patrick Großmann
https://openalex.org/W1408981388,https://openalex.org/A5023112999,Johan Bussink
https://openalex.org/W1408981388,https://openalex.org/A5058987737,Philippe Lambin
https://openalex.org/W1408981388,https://openalex.org/A5001452511,Hugo J.W.L. Aerts
https://openalex.org/W1528741131,https://openalex.org/A5010597773,Issam El Naqa
https://openalex.org/W1528741131,https://openalex.org/A5044115824,Martin J. Murphy
https://openalex.org/W3101981467,https://openalex.org/A5059445519,Nadia Burkart
https://openalex.org/W3101981467,https://openalex.org/A5031354877,Marco F. Huber
https://openalex.org/W2609731728,https://openalex.org/A5019584052,Alexandra L’Heureux
https://openalex.org/W2609731728,https://openalex.org/A5012962681,Katarina Grolinger
https://openalex.org/W2609731728,https://openalex.org/A5045143553,Hany F. ElYamany
https://openalex.org/W2609731728,https://openalex.org/A5083634004,Miriam A. M. Capretz
https://openalex.org/W2888109941,https://openalex.org/A5044143803,Milena A. Gianfrancesco
https://openalex.org/W2888109941,https://openalex.org/A5036575460,Suzanne R Tamang
https://openalex.org/W2888109941,https://openalex.org/A5027451778,Jinoos Yazdany
https://openalex.org/W2888109941,https://openalex.org/A5037692645,Gabriela Schmajuk
https://openalex.org/W2980576170,https://openalex.org/A5100773328,Hongyu Liu
https://openalex.org/W2980576170,https://openalex.org/A5100310123,Bo Lang
https://openalex.org/W2067713319,https://openalex.org/A5024696170,Johannes Stallkamp
https://openalex.org/W2067713319,https://openalex.org/A5025991216,Marc Schlipsing
https://openalex.org/W2067713319,https://openalex.org/A5017703542,Jan Salmen
https://openalex.org/W2067713319,https://openalex.org/A5042628612,Christian Igel
https://openalex.org/W4292289324,https://openalex.org/A5001207425,Eduardo Mosqueira-Rey
https://openalex.org/W4292289324,https://openalex.org/A5021138620,Elena Hernández-Pereira
https://openalex.org/W4292289324,https://openalex.org/A5072427305,David Alonso-Ríos
https://openalex.org/W4292289324,https://openalex.org/A5076081465,José Bobes-Bascarán
https://openalex.org/W4292289324,https://openalex.org/A5077238823,Ángel Fernández-Leal
https://openalex.org/W2562947506,https://openalex.org/A5005072193,Chunxiao Jiang
https://openalex.org/W2562947506,https://openalex.org/A5100458455,Haijun Zhang
https://openalex.org/W2562947506,https://openalex.org/A5002346706,Yong Ren
https://openalex.org/W2562947506,https://openalex.org/A5063667378,Zhu Han
https://openalex.org/W2562947506,https://openalex.org/A5022325942,Kwang‐Cheng Chen
https://openalex.org/W2805310212,https://openalex.org/A5004212801,Diogo M. Camacho
https://openalex.org/W2805310212,https://openalex.org/A5024828997,Katherine M. Collins
https://openalex.org/W2805310212,https://openalex.org/A5049104468,Rani K. Powers
https://openalex.org/W2805310212,https://openalex.org/A5035378993,James C. Costello
https://openalex.org/W2805310212,https://openalex.org/A5065209470,James J. Collins
https://openalex.org/W4256669726,https://openalex.org/A5058054791,Geoffrey I. Webb
https://openalex.org/W4256669726,https://openalex.org/A5148294188,Claude Sammut
https://openalex.org/W2083842231,https://openalex.org/A5100399461,Mu Li
https://openalex.org/W2083842231,https://openalex.org/A5085479490,David G. Andersen
https://openalex.org/W2083842231,https://openalex.org/A5003494873,Jun Woo Park
https://openalex.org/W2083842231,https://openalex.org/A5000245150,Alexander Johannes Smola
https://openalex.org/W2083842231,https://openalex.org/A5009154893,Amr Ahmed
https://openalex.org/W2083842231,https://openalex.org/A5037908462,Vanja Josifovski
https://openalex.org/W2083842231,https://openalex.org/A5111652361,James E. Long
https://openalex.org/W2083842231,https://openalex.org/A5047853212,Eugene J. Shekita
https://openalex.org/W2083842231,https://openalex.org/A5028514073,Bor-Yiing Su
https://openalex.org/W1588282782,https://openalex.org/A5005267732,Miroslav Kubát
https://openalex.org/W1588282782,https://openalex.org/A5077149145,Robert C. Holte
https://openalex.org/W1588282782,https://openalex.org/A5042893723,Stan Matwin
https://openalex.org/W2787427645,https://openalex.org/A5028439268,Dominic Dwyer
https://openalex.org/W2787427645,https://openalex.org/A5054861340,Peter Falkai
https://openalex.org/W2787427645,https://openalex.org/A5091561757,Nikolaos Koutsouleris
https://openalex.org/W3128704025,https://openalex.org/A5041495428,Dmitrii Kochkov
https://openalex.org/W3128704025,https://openalex.org/A5057128860,Jamie Smith
https://openalex.org/W3128704025,https://openalex.org/A5041206584,Ayya Alieva
https://openalex.org/W3128704025,https://openalex.org/A5102013898,Mengqing Wang
https://openalex.org/W3128704025,https://openalex.org/A5001027226,Michael P. Brenner
https://openalex.org/W3128704025,https://openalex.org/A5070161680,Stephan Hoyer
https://openalex.org/W2085789144,https://openalex.org/A5047846625,Shiliang Sun
https://openalex.org/W2064208261,https://openalex.org/A5021363179,Margaret Ann Shipp
https://openalex.org/W2064208261,https://openalex.org/A5085703965,Ken N. Ross
https://openalex.org/W2064208261,https://openalex.org/A5017114712,Pablo Tamayo
https://openalex.org/W2064208261,https://openalex.org/A5069512440,Andrew P. Weng
https://openalex.org/W2064208261,https://openalex.org/A5005876566,Jeffery Lorne Kutok
https://openalex.org/W2064208261,https://openalex.org/A5046156970,Ricardo C.T. Aguiar
https://openalex.org/W2064208261,https://openalex.org/A5091848368,Michelle Gaasenbeek
https://openalex.org/W2064208261,https://openalex.org/A5111080114,Michael Angelo
https://openalex.org/W2064208261,https://openalex.org/A5066328638,Michael M. Reich
https://openalex.org/W2064208261,https://openalex.org/A5112148042,Geraldine S. Pinkus
https://openalex.org/W2064208261,https://openalex.org/A5110345069,Tane S. Ray
https://openalex.org/W2064208261,https://openalex.org/A5060593433,Margaret Koval
https://openalex.org/W2064208261,https://openalex.org/A5103740721,Kim Last
https://openalex.org/W2064208261,https://openalex.org/A5017652879,A. J. Norton
https://openalex.org/W2064208261,https://openalex.org/A5103473423,T. Andrew Lister
https://openalex.org/W2064208261,https://openalex.org/A5077622597,Jill P. Mesirov
https://openalex.org/W2064208261,https://openalex.org/A5003947352,Donna S Neuberg
https://openalex.org/W2064208261,https://openalex.org/A5020748592,Eric S. Lander
https://openalex.org/W2064208261,https://openalex.org/A5029821721,Jon Christopher Aster
https://openalex.org/W2064208261,https://openalex.org/A5001449157,Todd R. Golub
https://openalex.org/W2923222994,https://openalex.org/A5033276810,Karianne J. Bergen
https://openalex.org/W2923222994,https://openalex.org/A5072125670,Paul Allan Johnson
https://openalex.org/W2923222994,https://openalex.org/A5026803226,Maarten V. de Hoop
https://openalex.org/W2923222994,https://openalex.org/A5084849254,Gregory C. Beroza
https://openalex.org/W2606916050,https://openalex.org/A5052752987,Flávio Barboza
https://openalex.org/W2606916050,https://openalex.org/A5090500337,Herbert Kimura
https://openalex.org/W2606916050,https://openalex.org/A5084624849,Edward I. Altman
https://openalex.org/W2998847955,https://openalex.org/A5012648849,Esteban P. Samaniego
https://openalex.org/W2998847955,https://openalex.org/A5018353156,Cosmin Anitescu
https://openalex.org/W2998847955,https://openalex.org/A5015683810,Somdatta Goswami
https://openalex.org/W2998847955,https://openalex.org/A5011876859,Vien Minh Nguyen‐Thanh
https://openalex.org/W2998847955,https://openalex.org/A5100639567,Hongwei Guo
https://openalex.org/W2998847955,https://openalex.org/A5043926461,Khader M. Hamdia
https://openalex.org/W2998847955,https://openalex.org/A5069067424,Xiaoying Zhuang
https://openalex.org/W2998847955,https://openalex.org/A5065190539,Timon Rabczuk
https://openalex.org/W2069816479,https://openalex.org/A5100627213,Shijun Wang
https://openalex.org/W2069816479,https://openalex.org/A5016047550,Ronald M. Summers
https://openalex.org/W3025161810,https://openalex.org/A5022914115,Tammy Jiang
https://openalex.org/W3025161810,https://openalex.org/A5034374546,Jaimie L. Gradus
https://openalex.org/W3025161810,https://openalex.org/A5067153327,Anthony J. Rosellini
https://openalex.org/W2922705140,https://openalex.org/A5001211242,Susan Carleton Athey
https://openalex.org/W2922705140,https://openalex.org/A5052726702,Guido W. Imbens
https://openalex.org/W2751723768,https://openalex.org/A5056846884,Daisuke Komura
https://openalex.org/W2751723768,https://openalex.org/A5049613195,Shumpei Ishikawa
https://openalex.org/W1560107318,https://openalex.org/A5103724660,Mark A. Hall
https://openalex.org/W4224988655,https://openalex.org/A5107808522,Hongyuan Lu
https://openalex.org/W4224988655,https://openalex.org/A5085061919,Daniel J. Diaz
https://openalex.org/W4224988655,https://openalex.org/A5085935895,Natalie J. Czarnecki
https://openalex.org/W4224988655,https://openalex.org/A5001529668,Congzhi Zhu
https://openalex.org/W4224988655,https://openalex.org/A5024914565,Wantae Kim
https://openalex.org/W4224988655,https://openalex.org/A5023843946,Raghav Shroff
https://openalex.org/W4224988655,https://openalex.org/A5076364236,Daniel J. Acosta
https://openalex.org/W4224988655,https://openalex.org/A5112693919,Brad Alexander
https://openalex.org/W4224988655,https://openalex.org/A5035548385,Hannah O. Cole
https://openalex.org/W4224988655,https://openalex.org/A5037799326,Yan Zhang
https://openalex.org/W4224988655,https://openalex.org/A5037852998,Nathaniel A. Lynd
https://openalex.org/W4224988655,https://openalex.org/A5089627980,Andrew D. Ellington
https://openalex.org/W4224988655,https://openalex.org/A5023917549,Hal S. Alper
https://openalex.org/W753012316,https://openalex.org/A5053915453,Ronan Collobert
https://openalex.org/W753012316,https://openalex.org/A5090341705,Koray Kavukcuoglu
https://openalex.org/W753012316,https://openalex.org/A5023316826,Clément Farabet
https://openalex.org/W2406349003,https://openalex.org/A5058940727,Junfei Qiu
https://openalex.org/W2406349003,https://openalex.org/A5100785098,Qihui Wu
https://openalex.org/W2406349003,https://openalex.org/A5076455133,Guoru Ding
https://openalex.org/W2406349003,https://openalex.org/A5019608888,Yuhua Xu
https://openalex.org/W2406349003,https://openalex.org/A5090727900,Shuo Feng
https://openalex.org/W2727650337,https://openalex.org/A5046725885,Jonathan H. Chen
https://openalex.org/W2727650337,https://openalex.org/A5064421397,Steven M. Asch
https://openalex.org/W3033511014,https://openalex.org/A5000554104,Georgios A. Kaissis
https://openalex.org/W3033511014,https://openalex.org/A5051070119,Marcus R. Makowski
https://openalex.org/W3033511014,https://openalex.org/A5110428825,Daniel Rückert
https://openalex.org/W3033511014,https://openalex.org/A5007748020,Rickmer Braren
https://openalex.org/W3183767639,https://openalex.org/A5035097475,Gus L. W. Hart
https://openalex.org/W3183767639,https://openalex.org/A5013792729,Tim Mueller
https://openalex.org/W3183767639,https://openalex.org/A5058912530,Cormac Toher
https://openalex.org/W3183767639,https://openalex.org/A5006314784,Stefano Curtarolo
https://openalex.org/W2087016914,https://openalex.org/A5031853629,Samina Khalid
https://openalex.org/W2087016914,https://openalex.org/A5109960059,Tehmina Khalil
https://openalex.org/W2087016914,https://openalex.org/A5076298083,Shamila Nasreen
https://openalex.org/W2805142011,https://openalex.org/A5014731691,Anna Chlingaryan
https://openalex.org/W2805142011,https://openalex.org/A5004268965,Salah Sukkarieh
https://openalex.org/W2805142011,https://openalex.org/A5109495519,Brett  M. Whelan
https://openalex.org/W1501005121,https://openalex.org/A5057541630,Saleema Amershi
https://openalex.org/W1501005121,https://openalex.org/A5063086622,Maya Çakmak
https://openalex.org/W1501005121,https://openalex.org/A5056649746,W. Bradley Knox
https://openalex.org/W1501005121,https://openalex.org/A5039255125,Todd Kulesza
https://openalex.org/W4385302529,https://openalex.org/A5030978914,Alex Chklovski
https://openalex.org/W4385302529,https://openalex.org/A5060754496,Donovan H. Parks
https://openalex.org/W4385302529,https://openalex.org/A5035489365,Ben J. Woodcroft
https://openalex.org/W4385302529,https://openalex.org/A5050640033,Gene W. Tyson
https://openalex.org/W2408141691,https://openalex.org/A5018809423,Nicolas Papernot
https://openalex.org/W2408141691,https://openalex.org/A5055368149,Patrick Drew McDaniel
https://openalex.org/W2408141691,https://openalex.org/A5004271128,Ian Goodfellow
https://openalex.org/W2886522935,https://openalex.org/A5071829671,Guy S. Handelman
https://openalex.org/W2886522935,https://openalex.org/A5058470837,Hong Kuan Kok
https://openalex.org/W2886522935,https://openalex.org/A5047698228,Ronil Vikesh Chandra
https://openalex.org/W2886522935,https://openalex.org/A5054701803,Amir H. Razavi
https://openalex.org/W2886522935,https://openalex.org/A5047843688,M. J. Lee
https://openalex.org/W2886522935,https://openalex.org/A5085540962,Hamed Asadi
https://openalex.org/W1853291804,https://openalex.org/A5055832270,Alexey Radul
https://openalex.org/W1853291804,https://openalex.org/A5079140683,Jeffrey Mark Siskind
https://openalex.org/W2605253636,https://openalex.org/A5016161989,Stephen Franklin Weng
https://openalex.org/W2605253636,https://openalex.org/A5031506291,Jenna Reps
https://openalex.org/W2605253636,https://openalex.org/A5041602186,Joe Kai
https://openalex.org/W2605253636,https://openalex.org/A5040516036,Jonathan M. Garibaldi
https://openalex.org/W2605253636,https://openalex.org/A5091023678,Nadeem Qureshi
https://openalex.org/W3124978547,https://openalex.org/A5052701967,Kai Li
https://openalex.org/W3124978547,https://openalex.org/A5088161536,Feng Mai
https://openalex.org/W3124978547,https://openalex.org/A5013250398,Rui Shen
https://openalex.org/W3124978547,https://openalex.org/A5078753151,Xinyan Yan
https://openalex.org/W2924551358,https://openalex.org/A5090442121,Samuel G. Finlayson
https://openalex.org/W2924551358,https://openalex.org/A5019364400,John D. Bowers
https://openalex.org/W2924551358,https://openalex.org/A5066028558,Joichi Ito
https://openalex.org/W2924551358,https://openalex.org/A5001819261,Jonathan L. Zittrain
https://openalex.org/W2924551358,https://openalex.org/A5077007622,Andrew L. Beam
https://openalex.org/W2924551358,https://openalex.org/A5088509061,Isaac S. Kohane
https://openalex.org/W4232872328,https://openalex.org/A5019087210,J. Doyne Farmer
https://openalex.org/W4232872328,https://openalex.org/A5024595724,Norman H. Packard
https://openalex.org/W4232872328,https://openalex.org/A5058338534,Alan S. Perelson
https://openalex.org/W2185489349,https://openalex.org/A5091680686,Arti Singh
https://openalex.org/W2185489349,https://openalex.org/A5126913981,Arti Singh
https://openalex.org/W2185489349,https://openalex.org/A5011704511,Baskar Ganapathysubramanian
https://openalex.org/W2185489349,https://openalex.org/A5143778991,Asheesh Kumar Singh
https://openalex.org/W2185489349,https://openalex.org/A5027870420,Asheesh Kumar Singh
https://openalex.org/W2185489349,https://openalex.org/A5081037761,Soumik Sarkar
https://openalex.org/W3165319944,https://openalex.org/A5079201381,Lefteris Th. Benos
https://openalex.org/W3165319944,https://openalex.org/A5066947393,Aristotelis C. Tagarakis
https://openalex.org/W3165319944,https://openalex.org/A5044014240,Georgios Dolias
https://openalex.org/W3165319944,https://openalex.org/A5090970387,Remigio Berruto
https://openalex.org/W3165319944,https://openalex.org/A5051577803,Dimitrios Katerıs
https://openalex.org/W3165319944,https://openalex.org/A5073592501,Dionysis Bochtis
https://openalex.org/W3120697286,https://openalex.org/A5101633487,Abhinav Sharma
https://openalex.org/W3120697286,https://openalex.org/A5052087694,Arpit Jain
https://openalex.org/W3120697286,https://openalex.org/A5007977932,Prateek Gupta
https://openalex.org/W3120697286,https://openalex.org/A5055491243,Vinay Chowdary
https://openalex.org/W2738975713,https://openalex.org/A5023849668,Federico Cabitza
https://openalex.org/W2738975713,https://openalex.org/A5008971364,Raffaele Rasoini
https://openalex.org/W2738975713,https://openalex.org/A5109085883,Gian Franco Gensini
https://openalex.org/W1651586605,https://openalex.org/A5022104502,Joseph A. Cruz
https://openalex.org/W1651586605,https://openalex.org/A5003573061,David Scott Wishart
https://openalex.org/W3164573547,https://openalex.org/A5000907775,Stefanie Warnat‐Herresthal
https://openalex.org/W3164573547,https://openalex.org/A5073557750,Hartmut Schultze
https://openalex.org/W3164573547,https://openalex.org/A5053347607,Krishnaprasad Shastry
https://openalex.org/W3164573547,https://openalex.org/A5038163677,Sathyanarayanan Manamohan
https://openalex.org/W3164573547,https://openalex.org/A5042437692,Saikat Mukherjee
https://openalex.org/W3164573547,https://openalex.org/A5029157392,Vishesh Garg
https://openalex.org/W3164573547,https://openalex.org/A5022518095,Ravi Sarveswara
https://openalex.org/W3164573547,https://openalex.org/A5051853913,Kristian Händler
https://openalex.org/W3164573547,https://openalex.org/A5025445136,Peter Pickkers
https://openalex.org/W3164573547,https://openalex.org/A5054125078,N. Ahmad Aziz
https://openalex.org/W3164573547,https://openalex.org/A5074861404,Sofia Ira Ktena
https://openalex.org/W3164573547,https://openalex.org/A5053346492,Florian Tran
https://openalex.org/W3164573547,https://openalex.org/A5001814278,Michael Bitzer
https://openalex.org/W3164573547,https://openalex.org/A5088012592,Stephan Ossowski
https://openalex.org/W3164573547,https://openalex.org/A5050352104,Nicolas Casadei
https://openalex.org/W3164573547,https://openalex.org/A5067661870,Christian Herr
https://openalex.org/W3164573547,https://openalex.org/A5021451598,Daniel Petersheim
https://openalex.org/W3164573547,https://openalex.org/A5030054330,Uta Behrends
https://openalex.org/W3164573547,https://openalex.org/A5084504324,Fabian Kern
https://openalex.org/W3164573547,https://openalex.org/A5075631508,Tobias Fehlmann
https://openalex.org/W3164573547,https://openalex.org/A5017579565,Philipp Schommers
https://openalex.org/W3164573547,https://openalex.org/A5063277586,Clara Lehmann
https://openalex.org/W3164573547,https://openalex.org/A5055342615,Max Augustin
https://openalex.org/W3164573547,https://openalex.org/A5025018972,Jan Rybniker
https://openalex.org/W3164573547,https://openalex.org/A5038373469,Janine Altmüller
https://openalex.org/W3164573547,https://openalex.org/A5037281222,Neha Mishra
https://openalex.org/W3164573547,https://openalex.org/A5004763730,Joana P. Bernardes
https://openalex.org/W3164573547,https://openalex.org/A5060123928,Benjamin Krämer
https://openalex.org/W3164573547,https://openalex.org/A5076251093,Lorenzo Bonaguro
https://openalex.org/W3164573547,https://openalex.org/A5063080199,Jonas Schulte-Schrepping
https://openalex.org/W3164573547,https://openalex.org/A5040218234,Elena De Domenico
https://openalex.org/W3164573547,https://openalex.org/A5068854159,Christian Siever
https://openalex.org/W3164573547,https://openalex.org/A5039394941,Michael Kraut
https://openalex.org/W3164573547,https://openalex.org/A5032516793,Milind Y. Desai
https://openalex.org/W3164573547,https://openalex.org/A5017830513,Bruno Monnet
https://openalex.org/W3164573547,https://openalex.org/A5103206766,Maria Saridaki
https://openalex.org/W3164573547,https://openalex.org/A5058970517,Charles Martin Siegel
https://openalex.org/W3164573547,https://openalex.org/A5031651799,Anna Drews
https://openalex.org/W3164573547,https://openalex.org/A5056647631,Melanie Nuesch-Germano
https://openalex.org/W3164573547,https://openalex.org/A5073028583,Heidi Theis
https://openalex.org/W3164573547,https://openalex.org/A5046269318,Jan Heyckendorf
https://openalex.org/W3164573547,https://openalex.org/A5059435501,Stefan Schreiber
https://openalex.org/W3164573547,https://openalex.org/A5039696630,Sarah Kim-Hellmuth
https://openalex.org/W3164573547,https://openalex.org/A5063821098,Paul Balfanz
https://openalex.org/W3164573547,https://openalex.org/A5022079984,Thomas Eggermann
https://openalex.org/W3164573547,https://openalex.org/A5049305761,Peter Boor
https://openalex.org/W3164573547,https://openalex.org/A5089447013,Ralf Hausmann
https://openalex.org/W3164573547,https://openalex.org/A5102986474,Hannah Kuhn
https://openalex.org/W3164573547,https://openalex.org/A5002753518,Susanne Isfort
https://openalex.org/W3164573547,https://openalex.org/A5080262638,Julia Stingl
https://openalex.org/W3164573547,https://openalex.org/A5109402850,Günther Schmalzing
https://openalex.org/W3164573547,https://openalex.org/A5070612619,Christiane Katharina Kuhl
https://openalex.org/W3164573547,https://openalex.org/A5023320459,Rainer Röhrig
https://openalex.org/W3164573547,https://openalex.org/A5064776829,Gernot Marx
https://openalex.org/W3164573547,https://openalex.org/A5060284965,Stefan Uhlig
https://openalex.org/W3164573547,https://openalex.org/A5042448145,Edgar Dahl
https://openalex.org/W3164573547,https://openalex.org/A5083976399,Dirk Müller‐Wieland
https://openalex.org/W3164573547,https://openalex.org/A5059018267,Michael Dreher
https://openalex.org/W3164573547,https://openalex.org/A5019976194,Nikolaus Marx
https://openalex.org/W3164573547,https://openalex.org/A5053988869,Jacob Nattermann
https://openalex.org/W3164573547,https://openalex.org/A5085408217,Dirk Skowasch
https://openalex.org/W3164573547,https://openalex.org/A5019536489,Ingo Kurth
https://openalex.org/W3164573547,https://openalex.org/A5020280119,Andreas Keller
https://openalex.org/W3164573547,https://openalex.org/A5051567097,Robert Bals
https://openalex.org/W3164573547,https://openalex.org/A5078248666,Peter Nürnberg
https://openalex.org/W3164573547,https://openalex.org/A5063444804,Olaf Horst Riess
https://openalex.org/W3164573547,https://openalex.org/A5054564152,Philip C Rosenstiel
https://openalex.org/W3164573547,https://openalex.org/A5027955775,Mihai Gheorghe Netea
https://openalex.org/W3164573547,https://openalex.org/A5083128670,Fabian Joachim Theis
https://openalex.org/W3164573547,https://openalex.org/A5112866063,Sach Mukherjee
https://openalex.org/W3164573547,https://openalex.org/A5004014878,Michael Backes
https://openalex.org/W3164573547,https://openalex.org/A5049008492,Anna C. Aschenbrenner
https://openalex.org/W3164573547,https://openalex.org/A5007372940,Thomas Ulas
https://openalex.org/W3164573547,https://openalex.org/A5034687804,Angel Angelov
https://openalex.org/W3164573547,https://openalex.org/A5051680155,Alexander Bartholomäus
https://openalex.org/W3164573547,https://openalex.org/A5047751070,Anke Becker
https://openalex.org/W3164573547,https://openalex.org/A5065381696,Daniela Bezdan
https://openalex.org/W3164573547,https://openalex.org/A5085401672,Conny Blumert
https://openalex.org/W3164573547,https://openalex.org/A5026837875,Ezio E. Bonifacio
https://openalex.org/W3164573547,https://openalex.org/A5074309419,Peer Bork
https://openalex.org/W3164573547,https://openalex.org/A5066331469,Boyke Bunk
https://openalex.org/W3164573547,https://openalex.org/A5069430515,Helmut Blum
https://openalex.org/W3164573547,https://openalex.org/A5074238607,Thomas Clavel
https://openalex.org/W3164573547,https://openalex.org/A5059421970,Maria Colomé‐Tatché
https://openalex.org/W3164573547,https://openalex.org/A5006198673,Markus Cornberg
https://openalex.org/W3164573547,https://openalex.org/A5077582373,Inti Alberto De La Rosa Velázquez
https://openalex.org/W3164573547,https://openalex.org/A5013059849,Andreas Diefenbach
https://openalex.org/W3164573547,https://openalex.org/A5061035699,Alexander Dilthey
https://openalex.org/W3164573547,https://openalex.org/A5087826669,Nicole E. Fischer
https://openalex.org/W3164573547,https://openalex.org/A5088917817,Konrad U. Förstner
https://openalex.org/W3164573547,https://openalex.org/A5070016544,Sören Franzenburg
https://openalex.org/W3164573547,https://openalex.org/A5020793998,Julia-Stefanie Frick
https://openalex.org/W3164573547,https://openalex.org/A5062582778,Gisela Gabernet
https://openalex.org/W3164573547,https://openalex.org/A5000244333,Julien Gagneur
https://openalex.org/W3164573547,https://openalex.org/A5079132237,Tina Ganzenmueller
https://openalex.org/W3164573547,https://openalex.org/A5012418739,Marie Gauder
https://openalex.org/W3164573547,https://openalex.org/A5018523246,Janina K. Geißert
https://openalex.org/W3164573547,https://openalex.org/A5088085534,Alexander Goesmann
https://openalex.org/W2900329012,https://openalex.org/A5017426085,Quan Zou
https://openalex.org/W2900329012,https://openalex.org/A5043455624,Kaiyang Qu
https://openalex.org/W2900329012,https://openalex.org/A5113174926,Yamei Luo
https://openalex.org/W2900329012,https://openalex.org/A5100917484,Dehui Yin
https://openalex.org/W2900329012,https://openalex.org/A5102842467,Ying Ju
https://openalex.org/W2900329012,https://openalex.org/A5043530440,Hua Tang
https://openalex.org/W2945295328,https://openalex.org/A5029382491,Ramaravind Kommiya Mothilal
https://openalex.org/W2945295328,https://openalex.org/A5103213915,Amit Sharma
https://openalex.org/W2945295328,https://openalex.org/A5079270249,Chenhao Tan
https://openalex.org/W4385576721,https://openalex.org/A5063345981,Sayash Kapoor
https://openalex.org/W4385576721,https://openalex.org/A5058102069,Arvind Narayanan
https://openalex.org/W4360949780,https://openalex.org/A5039377251,Pengcheng Xu
https://openalex.org/W4360949780,https://openalex.org/A5090222944,Xiaobo Ji
https://openalex.org/W4360949780,https://openalex.org/A5101545914,Minjie Li
https://openalex.org/W4360949780,https://openalex.org/A5101967058,Wencong Lu
https://openalex.org/W3099185017,https://openalex.org/A5021742388,Mohammad Saeid Mahdavinejad
https://openalex.org/W3099185017,https://openalex.org/A5090690680,Mohammadreza Rezvan
https://openalex.org/W3099185017,https://openalex.org/A5078666530,Mohammadamin Barekatain
https://openalex.org/W3099185017,https://openalex.org/A5020602577,Peyman Adibi
https://openalex.org/W3099185017,https://openalex.org/A5056157061,Payam Barnaghi
https://openalex.org/W3099185017,https://openalex.org/A5028772801,Amit Sheth
https://openalex.org/W207309682,https://openalex.org/A5078854904,Johan A. K. Suykens
https://openalex.org/W3093410479,https://openalex.org/A5030371581,Zeeshan Ahmad
https://openalex.org/W3093410479,https://openalex.org/A5090882363,Adnan Shahid Khan
https://openalex.org/W3093410479,https://openalex.org/A5061100382,Cheah Wai Shiang
https://openalex.org/W3093410479,https://openalex.org/A5026984327,Johari Abdullah
https://openalex.org/W3093410479,https://openalex.org/A5018618593,Farhan Ahmad
https://openalex.org/W2884745705,https://openalex.org/A5040594247,Aurélien Géron
https://openalex.org/W4293713156,https://openalex.org/A5106135488,Guillaume Lemaître
https://openalex.org/W4293713156,https://openalex.org/A5102490418,Fernando Nogueira
https://openalex.org/W4293713156,https://openalex.org/A5022254764,Christos K. Aridas
https://openalex.org/W2771169143,https://openalex.org/A5011556172,Davide Chicco
https://openalex.org/W3032913569,https://openalex.org/A5075076790,Abdelaziz Merghadi
https://openalex.org/W3032913569,https://openalex.org/A5110677826,Ali P. Yunus
https://openalex.org/W3032913569,https://openalex.org/A5103127563,Jie Dou
https://openalex.org/W3032913569,https://openalex.org/A5033929794,Jim Whiteley
https://openalex.org/W3032913569,https://openalex.org/A5029814958,Binh Thai Pham
https://openalex.org/W3032913569,https://openalex.org/A5076352077,Dieu Tien Bui
https://openalex.org/W3032913569,https://openalex.org/A5036488405,Ram Avtar
https://openalex.org/W3032913569,https://openalex.org/A5021822852,Abderrahmane Boumezbeur
https://openalex.org/W2562618250,https://openalex.org/A5053156269,Sebastian Raschka
https://openalex.org/W2745110207,https://openalex.org/A5012536010,Maziar Raissi
https://openalex.org/W2745110207,https://openalex.org/A5009658255,George Em Karniadakis
https://openalex.org/W2108807072,https://openalex.org/A5059013717,Gert Cauwenberghs
https://openalex.org/W2108807072,https://openalex.org/A5001833084,Tomaso Poggio
https://openalex.org/W2941584439,https://openalex.org/A5050067143,Pramila P. Shinde
https://openalex.org/W2941584439,https://openalex.org/A5112290618,Seema Shah
https://openalex.org/W3100709371,https://openalex.org/A5059949466,Feiyun Cui
https://openalex.org/W3100709371,https://openalex.org/A5112262878,Yun Yue
https://openalex.org/W3100709371,https://openalex.org/A5100388105,Yi Zhang
https://openalex.org/W3100709371,https://openalex.org/A5048506332,Ziming Zhang
https://openalex.org/W3100709371,https://openalex.org/A5039499312,H. Susan Zhou
https://openalex.org/W4362663195,https://openalex.org/A5026973918,Mohsen Soori
https://openalex.org/W4362663195,https://openalex.org/A5016076814,Behrooz Arezoo
https://openalex.org/W4362663195,https://openalex.org/A5028028753,Roza Dastres
https://openalex.org/W1969733464,https://openalex.org/A5102921433,Tom M. Mitchell
https://openalex.org/W2795435272,https://openalex.org/A5083504716,Samuel Yeom
https://openalex.org/W2795435272,https://openalex.org/A5034360202,Irene Giacomelli
https://openalex.org/W2795435272,https://openalex.org/A5057424614,Matt Fredrikson
https://openalex.org/W2795435272,https://openalex.org/A5088826068,Somesh Jha
https://openalex.org/W3007157104,https://openalex.org/A5088708850,Jie M. Zhang
https://openalex.org/W3007157104,https://openalex.org/A5000019783,Mark Harman
https://openalex.org/W3007157104,https://openalex.org/A5101468661,Lei Ma
https://openalex.org/W3007157104,https://openalex.org/A5100355692,Yang Liu
https://openalex.org/W4296126438,https://openalex.org/A5074921335,Marco Cerezo
https://openalex.org/W4296126438,https://openalex.org/A5055306123,Guillaume Verdon
https://openalex.org/W4296126438,https://openalex.org/A5015222692,Hsin-Yuan Huang
https://openalex.org/W4296126438,https://openalex.org/A5022166378,Łukasz Cincio
https://openalex.org/W4296126438,https://openalex.org/A5088973719,Patrick J. Coles
https://openalex.org/W3000291311,https://openalex.org/A5101567554,Yunxing Zuo
https://openalex.org/W3000291311,https://openalex.org/A5100435616,Chi Chen
https://openalex.org/W3000291311,https://openalex.org/A5101537561,Xiangguo Li
https://openalex.org/W3000291311,https://openalex.org/A5102772473,Zhi Deng
https://openalex.org/W3000291311,https://openalex.org/A5100333354,Yiming Chen
https://openalex.org/W3000291311,https://openalex.org/A5026774143,Jörg Behler
https://openalex.org/W3000291311,https://openalex.org/A5025442671,Gábor Cśanyi
https://openalex.org/W3000291311,https://openalex.org/A5007354935,Alexander V. Shapeev
https://openalex.org/W3000291311,https://openalex.org/A5103072309,Aidan P. Thompson
https://openalex.org/W3000291311,https://openalex.org/A5055359671,Mitchell A. Wood
https://openalex.org/W3000291311,https://openalex.org/A5002723657,Shyue Ping Ong
https://openalex.org/W4361298490,https://openalex.org/A5066174749,Charlotte J. Haug
https://openalex.org/W4361298490,https://openalex.org/A5021045413,Jeffrey M. Drazen
https://openalex.org/W2316166351,https://openalex.org/A5009330191,Mark Stefik
https://openalex.org/W2003238113,https://openalex.org/A5024572030,Jerry Alan Fails
https://openalex.org/W2003238113,https://openalex.org/A5112786897,Dan R. Olsen
https://openalex.org/W328766226,https://openalex.org/A5038095110,Peter de B. Harrington
https://openalex.org/W2610135452,https://openalex.org/A5100337209,Min Chen
https://openalex.org/W2610135452,https://openalex.org/A5040872496,Yixue Hao
https://openalex.org/W2610135452,https://openalex.org/A5103001853,Kai Hwang
https://openalex.org/W2610135452,https://openalex.org/A5100364462,Lu Wang
https://openalex.org/W2610135452,https://openalex.org/A5008829405,Lin Wang
https://openalex.org/W2971894235,https://openalex.org/A5055231928,Volker L. Deringer
https://openalex.org/W2971894235,https://openalex.org/A5025442671,Gábor Cśanyi
https://openalex.org/W3189831819,https://openalex.org/A5059996473,Suresh Dara
https://openalex.org/W3189831819,https://openalex.org/A5032967204,Swetha Dhamercherla
https://openalex.org/W3189831819,https://openalex.org/A5084854319,Surender Singh Jadav
https://openalex.org/W3189831819,https://openalex.org/A5112673171,Ch. Madhu Babu
https://openalex.org/W3189831819,https://openalex.org/A5089198047,Mohamed Jawed Ahsan
https://openalex.org/W4210883322,https://openalex.org/A5005192117,Devis Tuia
https://openalex.org/W4210883322,https://openalex.org/A5055174808,Benjamin Kellenberger
https://openalex.org/W4210883322,https://openalex.org/A5055165096,Sara Beery
https://openalex.org/W4210883322,https://openalex.org/A5079322290,Blair R. Costelloe
https://openalex.org/W4210883322,https://openalex.org/A5011219092,Silvia Zuffi
https://openalex.org/W4210883322,https://openalex.org/A5003115770,Benjamin Risse
https://openalex.org/W4210883322,https://openalex.org/A5013861606,Alexander Mathis
https://openalex.org/W4210883322,https://openalex.org/A5025196309,Mackenzie Weygandt Mathis
https://openalex.org/W4210883322,https://openalex.org/A5061011401,Frank van Langevelde
https://openalex.org/W4210883322,https://openalex.org/A5052504255,Tilo Burghardt
https://openalex.org/W4210883322,https://openalex.org/A5064196187,Roland Kays
https://openalex.org/W4210883322,https://openalex.org/A5071316406,Holger Klinck
https://openalex.org/W4210883322,https://openalex.org/A5012353622,Martin C. Wikelski
https://openalex.org/W4210883322,https://openalex.org/A5008389022,Iain D. Couzin
https://openalex.org/W4210883322,https://openalex.org/A5024685173,Grant Van Horn
https://openalex.org/W4210883322,https://openalex.org/A5000914380,Margaret C. Crofoot
https://openalex.org/W4210883322,https://openalex.org/A5035964079,Charles V. Stewart
https://openalex.org/W4210883322,https://openalex.org/A5060005215,Tanya Y. Berger-Wolf
https://openalex.org/W2898761039,https://openalex.org/A5074934153,Andreas Christian Müller
https://openalex.org/W2898761039,https://openalex.org/A5028044143,Sarah Guido
https://openalex.org/W3006150655,https://openalex.org/A5053156269,Sebastian Raschka
https://openalex.org/W3006150655,https://openalex.org/A5054254831,Joshua M. Patterson
https://openalex.org/W3006150655,https://openalex.org/A5083141249,Corey Nolet
https://openalex.org/W2624816748,https://openalex.org/A5074066319,Sören R. Künzel
https://openalex.org/W2624816748,https://openalex.org/A5049923911,Jasjeet Singh Sekhon
https://openalex.org/W2624816748,https://openalex.org/A5025311999,Peter J. Bickel
https://openalex.org/W2624816748,https://openalex.org/A5112583535,Bin Yu
https://openalex.org/W2134603844,https://openalex.org/A5061746912,Guang-Bin Huang
https://openalex.org/W2134603844,https://openalex.org/A5113216060,Qin‐Yu Zhu
https://openalex.org/W2134603844,https://openalex.org/A5109574172,Chee‐Kheong Siew
https://openalex.org/W3137125108,https://openalex.org/A5040468715,Cynthia D Rudin
https://openalex.org/W3137125108,https://openalex.org/A5101627369,Chaofan Chen
https://openalex.org/W3137125108,https://openalex.org/A5100708691,Zhi Chen
https://openalex.org/W3137125108,https://openalex.org/A5102804088,Haiyang Huang
https://openalex.org/W3137125108,https://openalex.org/A5064735102,Lesia Semenova
https://openalex.org/W3137125108,https://openalex.org/A5086339933,Chudi Zhong
https://openalex.org/W1983865151,https://openalex.org/A5001737240,Victor Francisco Rodriguez-Galiano
https://openalex.org/W1983865151,https://openalex.org/A5111854537,M. Sánchez-Castillo
https://openalex.org/W1983865151,https://openalex.org/A5080719661,Mario Chica‐Olmo
https://openalex.org/W1983865151,https://openalex.org/A5032157377,Mario Chica-Rivas
https://openalex.org/W613690151,https://openalex.org/A5103551927,Cha Zhang
https://openalex.org/W613690151,https://openalex.org/A5025885659,Yunqian Ma
https://openalex.org/W3007217854,https://openalex.org/A5005580336,Peter M. Attia
https://openalex.org/W3007217854,https://openalex.org/A5014409944,Aditya Grover
https://openalex.org/W3007217854,https://openalex.org/A5067163428,Norman Jin
https://openalex.org/W3007217854,https://openalex.org/A5087785636,Kristen Severson
https://openalex.org/W3007217854,https://openalex.org/A5081692949,Todor Markov
https://openalex.org/W3007217854,https://openalex.org/A5044951035,Yang-Hung Liao
https://openalex.org/W3007217854,https://openalex.org/A5073634724,Michael H. Chen
https://openalex.org/W3007217854,https://openalex.org/A5041142702,Bryan Cheong
https://openalex.org/W3007217854,https://openalex.org/A5053654015,Nicholas Perkins
https://openalex.org/W3007217854,https://openalex.org/A5101704757,Zi Yang
https://openalex.org/W3007217854,https://openalex.org/A5040404046,Patrick K. Herring
https://openalex.org/W3007217854,https://openalex.org/A5005433729,Muratahan Aykol
https://openalex.org/W3007217854,https://openalex.org/A5053459622,Stephen J. Harris
https://openalex.org/W3007217854,https://openalex.org/A5083684552,Richard D. Braatz
https://openalex.org/W3007217854,https://openalex.org/A5091179481,Stefano Ermon
https://openalex.org/W3007217854,https://openalex.org/A5050039741,William C. Chueh
https://openalex.org/W2899768131,https://openalex.org/A5069093620,Effy Vayena
https://openalex.org/W2899768131,https://openalex.org/A5087306590,Alessandro Blasimme
https://openalex.org/W2899768131,https://openalex.org/A5076810459,Ivan Glenn Cohen
https://openalex.org/W4366988472,https://openalex.org/A5014334572,Mohammad Mustafa Taye
https://openalex.org/W2963232127,https://openalex.org/A5100338623,Ping Wang
https://openalex.org/W2963232127,https://openalex.org/A5103683114,Yan Li
https://openalex.org/W2963232127,https://openalex.org/A5001022750,Chandan K. A. Reddy
https://openalex.org/W2769122466,https://openalex.org/A5081622450,Anuj Karpatne
https://openalex.org/W2769122466,https://openalex.org/A5082309905,Imme Ebert‐Uphoff
https://openalex.org/W2769122466,https://openalex.org/A5064676646,Sai Ravela
https://openalex.org/W2769122466,https://openalex.org/A5042760628,Hassan A. Babaie
https://openalex.org/W2769122466,https://openalex.org/A5100645812,Vipin Kumar
https://openalex.org/W2902672843,https://openalex.org/A5011240842,Jafar Ahmad Abed Alzubi
https://openalex.org/W2902672843,https://openalex.org/A5091880648,Anand Nayyar
https://openalex.org/W2902672843,https://openalex.org/A5046087654,Akshi Kumar
https://openalex.org/W2976720228,https://openalex.org/A5059047868,Lauri Himanen
https://openalex.org/W2976720228,https://openalex.org/A5103022151,Marc O. J. Jäger
https://openalex.org/W2976720228,https://openalex.org/A5061280867,Eiaki V. Morooka
https://openalex.org/W2976720228,https://openalex.org/A5103623277,Filippo Federici Canova
https://openalex.org/W2976720228,https://openalex.org/A5005434076,Yashasvi S. Ranawat
https://openalex.org/W2976720228,https://openalex.org/A5091349221,David Zhe Gao
https://openalex.org/W2976720228,https://openalex.org/A5046665161,Patrick Rinke
https://openalex.org/W2976720228,https://openalex.org/A5030321890,Adam Stuart Foster
https://openalex.org/W2420245003,https://openalex.org/A5019726734,Marco Túlio Ribeiro
https://openalex.org/W2420245003,https://openalex.org/A5005779128,Sameer Kumar Singh
https://openalex.org/W2420245003,https://openalex.org/A5090739892,Carlos Guestrin
https://openalex.org/W2752689052,https://openalex.org/A5087148487,Peva Blanchard
https://openalex.org/W2752689052,https://openalex.org/A5090895772,El Mahdi El Mhamdi
https://openalex.org/W2752689052,https://openalex.org/A5049321288,Rachid Guerraoui
https://openalex.org/W2752689052,https://openalex.org/A5083045442,Julien Stainer
https://openalex.org/W2189162242,https://openalex.org/A5055928795,D. Sculley
https://openalex.org/W2189162242,https://openalex.org/A5043512908,Gary David Holt
https://openalex.org/W2189162242,https://openalex.org/A5062606021,Daniel Golovin
https://openalex.org/W2189162242,https://openalex.org/A5081498756,Eugene V. Davydov
https://openalex.org/W2189162242,https://openalex.org/A5060118256,Todd W. Phillips
https://openalex.org/W2189162242,https://openalex.org/A5047801764,Dietmar Ebner
https://openalex.org/W2189162242,https://openalex.org/A5028549543,Vinay Chaudhary
https://openalex.org/W2189162242,https://openalex.org/A5049080042,MICHAEL SEAN YOUNG
https://openalex.org/W2189162242,https://openalex.org/A5086954218,Jean-François Crespo
https://openalex.org/W2189162242,https://openalex.org/A5054284310,Dan Dennison
https://openalex.org/W2785942661,https://openalex.org/A5010628627,Derek T. Ahneman
https://openalex.org/W2785942661,https://openalex.org/A5002237128,Jesús G. Estrada
https://openalex.org/W2785942661,https://openalex.org/A5001412733,Shishi Lin
https://openalex.org/W2785942661,https://openalex.org/A5089355684,Spencer D. Dreher
https://openalex.org/W2785942661,https://openalex.org/A5077633918,Abigail G. Doyle
https://openalex.org/W2137219016,https://openalex.org/A5043404288,Adi Laurentiu Tarca
https://openalex.org/W2137219016,https://openalex.org/A5081015175,Vincent J. Carey
https://openalex.org/W2137219016,https://openalex.org/A5100736153,Xuewen Chen
https://openalex.org/W2137219016,https://openalex.org/A5067511554,Roberto J. Romero
https://openalex.org/W2137219016,https://openalex.org/A5006190733,Sorin Drăghici
https://openalex.org/W3192495122,https://openalex.org/A5043728985,Xingjiao Wu
https://openalex.org/W3192495122,https://openalex.org/A5020264645,Luwei Xiao
https://openalex.org/W3192495122,https://openalex.org/A5029261205,Yixuan Sun
https://openalex.org/W3192495122,https://openalex.org/A5067728518,Junhang Zhang
https://openalex.org/W3192495122,https://openalex.org/A5103028836,Tianlong Ma
https://openalex.org/W3192495122,https://openalex.org/A5010540039,Liang He
https://openalex.org/W2974922583,https://openalex.org/A5001763022,Marc Peter Deisenroth
https://openalex.org/W2974922583,https://openalex.org/A5060700722,A. Aldo Faisal
https://openalex.org/W2974922583,https://openalex.org/A5016073964,Cheng Soon Ong
https://openalex.org/W2268702383,https://openalex.org/A5101899300,Kangwook Lee
https://openalex.org/W2268702383,https://openalex.org/A5040197913,Maximilian Lam
https://openalex.org/W2268702383,https://openalex.org/A5040270189,Ramtin Pedarsani
https://openalex.org/W2268702383,https://openalex.org/A5018630988,Dimitris Papailiopoulos
https://openalex.org/W2268702383,https://openalex.org/A5030620564,Kannan Ramchandran
https://openalex.org/W2776393547,https://openalex.org/A5038255653,Erik Brynjolfsson
https://openalex.org/W2776393547,https://openalex.org/A5102921433,Tom M. Mitchell
https://openalex.org/W4288359825,https://openalex.org/A5022664382,Kenneth Holstein
https://openalex.org/W4288359825,https://openalex.org/A5043117896,Jennifer Wortman Vaughan
https://openalex.org/W4288359825,https://openalex.org/A5019928111,Hal Daumé
https://openalex.org/W4288359825,https://openalex.org/A5048637974,Miro Dudík
https://openalex.org/W4288359825,https://openalex.org/A5046348432,Hanna Wallach
https://openalex.org/W3016123475,https://openalex.org/A5087538865,Onur Avcı
https://openalex.org/W3016123475,https://openalex.org/A5051617175,Osama Abdeljaber
https://openalex.org/W3016123475,https://openalex.org/A5047979812,Serkan Kıranyaz
https://openalex.org/W3016123475,https://openalex.org/A5013406015,Mohammed F. M. Hussein
https://openalex.org/W3016123475,https://openalex.org/A5007583477,Moncef Gabbouj
https://openalex.org/W3016123475,https://openalex.org/A5007305559,Daniel John Inman
https://openalex.org/W1608549042,https://openalex.org/A5081275482,Pat Langley
https://openalex.org/W2585152223,https://openalex.org/A5075988802,Stefan Chmiela
https://openalex.org/W2585152223,https://openalex.org/A5026929463,Alexandre Tkatchenko
https://openalex.org/W2585152223,https://openalex.org/A5020705170,Huziel E. Sauceda
https://openalex.org/W2585152223,https://openalex.org/A5069777955,Igor Poltavsky
https://openalex.org/W2585152223,https://openalex.org/A5084363234,Kristof T. Schütt
https://openalex.org/W2585152223,https://openalex.org/A5107838719,Klaus‐Robert Müller
https://openalex.org/W3007935259,https://openalex.org/A5009857138,Martin J. Willemink
https://openalex.org/W3007935259,https://openalex.org/A5046977499,Wojciech A. Koszek
https://openalex.org/W3007935259,https://openalex.org/A5080035579,Cailin Hardell
https://openalex.org/W3007935259,https://openalex.org/A5008914452,Dominik Fleischmann
https://openalex.org/W3007935259,https://openalex.org/A5010957359,Hugh Harvey
https://openalex.org/W3007935259,https://openalex.org/A5065629281,Les Roger Folio
https://openalex.org/W3007935259,https://openalex.org/A5016047550,Ronald M. Summers
https://openalex.org/W3007935259,https://openalex.org/A5004965117,Daniel L. Rubin
https://openalex.org/W3007935259,https://openalex.org/A5038969629,Matthew P. Lungren
https://openalex.org/W3006913750,https://openalex.org/A5063665697,Jonathan Waring
https://openalex.org/W3006913750,https://openalex.org/A5028800667,Charlotta J. Lindvall
https://openalex.org/W3006913750,https://openalex.org/A5091880579,Renato Umeton
https://openalex.org/W2912581524,https://openalex.org/A5087157479,Adrian B. R. Shatte
https://openalex.org/W2912581524,https://openalex.org/A5033402524,Delyse M. Hutchinson
https://openalex.org/W2912581524,https://openalex.org/A5029125958,Samantha J. Teague
https://openalex.org/W1999822211,https://openalex.org/A5047653896,Brian K. Lee
https://openalex.org/W1999822211,https://openalex.org/A5039648333,Justin Lessler
https://openalex.org/W1999822211,https://openalex.org/A5064807501,Elizabeth A. Stuart
https://openalex.org/W2810511505,https://openalex.org/A5073896055,Christoph Molnar
https://openalex.org/W2060393849,https://openalex.org/A5100399466,Mu Li
https://openalex.org/W174941419,https://openalex.org/A5007427935,Tobias Scheffer
https://openalex.org/W2162256707,https://openalex.org/A5100448921,Feng Li
https://openalex.org/W2759373267,https://openalex.org/A5067726465,Zhiqiang Ge
https://openalex.org/W2759373267,https://openalex.org/A5101738557,Zhihuan Song
https://openalex.org/W2759373267,https://openalex.org/A5046071840,Steven X. Ding
https://openalex.org/W2759373267,https://openalex.org/A5100432851,Biao Huang
https://openalex.org/W2153635508,https://openalex.org/A5103432521,Chih-Chung Chang
https://openalex.org/W2153635508,https://openalex.org/A5068223640,Chih‐Jen Lin
https://openalex.org/W2799620402,https://openalex.org/A5076162644,Connor W. Coley
https://openalex.org/W2799620402,https://openalex.org/A5051475129,William H. Green
https://openalex.org/W2799620402,https://openalex.org/A5071010920,Klavs F. Jensen
https://openalex.org/W2620687153,https://openalex.org/A5071518647,Albert P. Bartók
https://openalex.org/W2620687153,https://openalex.org/A5076055212,Sandip De
https://openalex.org/W2620687153,https://openalex.org/A5034992311,Carl R. Poelking
https://openalex.org/W2620687153,https://openalex.org/A5035553811,Noam Bernstein
https://openalex.org/W2620687153,https://openalex.org/A5027629516,James R. Kermode
https://openalex.org/W2620687153,https://openalex.org/A5025442671,Gábor Cśanyi
https://openalex.org/W2620687153,https://openalex.org/A5021241296,Michele Ceriotti
https://openalex.org/W1999393241,https://openalex.org/A5026617079,Gian Antonio Susto
https://openalex.org/W1999393241,https://openalex.org/A5081650242,Andrea Schirru
https://openalex.org/W1999393241,https://openalex.org/A5061018928,Simone Pampuri
https://openalex.org/W1999393241,https://openalex.org/A5005974306,Seán McLoone
https://openalex.org/W1999393241,https://openalex.org/A5043391732,Alessandro Beghi
https://openalex.org/W2990346675,https://openalex.org/A5047846625,Shiliang Sun
https://openalex.org/W2990346675,https://openalex.org/A5065694592,Zehui Cao
https://openalex.org/W2990346675,https://openalex.org/A5063667378,Zhu Han
https://openalex.org/W2990346675,https://openalex.org/A5065846668,Jing Zhao
https://openalex.org/W4284958113,https://openalex.org/A5069389660,Mengyuan Zhu
https://openalex.org/W4284958113,https://openalex.org/A5100388747,Jiawei Wang
https://openalex.org/W4284958113,https://openalex.org/A5100433474,Yu Zhang
https://openalex.org/W4284958113,https://openalex.org/A5010201196,Linyu Zhang
https://openalex.org/W4284958113,https://openalex.org/A5032363275,Hongqiang Ren
https://openalex.org/W4284958113,https://openalex.org/A5100761159,Bing Wu
https://openalex.org/W4284958113,https://openalex.org/A5100391270,Lin Ye
https://openalex.org/W2775173797,https://openalex.org/A5051587217,Danilo Bzdok
https://openalex.org/W2775173797,https://openalex.org/A5006015276,Andreas Meyer‐Lindenberg
https://openalex.org/W2013640190,https://openalex.org/A5067135220,Tom Dietterich
https://openalex.org/W2156909104,https://openalex.org/A5062753972,Vladimir N. Vapnik
https://openalex.org/W2955338161,https://openalex.org/A5072241033,Mingzhe Chen
https://openalex.org/W2955338161,https://openalex.org/A5020266992,Ursula Challita
https://openalex.org/W2955338161,https://openalex.org/A5024108653,Walid Saad
https://openalex.org/W2955338161,https://openalex.org/A5009078493,Changchuan Yin
https://openalex.org/W2955338161,https://openalex.org/A5056145687,Mérouane Debbah
https://openalex.org/W2995201943,https://openalex.org/A5015069372,Tong Meng
https://openalex.org/W2995201943,https://openalex.org/A5020149906,Xuyang Jing
https://openalex.org/W2995201943,https://openalex.org/A5078219471,Zheng Yan
https://openalex.org/W2995201943,https://openalex.org/A5003799782,Witold Pedrycz
https://openalex.org/W2971797472,https://openalex.org/A5032534088,Brad Boehmke
https://openalex.org/W2971797472,https://openalex.org/A5052561466,Brandon Greenwell
https://openalex.org/W2810349670,https://openalex.org/A5042051209,Garry Choy
https://openalex.org/W2810349670,https://openalex.org/A5043865457,Omid Khalilzadeh
https://openalex.org/W2810349670,https://openalex.org/A5038938694,Mark H. Michalski
https://openalex.org/W2810349670,https://openalex.org/A5091480554,Synho Do
https://openalex.org/W2810349670,https://openalex.org/A5077533187,Anthony E. Samir
https://openalex.org/W2810349670,https://openalex.org/A5077239665,Oleg S. Pianykh
https://openalex.org/W2810349670,https://openalex.org/A5005696882,J. Raymond Geis
https://openalex.org/W2810349670,https://openalex.org/A5003218663,Pari V. Pandharipande
https://openalex.org/W2810349670,https://openalex.org/A5082669859,James A. Brink
https://openalex.org/W2810349670,https://openalex.org/A5007809176,Keith J. Dreyer
https://openalex.org/W2973193541,https://openalex.org/A5016469734,Umang Bhatt
https://openalex.org/W2973193541,https://openalex.org/A5035786206,Alice H. Xiang
https://openalex.org/W2973193541,https://openalex.org/A5101916117,Shubham Sharma
https://openalex.org/W2973193541,https://openalex.org/A5042278493,Adrian Weller
https://openalex.org/W2973193541,https://openalex.org/A5069391199,Ankur Taly
https://openalex.org/W2973193541,https://openalex.org/A5010879885,Yunhan Jia
https://openalex.org/W2973193541,https://openalex.org/A5103071668,Joydeep Ghosh
https://openalex.org/W2973193541,https://openalex.org/A5045722906,Ruchir Puri
https://openalex.org/W2973193541,https://openalex.org/A5045861415,José M. F. Moura
https://openalex.org/W2973193541,https://openalex.org/A5028409556,Peter Eckersley
https://openalex.org/W2962763344,https://openalex.org/A5054655342,Matthew Jagielski
https://openalex.org/W2962763344,https://openalex.org/A5035574749,Alina Oprea
https://openalex.org/W2962763344,https://openalex.org/A5008367647,Battista Biggio
https://openalex.org/W2962763344,https://openalex.org/A5100353208,Chang Liu
https://openalex.org/W2962763344,https://openalex.org/A5034838576,Cristina Nita-Rotaru
https://openalex.org/W2962763344,https://openalex.org/A5026419076,Bo Li
https://openalex.org/W3139601120,https://openalex.org/A5015997323,Parminder Singh Reel
https://openalex.org/W3139601120,https://openalex.org/A5068747137,Smarti Reel
https://openalex.org/W3139601120,https://openalex.org/A5087774397,Ewan R. Pearson
https://openalex.org/W3139601120,https://openalex.org/A5048954811,Emanuele Trucco
https://openalex.org/W3139601120,https://openalex.org/A5075111618,Emily E. Jefferson
https://openalex.org/W2792315573,https://openalex.org/A5069043772,Vedran Dunjko
https://openalex.org/W2792315573,https://openalex.org/A5009007803,Hans J. Briegel
https://openalex.org/W4206060008,https://openalex.org/A5088847857,Valerie Chen
https://openalex.org/W4206060008,https://openalex.org/A5009123468,Jeffrey Li
https://openalex.org/W4206060008,https://openalex.org/A5091299032,Joon Sik Kim
https://openalex.org/W4206060008,https://openalex.org/A5033668205,Gregory Plumb
https://openalex.org/W4206060008,https://openalex.org/A5029768722,Ameet Talwalkar
https://openalex.org/W2562251009,https://openalex.org/A5090419741,Wei Luo
https://openalex.org/W2562251009,https://openalex.org/A5036447132,Dinh Phung
https://openalex.org/W2562251009,https://openalex.org/A5085471517,Truyen Tran
https://openalex.org/W2562251009,https://openalex.org/A5101472308,Sunil Gupta
https://openalex.org/W2562251009,https://openalex.org/A5024215125,Santu Rana
https://openalex.org/W2562251009,https://openalex.org/A5001203013,Chandan Kumar Karmakar
https://openalex.org/W2562251009,https://openalex.org/A5062759273,Alistair Shilton
https://openalex.org/W2562251009,https://openalex.org/A5048317892,John L. Yearwood
https://openalex.org/W2562251009,https://openalex.org/A5017119312,Nevenka Dimitrova
https://openalex.org/W2562251009,https://openalex.org/A5101646487,Tu Bao Ho
https://openalex.org/W2562251009,https://openalex.org/A5045540854,Svetha Venkatesh
https://openalex.org/W2562251009,https://openalex.org/A5078882374,Michael Berk
https://openalex.org/W2058731966,https://openalex.org/A5018591830,Julian D. Olden
https://openalex.org/W2058731966,https://openalex.org/A5084042284,Joshua J. Lawler
https://openalex.org/W2058731966,https://openalex.org/A5059702424,N. LeRoy Poff
https://openalex.org/W2902480423,https://openalex.org/A5080747422,Kai Fukami
https://openalex.org/W2902480423,https://openalex.org/A5035419854,Koji Fukagata
https://openalex.org/W2902480423,https://openalex.org/A5035955909,Kunihiko Taira
https://openalex.org/W3014372673,https://openalex.org/A5064098467,Swapan Talukdar
https://openalex.org/W3014372673,https://openalex.org/A5075307265,Pankaj Singha
https://openalex.org/W3014372673,https://openalex.org/A5065503524,Susanta Mahato
https://openalex.org/W3014372673,https://openalex.org/A5067395358,Shahfahad
https://openalex.org/W3014372673,https://openalex.org/A5090825061,Swades Pal
https://openalex.org/W3014372673,https://openalex.org/A5052192623,Yuei‐An Liou
https://openalex.org/W3014372673,https://openalex.org/A5086301726,Atiqur Rahman
https://openalex.org/W1998399571,https://openalex.org/A5035780973,Itamar Arel
https://openalex.org/W1998399571,https://openalex.org/A5070858681,Derek C. Rose
https://openalex.org/W1998399571,https://openalex.org/A5004617550,Thomas P. Karnowski
https://openalex.org/W3016108562,https://openalex.org/A5100341321,Qi Wang
https://openalex.org/W3016108562,https://openalex.org/A5100725195,Yue Ma
https://openalex.org/W3016108562,https://openalex.org/A5101803331,Kun Zhao
https://openalex.org/W3016108562,https://openalex.org/A5032861309,Yingjie Tian
https://openalex.org/W3147809485,https://openalex.org/A5013963697,Yalın Baştanlar
https://openalex.org/W3147809485,https://openalex.org/A5091012089,Mustafa Özuysal
https://openalex.org/W3090586341,https://openalex.org/A5085142775,Alican Doğan
https://openalex.org/W3090586341,https://openalex.org/A5046921334,Derya Birant
https://openalex.org/W2786204509,https://openalex.org/A5049042648,Maryellen Lissak Giger
https://openalex.org/W2751060233,https://openalex.org/A5097374069,Taiwo Oladipupo
https://openalex.org/W2053717624,https://openalex.org/A5083327774,Antonio Lavecchia
https://openalex.org/W2809684781,https://openalex.org/A5038723583,Raouf Boutaba
https://openalex.org/W2809684781,https://openalex.org/A5039801401,Mohammad A. Salahuddin
https://openalex.org/W2809684781,https://openalex.org/A5062253146,Noura Limam
https://openalex.org/W2809684781,https://openalex.org/A5074686900,Sara Ayoubi
https://openalex.org/W2809684781,https://openalex.org/A5017149323,Nashid Shahriar
https://openalex.org/W2809684781,https://openalex.org/A5006997363,Felipe Estrada‐Solano
https://openalex.org/W2809684781,https://openalex.org/A5012579745,Oscar Maurício Caicedo Rendón
https://openalex.org/W1529355025,https://openalex.org/A5074537073,Thomas G. Dietterich
https://openalex.org/W2072735345,https://openalex.org/A5109221174,Steven Lemm
https://openalex.org/W2072735345,https://openalex.org/A5060955050,Benjamin Blankertz
https://openalex.org/W2072735345,https://openalex.org/A5026392908,Thorsten Dickhaus
https://openalex.org/W2072735345,https://openalex.org/A5107838719,Klaus‐Robert Müller
https://openalex.org/W2756291343,https://openalex.org/A5030522311,Osisanwo F.Y
https://openalex.org/W2756291343,https://openalex.org/A5083893170,Akinsola J.E.T
https://openalex.org/W2756291343,https://openalex.org/A5020102149,Oludele Awodele
https://openalex.org/W2756291343,https://openalex.org/A5096107324,Hinmikaiye J. O
https://openalex.org/W2756291343,https://openalex.org/A5000621199,Oluwakemi Deborah Olakanmi
https://openalex.org/W2756291343,https://openalex.org/A5003255775,J Akinjobi
https://openalex.org/W2107386393,https://openalex.org/A5108711177,Carl Edward Rasmussen
https://openalex.org/W2107386393,https://openalex.org/A5041524969,Hannes Nickisch
https://openalex.org/W3009784374,https://openalex.org/A5088727983,David J. Newman
https://openalex.org/W3182064909,https://openalex.org/A5011008433,Hafsa Habehh
https://openalex.org/W3182064909,https://openalex.org/A5042560296,Suril Gohel
https://openalex.org/W2470965540,https://openalex.org/A5027642699,Anant Madabhushi
https://openalex.org/W2470965540,https://openalex.org/A5069155531,George Lee
https://openalex.org/W3006087551,https://openalex.org/A5063338076,Laura von Rueden
https://openalex.org/W3006087551,https://openalex.org/A5015940536,Sebastian Mayer
https://openalex.org/W3006087551,https://openalex.org/A5016921001,Katharina Beckh
https://openalex.org/W3006087551,https://openalex.org/A5066384489,Bogdan Georgiev
https://openalex.org/W3006087551,https://openalex.org/A5080184077,Sven Giesselbach
https://openalex.org/W3006087551,https://openalex.org/A5019819029,Raoul Heese
https://openalex.org/W3006087551,https://openalex.org/A5004068693,Birgit Kirsch
https://openalex.org/W3006087551,https://openalex.org/A5081633054,Michał Walczak
https://openalex.org/W3006087551,https://openalex.org/A5079417865,Julius Pfrommer
https://openalex.org/W3006087551,https://openalex.org/A5067447057,Annika Pick
https://openalex.org/W3006087551,https://openalex.org/A5035886948,Rajkumar Ramamurthy
https://openalex.org/W3006087551,https://openalex.org/A5068763843,Jochen Garcke
https://openalex.org/W3006087551,https://openalex.org/A5003875445,Christian Bauckhage
https://openalex.org/W3006087551,https://openalex.org/A5079443284,Jannis Schuecker
https://openalex.org/W2989857225,https://openalex.org/A5005882134,Frederik Kratzert
https://openalex.org/W2989857225,https://openalex.org/A5053159516,Daniel Klotz
https://openalex.org/W2989857225,https://openalex.org/A5082330588,Mathew Herrnegger
https://openalex.org/W2989857225,https://openalex.org/A5025379780,Alden Keefe Sampson
https://openalex.org/W2989857225,https://openalex.org/A5053148274,Sepp Hochreiter
https://openalex.org/W2989857225,https://openalex.org/A5056778863,Grey Nearing
https://openalex.org/W2777416523,https://openalex.org/A5058097371,Sabrina Jaeger-Honz
https://openalex.org/W2777416523,https://openalex.org/A5051191427,Simone Fulle
https://openalex.org/W2777416523,https://openalex.org/A5067176307,Samo Turk
https://openalex.org/W3014413945,https://openalex.org/A5031069551,Jeremy Goecks
https://openalex.org/W3014413945,https://openalex.org/A5087600054,Vahid Jalili
https://openalex.org/W3014413945,https://openalex.org/A5084824340,Laura M. Heiser
https://openalex.org/W3014413945,https://openalex.org/A5028899187,Joe W. Gray
https://openalex.org/W3122220845,https://openalex.org/A5100425167,Liang Zhang
https://openalex.org/W3122220845,https://openalex.org/A5039645001,Jin Wen
https://openalex.org/W3122220845,https://openalex.org/A5100414605,Yanfei Li
https://openalex.org/W3122220845,https://openalex.org/A5101854579,Jianli Chen
https://openalex.org/W3122220845,https://openalex.org/A5038193137,Yunyang Ye
https://openalex.org/W3122220845,https://openalex.org/A5037556389,Yangyang Fu
https://openalex.org/W3122220845,https://openalex.org/A5088632969,William Livingood
https://openalex.org/W2753588101,https://openalex.org/A5101959190,Lu Zhang
https://openalex.org/W2753588101,https://openalex.org/A5004000951,Jianjun Tan
https://openalex.org/W2753588101,https://openalex.org/A5101473341,Dan Han
https://openalex.org/W2753588101,https://openalex.org/A5026329292,Hao Zhu
https://openalex.org/W2020786104,https://openalex.org/A5110293160,John Snyder
https://openalex.org/W2020786104,https://openalex.org/A5020780798,Matthias Rupp
https://openalex.org/W2020786104,https://openalex.org/A5043469569,Katja Hansen
https://openalex.org/W2020786104,https://openalex.org/A5107838719,Klaus‐Robert Müller
https://openalex.org/W2020786104,https://openalex.org/A5082307304,Kieron Burke
https://openalex.org/W2800722845,https://openalex.org/A5100386025,Ying Zhang
https://openalex.org/W2800722845,https://openalex.org/A5100688639,Chen Ling
https://openalex.org/W3144619878,https://openalex.org/A5080713659,Christopher K. I. Williams
https://openalex.org/W1593532658,https://openalex.org/A5001575774,Niall M. Adams
https://openalex.org/W3193638860,https://openalex.org/A5070370992,Shifa Zhong
https://openalex.org/W3193638860,https://openalex.org/A5100324058,Kai Zhang
https://openalex.org/W3193638860,https://openalex.org/A5033433904,Majid Bagheri
https://openalex.org/W3193638860,https://openalex.org/A5059988232,Joel G. Burken
https://openalex.org/W3193638860,https://openalex.org/A5070498910,April Z. Gu
https://openalex.org/W3193638860,https://openalex.org/A5011230897,Baikun Li
https://openalex.org/W3193638860,https://openalex.org/A5042326398,Xingmao Ma
https://openalex.org/W3193638860,https://openalex.org/A5065259104,Babetta L. Marrone
https://openalex.org/W3193638860,https://openalex.org/A5002127283,Zhiyong Jason Ren
https://openalex.org/W3193638860,https://openalex.org/A5073376584,Joshua Schrier
https://openalex.org/W3193638860,https://openalex.org/A5020900921,Wei Feng Shi
https://openalex.org/W3193638860,https://openalex.org/A5047637147,Haoyue Tan
https://openalex.org/W3193638860,https://openalex.org/A5091246098,Tianbao Wang
https://openalex.org/W3193638860,https://openalex.org/A5083817940,Xu Wang
https://openalex.org/W3193638860,https://openalex.org/A5022569738,Bryan Matthew Wong
https://openalex.org/W3193638860,https://openalex.org/A5012621594,Xusheng Xiao
https://openalex.org/W3193638860,https://openalex.org/A5047074008,Xiong Bill Yu
https://openalex.org/W3193638860,https://openalex.org/A5076508755,Jun‐Jie Zhu
https://openalex.org/W3193638860,https://openalex.org/A5085548566,Huichun Judy Zhang
https://openalex.org/W3092026988,https://openalex.org/A5056778863,Grey Nearing
https://openalex.org/W3092026988,https://openalex.org/A5005882134,Frederik Kratzert
https://openalex.org/W3092026988,https://openalex.org/A5025379780,Alden Keefe Sampson
https://openalex.org/W3092026988,https://openalex.org/A5025372662,Craig Pelissier
https://openalex.org/W3092026988,https://openalex.org/A5053159516,Daniel Klotz
https://openalex.org/W3092026988,https://openalex.org/A5032528778,Jonathan Frame
https://openalex.org/W3092026988,https://openalex.org/A5045612183,Cristina Prieto
https://openalex.org/W3092026988,https://openalex.org/A5045129894,Hoshin V. Gupta
https://openalex.org/W1555244713,https://openalex.org/A5081275482,Pat Langley
https://openalex.org/W2076063813,https://openalex.org/A5071172037,Jürgen Schmidhuber
https://openalex.org/W2743269518,https://openalex.org/A5060820801,Bharath Ambale‐Venkatesh
https://openalex.org/W2743269518,https://openalex.org/A5101462672,Xiaoying Yang
https://openalex.org/W2743269518,https://openalex.org/A5079533727,Colin O. Wu
https://openalex.org/W2743269518,https://openalex.org/A5064977813,Kiang Liu
https://openalex.org/W2743269518,https://openalex.org/A5071291933,William Gregory Hundley
https://openalex.org/W2743269518,https://openalex.org/A5007236534,Robyn L. McClelland
https://openalex.org/W2743269518,https://openalex.org/A5008737362,Antoinette S. Gomes
https://openalex.org/W2743269518,https://openalex.org/A5075061959,Aaron R. Folsom
https://openalex.org/W2743269518,https://openalex.org/A5107116776,Steven Shea
https://openalex.org/W2743269518,https://openalex.org/A5089812930,Eliseo Güallar
https://openalex.org/W2743269518,https://openalex.org/A5020348286,David A. Bluemke
https://openalex.org/W2743269518,https://openalex.org/A5038689387,João A.C. Lima
https://openalex.org/W2074616700,https://openalex.org/A5075051974,Ghanshyam Pilania
https://openalex.org/W2074616700,https://openalex.org/A5100363973,Chenchen Wang
https://openalex.org/W2074616700,https://openalex.org/A5101786662,Xun Jiang
https://openalex.org/W2074616700,https://openalex.org/A5034177039,Sanguthevar Rajasekaran
https://openalex.org/W3164952570,https://openalex.org/A5002628427,Ali Bou Nassif
https://openalex.org/W3164952570,https://openalex.org/A5012703546,Manar Abu Talib
https://openalex.org/W3164952570,https://openalex.org/A5034676950,Qassim Nasir
https://openalex.org/W3164952570,https://openalex.org/A5078145596,Fatima Mohamad Dakalbab
https://openalex.org/W2797402103,https://openalex.org/A5003442464,John R. Kitchin
https://openalex.org/W1490308602,https://openalex.org/A5045379675,Carla E. Brodley
https://openalex.org/W2164455818,https://openalex.org/A5086320526,Wee Meng Soon
https://openalex.org/W2164455818,https://openalex.org/A5110081955,Hwee Tou Ng
https://openalex.org/W2164455818,https://openalex.org/A5061784033,Daniel Chung Yong Lim
https://openalex.org/W2921873493,https://openalex.org/A5083656719,Cheng Wen
https://openalex.org/W2921873493,https://openalex.org/A5100456187,Yan Zhang
https://openalex.org/W2921873493,https://openalex.org/A5101530632,Changxin Wang
https://openalex.org/W2921873493,https://openalex.org/A5026902132,Dezhen Xue
https://openalex.org/W2921873493,https://openalex.org/A5038151942,Yang Bai
https://openalex.org/W2921873493,https://openalex.org/A5038700318,Stoichko Antonov
https://openalex.org/W2921873493,https://openalex.org/A5112911813,Lan-Hong Dai
https://openalex.org/W2921873493,https://openalex.org/A5087470453,Turab Lookman
https://openalex.org/W2921873493,https://openalex.org/A5060011729,Yanjing Su
https://openalex.org/W2890718808,https://openalex.org/A5074737067,Özgür Koray Şahingöz
https://openalex.org/W2890718808,https://openalex.org/A5005422754,Ebubekir Buber
https://openalex.org/W2890718808,https://openalex.org/A5048984385,Önder Demir
https://openalex.org/W2890718808,https://openalex.org/A5058834408,Banu Di̇ri̇
https://openalex.org/W2565989828,https://openalex.org/A5100438512,Zhiyuan Chen
https://openalex.org/W2565989828,https://openalex.org/A5100339927,Bing Liu
https://openalex.org/W3132956480,https://openalex.org/A5007577939,John A. H. Keith
https://openalex.org/W3132956480,https://openalex.org/A5002697621,Valentín Vassilev-Galindo
https://openalex.org/W3132956480,https://openalex.org/A5042914409,Bingqing Cheng
https://openalex.org/W3132956480,https://openalex.org/A5075988802,Stefan Chmiela
https://openalex.org/W3132956480,https://openalex.org/A5011992388,Michael Gastegger
https://openalex.org/W3132956480,https://openalex.org/A5107838719,Klaus‐Robert Müller
https://openalex.org/W3132956480,https://openalex.org/A5026929463,Alexandre Tkatchenko
https://openalex.org/W2263972221,https://openalex.org/A5080717869,Ivens Portugal
https://openalex.org/W2263972221,https://openalex.org/A5062293699,Paulo Carvalho de Alencar
https://openalex.org/W2263972221,https://openalex.org/A5048528936,Donald D. Cowan
https://openalex.org/W3121299688,https://openalex.org/A5110271944,J. R. Quinlan
https://openalex.org/W2581465409,https://openalex.org/A5070346548,Meherwar Fatima
https://openalex.org/W2581465409,https://openalex.org/A5029218114,Maruf Pasha
https://openalex.org/W2910096450,https://openalex.org/A5064344312,Giang Nguyen
https://openalex.org/W2910096450,https://openalex.org/A5061630089,Štefan Dlugolinský
https://openalex.org/W2910096450,https://openalex.org/A5081003368,Martin Bobák
https://openalex.org/W2910096450,https://openalex.org/A5030502355,Viet Tran
https://openalex.org/W2910096450,https://openalex.org/A5072424728,Álvaro López García
https://openalex.org/W2910096450,https://openalex.org/A5024642467,Ignacio Heredia
https://openalex.org/W2910096450,https://openalex.org/A5103226180,Peter Malík
https://openalex.org/W2910096450,https://openalex.org/A5044889318,Ladislav Hluchý
https://openalex.org/W4400988476,https://openalex.org/A5108960412,Arpit Patidar
https://openalex.org/W4400988476,https://openalex.org/A5034555943,Abir Chakravorty
https://openalex.org/W2917193084,https://openalex.org/A5088432216,Gabriel Ravanhani Schleder
https://openalex.org/W2917193084,https://openalex.org/A5038820171,A. C. M. Padilha
https://openalex.org/W2917193084,https://openalex.org/A5035448128,Carlos Mera Acosta
https://openalex.org/W2917193084,https://openalex.org/A5046030790,Marcio Costa
https://openalex.org/W2917193084,https://openalex.org/A5025482578,A. Fazzio
https://openalex.org/W2897250207,https://openalex.org/A5020797698,Adrian Stetco
https://openalex.org/W2897250207,https://openalex.org/A5015145767,Fateme Dinmohammadi
https://openalex.org/W2897250207,https://openalex.org/A5100635681,Xingyu Zhao
https://openalex.org/W2897250207,https://openalex.org/A5052097132,Valentin Robu
https://openalex.org/W2897250207,https://openalex.org/A5032160199,David Flynn
https://openalex.org/W2897250207,https://openalex.org/A5075776760,Mike Barnes
https://openalex.org/W2897250207,https://openalex.org/A5105350782,John A Keane
https://openalex.org/W2897250207,https://openalex.org/A5005912060,Goran Nenadić
https://openalex.org/W2744909235,https://openalex.org/A5004271128,Ian Goodfellow
https://openalex.org/W2744909235,https://openalex.org/A5084125668,Dumitru Erhan
https://openalex.org/W2744909235,https://openalex.org/A5032236197,Pierre Carrier
https://openalex.org/W2744909235,https://openalex.org/A5112608251,Aaron C. Courville
https://openalex.org/W2744909235,https://openalex.org/A5035471281,Mehdi Mirza
https://openalex.org/W2744909235,https://openalex.org/A5049495063,Ben Hamner
https://openalex.org/W2744909235,https://openalex.org/A5008728602,Will Cukierski
https://openalex.org/W2744909235,https://openalex.org/A5034956679,Yichuan Tang
https://openalex.org/W2744909235,https://openalex.org/A5007049572,David S. Thaler
https://openalex.org/W2744909235,https://openalex.org/A5100429208,Dong‐Hyun Lee
https://openalex.org/W2744909235,https://openalex.org/A5040821130,Yingbo Zhou
https://openalex.org/W2744909235,https://openalex.org/A5091385020,Chetan Ramaiah
https://openalex.org/W2744909235,https://openalex.org/A5013283012,Fangxiang Feng
https://openalex.org/W2744909235,https://openalex.org/A5068728736,Ruifan Li
https://openalex.org/W2744909235,https://openalex.org/A5100351304,Xiaojie Wang
https://openalex.org/W2744909235,https://openalex.org/A5023607796,Dimitris Athanasakis
https://openalex.org/W2744909235,https://openalex.org/A5047980012,John S. Shawe-Taylor
https://openalex.org/W2744909235,https://openalex.org/A5084883983,Maxim Milakov
https://openalex.org/W2744909235,https://openalex.org/A5088629652,Cheol Ho Park
https://openalex.org/W2744909235,https://openalex.org/A5081017623,Radu Tudor Ionescu
https://openalex.org/W2744909235,https://openalex.org/A5083743189,Marius Popescu
https://openalex.org/W2744909235,https://openalex.org/A5027729629,Cristian Grozea
https://openalex.org/W2744909235,https://openalex.org/A5057264590,James Bergstra
https://openalex.org/W2744909235,https://openalex.org/A5115593342,Jingjing Xie
https://openalex.org/W2744909235,https://openalex.org/A5050122055,Łukasz Romaszko
https://openalex.org/W2744909235,https://openalex.org/A5101419705,Bing Xu
https://openalex.org/W2744909235,https://openalex.org/A5100634906,Chuang Zhang
https://openalex.org/W2744909235,https://openalex.org/A5086198262,Yoshua Bengio
https://openalex.org/W3046220160,https://openalex.org/A5044924773,Pin Wang
https://openalex.org/W3046220160,https://openalex.org/A5068354785,En Fan
https://openalex.org/W3046220160,https://openalex.org/A5100395956,Peng Wang
https://openalex.org/W2748789698,https://openalex.org/A5025675252,Tianyu Gu
https://openalex.org/W2748789698,https://openalex.org/A5060815601,Brendan Dolan-Gavitt
https://openalex.org/W2748789698,https://openalex.org/A5010950688,Siddharth Garg
https://openalex.org/W2976265969,https://openalex.org/A5018030478,D. E. Goldberg
https://openalex.org/W2189149359,https://openalex.org/A5057264590,James Bergstra
https://openalex.org/W2189149359,https://openalex.org/A5017866657,Dan Yamins
https://openalex.org/W2189149359,https://openalex.org/A5100763986,David Cox
https://openalex.org/W4283593236,https://openalex.org/A5065959595,Nicholas Pudjihartono
https://openalex.org/W4283593236,https://openalex.org/A5026800416,Tayaza Fadason
https://openalex.org/W4283593236,https://openalex.org/A5000654559,Andreas W. Kempa-Liehr
https://openalex.org/W4283593236,https://openalex.org/A5087630383,Justin Martin O'Sullivan
https://openalex.org/W3103913776,https://openalex.org/A5103724660,Mark A. Hall
https://openalex.org/W2138779671,https://openalex.org/A5032936063,Alex Kulesza
https://openalex.org/W1971044734,https://openalex.org/A5049337824,Raghunathan Ramakrishnan
https://openalex.org/W1971044734,https://openalex.org/A5063240098,Pavlo O. Dral
https://openalex.org/W1971044734,https://openalex.org/A5020780798,Matthias Rupp
https://openalex.org/W1971044734,https://openalex.org/A5088793872,O. Anatole von Lilienfeld
https://openalex.org/W2999026783,https://openalex.org/A5043195923,Christopher Rackauckas
https://openalex.org/W2999026783,https://openalex.org/A5072818182,Yingbo Ma
https://openalex.org/W2999026783,https://openalex.org/A5017348914,Carl Julius Martensen
https://openalex.org/W2999026783,https://openalex.org/A5022128261,Collin Warner
https://openalex.org/W2999026783,https://openalex.org/A5061960094,Kirill Zubov
https://openalex.org/W2999026783,https://openalex.org/A5071270643,Rohit Supekar
https://openalex.org/W2999026783,https://openalex.org/A5082471158,Dominic J. Skinner
https://openalex.org/W2999026783,https://openalex.org/A5064730779,Ali J. Ramadhan
https://openalex.org/W2999026783,https://openalex.org/A5029673947,Alan S. Edelman
https://openalex.org/W2461943168,https://openalex.org/A5006851333,Florian Tramèr
https://openalex.org/W2461943168,https://openalex.org/A5100403375,Fan Zhang
https://openalex.org/W2461943168,https://openalex.org/A5029249775,Ari Juels
https://openalex.org/W2461943168,https://openalex.org/A5074117167,Michael K. Reiter
https://openalex.org/W2461943168,https://openalex.org/A5003774887,Thomas Ristenpart
https://openalex.org/W2969580338,https://openalex.org/A5056226214,Eva García-Martín
https://openalex.org/W2969580338,https://openalex.org/A5024713949,Crefeda Faviola Rodrigues
https://openalex.org/W2969580338,https://openalex.org/A5087600309,Graham D. Riley
https://openalex.org/W2969580338,https://openalex.org/A5032002580,Håkan Grahn
https://openalex.org/W4360995249,https://openalex.org/A5000727440,Dominik Kreuzberger
https://openalex.org/W4360995249,https://openalex.org/A5071819311,Niklas Kühl
https://openalex.org/W4360995249,https://openalex.org/A5075868325,Sebastian Hirschl
https://openalex.org/W4292363360,https://openalex.org/A5011176205,Stephen Boyd
https://openalex.org/W4210736086,https://openalex.org/A5043139004,Dana Pessach
https://openalex.org/W4210736086,https://openalex.org/A5075956753,Erez Shmueli
https://openalex.org/W2042492924,https://openalex.org/A5014696096,David H. Ackley
https://openalex.org/W2042492924,https://openalex.org/A5108093963,Geoffrey E. Hinton
https://openalex.org/W2042492924,https://openalex.org/A5044141636,Terrence J. Sejnowski
https://openalex.org/W2979417040,https://openalex.org/A5086788300,Yuji Roh
https://openalex.org/W2979417040,https://openalex.org/A5102830011,Geon Heo
https://openalex.org/W2979417040,https://openalex.org/A5012631773,Steven Euijong Whang
https://openalex.org/W2040395995,https://openalex.org/A5059294839,Nesreen K. Ahmed
https://openalex.org/W2040395995,https://openalex.org/A5013978386,Amir F. Atiya
https://openalex.org/W2040395995,https://openalex.org/A5072025713,Neamat El Gayar
https://openalex.org/W2040395995,https://openalex.org/A5044241169,Hisham El‐Shishiny
https://openalex.org/W3121588992,https://openalex.org/A5056280358,Amir E. Khandani
https://openalex.org/W3121588992,https://openalex.org/A5008653351,Adlar J. Kim
https://openalex.org/W3121588992,https://openalex.org/A5109980718,Andrew W. Lo
https://openalex.org/W3185585276,https://openalex.org/A5001009200,Jared Willard
https://openalex.org/W3185585276,https://openalex.org/A5001445783,Xiaowei Jia
https://openalex.org/W3185585276,https://openalex.org/A5074305244,Shaoming Xu
https://openalex.org/W3185585276,https://openalex.org/A5089436894,Michael S. Steinbach
https://openalex.org/W3185585276,https://openalex.org/A5100645812,Vipin Kumar
https://openalex.org/W2888487581,https://openalex.org/A5060934705,Muhammad Aurangzeb Ahmad
https://openalex.org/W2888487581,https://openalex.org/A5021241037,Carly Eckert
https://openalex.org/W2888487581,https://openalex.org/A5061359226,Ankur M. Teredesai
https://openalex.org/W2031738616,https://openalex.org/A5011555322,Raphaël Bost
https://openalex.org/W2031738616,https://openalex.org/A5015782472,Raluca Ada Popa
https://openalex.org/W2031738616,https://openalex.org/A5047090527,Stephen Tu
https://openalex.org/W2031738616,https://openalex.org/A5110776230,Shafi Goldwasser
https://openalex.org/W3092541244,https://openalex.org/A5021197359,Simon J. Caton
https://openalex.org/W3092541244,https://openalex.org/A5023136097,Christian Stefan Haas
https://openalex.org/W4283077289,https://openalex.org/A5100610862,Ziqi Li
https://openalex.org/W3196503391,https://openalex.org/A5073309846,Markus Leippold
https://openalex.org/W3196503391,https://openalex.org/A5100391116,Qian Wang
https://openalex.org/W3196503391,https://openalex.org/A5101684798,Wenyu Zhou
https://openalex.org/W3009311085,https://openalex.org/A5052051726,Zaib Ullah
https://openalex.org/W3009311085,https://openalex.org/A5066044089,Fadi M. Al-Turjman
https://openalex.org/W3009311085,https://openalex.org/A5016526188,Leonardo Mostarda
https://openalex.org/W3009311085,https://openalex.org/A5028964259,Roberto Gagliardi
https://openalex.org/W2600297185,https://openalex.org/A5071854504,E Weinan
https://openalex.org/W4234971943,https://openalex.org/A5031048414,Ekaba Bisong
https://openalex.org/W1599871777,https://openalex.org/A5013969270,Mark Robert Segal
https://openalex.org/W2919338369,https://openalex.org/A5075134790,Lianlin Li
https://openalex.org/W2919338369,https://openalex.org/A5066747687,Hengxin Ruan
https://openalex.org/W2919338369,https://openalex.org/A5014579261,Che Liu
https://openalex.org/W2919338369,https://openalex.org/A5100414181,Ying Li
https://openalex.org/W2919338369,https://openalex.org/A5025423447,Ya Shuang
https://openalex.org/W2919338369,https://openalex.org/A5005375790,Andrea Alù
https://openalex.org/W2919338369,https://openalex.org/A5089609880,Cheng‐Wei Qiu
https://openalex.org/W2919338369,https://openalex.org/A5009237669,Tie Jun Cui
https://openalex.org/W2499581503,https://openalex.org/A5005607315,Shan Suthaharan
https://openalex.org/W2072750586,https://openalex.org/A5047057664,Omar Y. Al-Jarrah
https://openalex.org/W2072750586,https://openalex.org/A5014443986,Paul D. Yoo
https://openalex.org/W2072750586,https://openalex.org/A5004034156,Sami Muhaidat
https://openalex.org/W2072750586,https://openalex.org/A5061744244,George K. Karagiannidis
https://openalex.org/W2072750586,https://openalex.org/A5074032096,Kamal Taha
https://openalex.org/W2148512505,https://openalex.org/A5005597587,Pedro J. Ballester
https://openalex.org/W2148512505,https://openalex.org/A5046050351,John B. O. Mitchell
https://openalex.org/W4302425308,https://openalex.org/A5036281770,Ziyuan Rao
https://openalex.org/W4302425308,https://openalex.org/A5003616216,Po‐Yen Tung
https://openalex.org/W4302425308,https://openalex.org/A5054838883,Ruiwen Xie
https://openalex.org/W4302425308,https://openalex.org/A5020554327,Ye Wei
https://openalex.org/W4302425308,https://openalex.org/A5100442141,Hongbin Zhang
https://openalex.org/W4302425308,https://openalex.org/A5044774001,Alberto Ferrari
https://openalex.org/W4302425308,https://openalex.org/A5028548033,T.P.C. Klaver
https://openalex.org/W4302425308,https://openalex.org/A5011774544,Fritz Körmann
https://openalex.org/W4302425308,https://openalex.org/A5058072378,Prithiv Thoudden Sukumar
https://openalex.org/W4302425308,https://openalex.org/A5087482969,Alisson Kwiatkowski da Silva
https://openalex.org/W4302425308,https://openalex.org/A5081320341,Yao Chen
https://openalex.org/W4302425308,https://openalex.org/A5044303759,Zhiming Li
https://openalex.org/W4302425308,https://openalex.org/A5026751617,Dirk Ponge
https://openalex.org/W4302425308,https://openalex.org/A5010019307,Jörg Neugebauer
https://openalex.org/W4302425308,https://openalex.org/A5006169663,Oliver Gutfleisch
https://openalex.org/W4302425308,https://openalex.org/A5018488407,Stefan M. Bauer
https://openalex.org/W4302425308,https://openalex.org/A5041020801,Dierk Raabe
https://openalex.org/W2300445845,https://openalex.org/A5034657358,Andreas Holzinger
https://openalex.org/W2897620540,https://openalex.org/A5030697098,Trishan Panch
https://openalex.org/W2897620540,https://openalex.org/A5006650843,Peter Szolovits
https://openalex.org/W2897620540,https://openalex.org/A5090105475,Rifat Ali Atun
https://openalex.org/W2900298334,https://openalex.org/A5043497448,Spyridon Bakas
https://openalex.org/W2900298334,https://openalex.org/A5060822066,Mauricio Reyes
https://openalex.org/W2900298334,https://openalex.org/A5110045181,et al.
https://openalex.org/W4383560187,https://openalex.org/A5114065098,Qingyang Ling
https://openalex.org/W3139236016,https://openalex.org/A5040204315,Yasunobu Nohara
https://openalex.org/W3139236016,https://openalex.org/A5054139714,Koutarou Matsumoto
https://openalex.org/W3139236016,https://openalex.org/A5003309953,Hidehisa Soejima
https://openalex.org/W3139236016,https://openalex.org/A5102476895,Naoki Nakashima
https://openalex.org/W4286909924,https://openalex.org/A5049616413,Ricardo Vinuesa
https://openalex.org/W4286909924,https://openalex.org/A5062653961,Steven L. Brunton
https://openalex.org/W3038955483,https://openalex.org/A5055312229,Iqbal H. Sarker
https://openalex.org/W3038955483,https://openalex.org/A5008691045,A. S. M. Kayes
https://openalex.org/W3038955483,https://openalex.org/A5103008848,Shahriar Badsha
https://openalex.org/W3038955483,https://openalex.org/A5085667966,Hamed Alqahtani
https://openalex.org/W3038955483,https://openalex.org/A5074086920,Paul Watters
https://openalex.org/W3038955483,https://openalex.org/A5061811149,Alex Ng
https://openalex.org/W2972050955,https://openalex.org/A5083605154,José Padarian
https://openalex.org/W2972050955,https://openalex.org/A5051455406,Budiman Minasny
https://openalex.org/W2972050955,https://openalex.org/A5049220423,Alex B. McBratney
https://openalex.org/W3104128335,https://openalex.org/A5101934657,Andrei Paleyes
https://openalex.org/W3104128335,https://openalex.org/A5045514868,Raoul-Gabriel Urma
https://openalex.org/W3104128335,https://openalex.org/A5023849469,Neil David Lawrence
https://openalex.org/W3208674021,https://openalex.org/A5066373250,Ethem Alpaydın
https://openalex.org/W2171830166,https://openalex.org/A5046050351,John B. O. Mitchell
https://openalex.org/W2830440988,https://openalex.org/A5033155636,Jarosław M. Granda
https://openalex.org/W2830440988,https://openalex.org/A5005548183,Liva Donina
https://openalex.org/W2830440988,https://openalex.org/A5021538558,Vincenza Dragone
https://openalex.org/W2830440988,https://openalex.org/A5051405981,De‐Liang Long
https://openalex.org/W2830440988,https://openalex.org/A5027887380,Leroy Cronin
https://openalex.org/W1472067,https://openalex.org/A5115595707,Yanli Liu
https://openalex.org/W1472067,https://openalex.org/A5105878554,Yourong Wang
https://openalex.org/W1472067,https://openalex.org/A5100409868,Jian Zhang
https://openalex.org/W2002254092,https://openalex.org/A5054882290,Mete Özay
https://openalex.org/W2002254092,https://openalex.org/A5059775092,Iñaki Esnaola
https://openalex.org/W2002254092,https://openalex.org/A5110664463,Fatos Tunay Yarman Vural
https://openalex.org/W2002254092,https://openalex.org/A5053530986,Sanjeev R. Kulkarni
https://openalex.org/W2002254092,https://openalex.org/A5042307561,H. Vincent Poor
https://openalex.org/W2521267242,https://openalex.org/A5069043772,Vedran Dunjko
https://openalex.org/W2521267242,https://openalex.org/A5101524935,Jacob M. Taylor
https://openalex.org/W2521267242,https://openalex.org/A5009007803,Hans J. Briegel
https://openalex.org/W2807786182,https://openalex.org/A5071738342,Preeti Mishra
https://openalex.org/W2807786182,https://openalex.org/A5029458848,Vijay Varadharajan
https://openalex.org/W2807786182,https://openalex.org/A5010613188,Udaya Kiran Tupakula
https://openalex.org/W2807786182,https://openalex.org/A5040360984,Emmanuel S. Pilli
https://openalex.org/W3180477523,https://openalex.org/A5085828661,Huachen Tao
https://openalex.org/W3180477523,https://openalex.org/A5101445458,Tianyi Wu
https://openalex.org/W3180477523,https://openalex.org/A5056535696,Matteo Aldeghi
https://openalex.org/W3180477523,https://openalex.org/A5041163628,Tony Wu
https://openalex.org/W3180477523,https://openalex.org/A5071495561,Alán Aspuru‐Guzik
https://openalex.org/W3180477523,https://openalex.org/A5060107939,Eugenia Kumacheva
https://openalex.org/W1851403712,https://openalex.org/A5066077721,Konrad Rieck
https://openalex.org/W1851403712,https://openalex.org/A5061351843,Philipp Trinius
https://openalex.org/W1851403712,https://openalex.org/A5077167083,Carsten Willems
https://openalex.org/W1851403712,https://openalex.org/A5056790702,Thorsten Holz
https://openalex.org/W2606363443,https://openalex.org/A5076162644,Connor W. Coley
https://openalex.org/W2606363443,https://openalex.org/A5010124873,Regina Barzilay
https://openalex.org/W2606363443,https://openalex.org/A5048915657,Tommi Jaakkola
https://openalex.org/W2606363443,https://openalex.org/A5051475129,William H. Green
https://openalex.org/W2606363443,https://openalex.org/A5071010920,Klavs F. Jensen
https://openalex.org/W3018423233,https://openalex.org/A5006873150,Benjamin Shih
https://openalex.org/W3018423233,https://openalex.org/A5065454165,Dylan Shah
https://openalex.org/W3018423233,https://openalex.org/A5100753463,Jinxing Li
https://openalex.org/W3018423233,https://openalex.org/A5037510570,Thomas George Thuruthel
https://openalex.org/W3018423233,https://openalex.org/A5019841088,Yong‐Lae Park
https://openalex.org/W3018423233,https://openalex.org/A5041874420,Fumiya Iida
https://openalex.org/W3018423233,https://openalex.org/A5100384245,Zhenan Bao
https://openalex.org/W3018423233,https://openalex.org/A5010640110,Rebecca K. Kramer-Bottiglio
https://openalex.org/W3018423233,https://openalex.org/A5056621190,Michael Thomas Tolley
https://openalex.org/W3165300194,https://openalex.org/A5040792944,Nongnuch Artrith
https://openalex.org/W3165300194,https://openalex.org/A5039665389,Keith T. Butler
https://openalex.org/W3165300194,https://openalex.org/A5013459266,François‐Xavier Coudert
https://openalex.org/W3165300194,https://openalex.org/A5010950048,Seungwu Han
https://openalex.org/W3165300194,https://openalex.org/A5011932992,Olexandr Isayev
https://openalex.org/W3165300194,https://openalex.org/A5003640520,Anubhav Jain
https://openalex.org/W3165300194,https://openalex.org/A5035797693,Aron Walsh
https://openalex.org/W1514477737,https://openalex.org/A5058270794,JUDE W. SHAVLIK
https://openalex.org/W1514477737,https://openalex.org/A5015792783,Thomas E. Deitterich
https://openalex.org/W1514477737,https://openalex.org/A5074537073,Thomas G. Dietterich
https://openalex.org/W1977591411,https://openalex.org/A5024875953,Mayank Kabra
https://openalex.org/W1977591411,https://openalex.org/A5089735579,Alice A. Robie
https://openalex.org/W1977591411,https://openalex.org/A5009404523,Marta Rivera-Alba
https://openalex.org/W1977591411,https://openalex.org/A5025545802,Steven Branson
https://openalex.org/W1977591411,https://openalex.org/A5083294908,Kristin M. Branson
https://openalex.org/W3044853528,https://openalex.org/A5065193429,Rung-Ching Chen
https://openalex.org/W3044853528,https://openalex.org/A5078312887,Christine Dewi
https://openalex.org/W3044853528,https://openalex.org/A5010502337,Su-Wen Huang
https://openalex.org/W3044853528,https://openalex.org/A5054788236,Rezzy Eko Caraka
https://openalex.org/W2973032093,https://openalex.org/A5052522162,Qifang Bi
https://openalex.org/W2973032093,https://openalex.org/A5041551162,Katherine E Goodman
https://openalex.org/W2973032093,https://openalex.org/A5012864477,Joshua Kaminsky
https://openalex.org/W2973032093,https://openalex.org/A5039648333,Justin Lessler
https://openalex.org/W1974166884,https://openalex.org/A5012989818,Robert Burbidge
https://openalex.org/W1974166884,https://openalex.org/A5081730157,Matthew W. B. Trotter
https://openalex.org/W1974166884,https://openalex.org/A5108530415,Bernard Buxton
https://openalex.org/W1974166884,https://openalex.org/A5004572323,Sean B. Holden
https://openalex.org/W4244921287,https://openalex.org/A5005267732,Miroslav Kubát
https://openalex.org/W2963844355,https://openalex.org/A5101789833,Binghui Wang
https://openalex.org/W2963844355,https://openalex.org/A5009102659,Neil Zhenqiang Gong
https://openalex.org/W4245160364,https://openalex.org/A5108508494,Mohssen M. Z. E. Mohammed
https://openalex.org/W4245160364,https://openalex.org/A5077568501,Muhammad Badruddin Khan
https://openalex.org/W4245160364,https://openalex.org/A5091040294,Eihab B. M. Bashier
https://openalex.org/W3126452185,https://openalex.org/A5062491653,Darius Roman
https://openalex.org/W3126452185,https://openalex.org/A5000300454,Saurabh Saxena
https://openalex.org/W3126452185,https://openalex.org/A5052097132,Valentin Robu
https://openalex.org/W3126452185,https://openalex.org/A5013287421,MICHAEL G. PECHT
https://openalex.org/W3126452185,https://openalex.org/A5032160199,David Flynn
https://openalex.org/W2623293810,https://openalex.org/A5091863316,Nils J. Nilsson
https://openalex.org/W2908201961,https://openalex.org/A5084515381,Eric J. Topol
https://openalex.org/W26772505,https://openalex.org/A5078341390,Patrick Brézillon
https://openalex.org/W26772505,https://openalex.org/A5089137896,Paolo Bouquet
https://openalex.org/W2981731882,https://openalex.org/A5050115521,Alejandro Barredo Arrieta
https://openalex.org/W2981731882,https://openalex.org/A5058176171,Natalia Díaz-Rodríguez
https://openalex.org/W2981731882,https://openalex.org/A5017326471,Javier Del Ser
https://openalex.org/W2981731882,https://openalex.org/A5023588408,Adrien Bennetot
https://openalex.org/W2981731882,https://openalex.org/A5057876711,Siham Tabik
https://openalex.org/W2981731882,https://openalex.org/A5064011907,Alberto Barbado
https://openalex.org/W2981731882,https://openalex.org/A5078909305,Salvador García
https://openalex.org/W2981731882,https://openalex.org/A5019181050,Sergio Gil-López
https://openalex.org/W2981731882,https://openalex.org/A5070068995,Daniel Molina
https://openalex.org/W2981731882,https://openalex.org/A5083664336,Richard Benjamins
https://openalex.org/W2981731882,https://openalex.org/A5114376610,Raja Chatila
https://openalex.org/W2981731882,https://openalex.org/A5045016749,Francisco Herrera
https://openalex.org/W2670253439,https://openalex.org/A5028824146,Tim Miller
https://openalex.org/W2803760365,https://openalex.org/A5057166759,Ahmed Hosny
https://openalex.org/W2803760365,https://openalex.org/A5049138051,Chintan Parmar
https://openalex.org/W2803760365,https://openalex.org/A5084245470,John Quackenbush
https://openalex.org/W2803760365,https://openalex.org/A5058825770,Lawrence Howard Schwartz
https://openalex.org/W2803760365,https://openalex.org/A5001452511,Hugo J.W.L. Aerts
https://openalex.org/W3017131514,https://openalex.org/A5101465106,Lijia Chen
https://openalex.org/W3017131514,https://openalex.org/A5100748906,Pingping Chen
https://openalex.org/W3017131514,https://openalex.org/A5033268753,Zhijian Lin
https://openalex.org/W2664267452,https://openalex.org/A5101990774,Fei Jiang
https://openalex.org/W2664267452,https://openalex.org/A5089804645,Yong Jiang
https://openalex.org/W2664267452,https://openalex.org/A5073314811,Hui Zhi
https://openalex.org/W2664267452,https://openalex.org/A5089047237,Yi Dong
https://openalex.org/W2664267452,https://openalex.org/A5100348649,Hao Li
https://openalex.org/W2664267452,https://openalex.org/A5039990441,Sufeng Ma
https://openalex.org/W2664267452,https://openalex.org/A5108749325,Yilong Wang
https://openalex.org/W2664267452,https://openalex.org/A5066750132,Qiang Dong
https://openalex.org/W2664267452,https://openalex.org/A5102900838,Haipeng Shen
https://openalex.org/W2664267452,https://openalex.org/A5100424222,Yongjun Wang
https://openalex.org/W2152475379,https://openalex.org/A5091863316,Nils J. Nilsson
https://openalex.org/W2953532875,https://openalex.org/A5018910159,Thomas H. Davenport
https://openalex.org/W2953532875,https://openalex.org/A5019692219,Ravi Kalakota
https://openalex.org/W2981863007,https://openalex.org/A5062601414,Olaf Zawacki‐Richter
https://openalex.org/W2981863007,https://openalex.org/A5081077793,Victoria I. Marín
https://openalex.org/W2981863007,https://openalex.org/A5086439158,Melissa Bond
https://openalex.org/W2981863007,https://openalex.org/A5058780933,Franziska Gouverneur
https://openalex.org/W2891503716,https://openalex.org/A5002938989,Amina Adadi
https://openalex.org/W2891503716,https://openalex.org/A5014403727,Mohammed Berrada
https://openalex.org/W2786141192,https://openalex.org/A5067763065,Ming‐Hui Huang
https://openalex.org/W2786141192,https://openalex.org/A5037954003,Roland T. Rust
https://openalex.org/W2531563875,https://openalex.org/A5077591903,Josep M. Pujol
https://openalex.org/W2531563875,https://openalex.org/A5017949214,Jordi Delgado
https://openalex.org/W2531563875,https://openalex.org/A5013965040,Ramón Sangüesa
https://openalex.org/W2531563875,https://openalex.org/A5055990297,Andreas Flache
https://openalex.org/W2895763047,https://openalex.org/A5061562703,Kun‐Hsing Yu
https://openalex.org/W2895763047,https://openalex.org/A5077007622,Andrew L. Beam
https://openalex.org/W2895763047,https://openalex.org/A5088509061,Isaac S. Kohane
https://openalex.org/W2084792706,https://openalex.org/A5068174754,Fred Glover
https://openalex.org/W2963849010,https://openalex.org/A5002909072,Michael Haenlein
https://openalex.org/W2963849010,https://openalex.org/A5005379209,Andreas Kaplan
https://openalex.org/W1564534945,https://openalex.org/A5112071698,Gerhard Weiß
https://openalex.org/W2576404523,https://openalex.org/A5025572908,Pavel Hamet
https://openalex.org/W2576404523,https://openalex.org/A5039985404,Johanne Tremblay
https://openalex.org/W3000603264,https://openalex.org/A5049616413,Ricardo Vinuesa
https://openalex.org/W3000603264,https://openalex.org/A5071284506,Hossein Azizpour
https://openalex.org/W3000603264,https://openalex.org/A5082559019,Iolanda Leite
https://openalex.org/W3000603264,https://openalex.org/A5078308184,Madeline Balaam
https://openalex.org/W3000603264,https://openalex.org/A5050532928,Virginia Dignum
https://openalex.org/W3000603264,https://openalex.org/A5034726198,Sami Domisch
https://openalex.org/W3000603264,https://openalex.org/A5050800474,Anna Felländer
https://openalex.org/W3000603264,https://openalex.org/A5028289747,Simone D. Langhans
https://openalex.org/W3000603264,https://openalex.org/A5091601455,Max Tegmark
https://openalex.org/W3000603264,https://openalex.org/A5022406149,Francesco Fuso Nerini
https://openalex.org/W2979906316,https://openalex.org/A5018910159,Thomas H. Davenport
https://openalex.org/W2979906316,https://openalex.org/A5101532092,Abhijit Ranjan Guha
https://openalex.org/W2979906316,https://openalex.org/A5076693618,Dhruv Grewal
https://openalex.org/W2979906316,https://openalex.org/A5037418745,Timna Breßgott
https://openalex.org/W4386958277,https://openalex.org/A5005352524,Shuroug A. Alowais
https://openalex.org/W4386958277,https://openalex.org/A5050298886,Sahar S. Alghamdi
https://openalex.org/W4386958277,https://openalex.org/A5081991977,Nada Alsuhebany
https://openalex.org/W4386958277,https://openalex.org/A5066001851,Tariq M. Alqahtani
https://openalex.org/W4386958277,https://openalex.org/A5020760203,Abdulrahman I. Alshaya
https://openalex.org/W4386958277,https://openalex.org/A5084394960,Sumaya N. Almohareb
https://openalex.org/W4386958277,https://openalex.org/A5086178563,Atheer O. Aldairem
https://openalex.org/W4386958277,https://openalex.org/A5069678285,Mohammed Abdulrahman Alrashed
https://openalex.org/W4386958277,https://openalex.org/A5112910027,Khalid Bin Saleh
https://openalex.org/W4386958277,https://openalex.org/A5088912799,Hisham A. Badreldin
https://openalex.org/W4386958277,https://openalex.org/A5005774540,Majed S. Al Yami
https://openalex.org/W4386958277,https://openalex.org/A5017442221,Shmeylan A. Al Harbi
https://openalex.org/W4386958277,https://openalex.org/A5103246868,Abdulkareem M. Albekairy
https://openalex.org/W2963819344,https://openalex.org/A5013534934,Karl Kumbier
https://openalex.org/W2969625533,https://openalex.org/A5048622877,Yogesh Kumar Dwivedi
https://openalex.org/W2969625533,https://openalex.org/A5072512285,Laurie Hughes
https://openalex.org/W2969625533,https://openalex.org/A5033472055,Elvira Ismagilova
https://openalex.org/W2969625533,https://openalex.org/A5027512483,Gert Aarts
https://openalex.org/W2969625533,https://openalex.org/A5018731131,Crispin R. Coombs
https://openalex.org/W2969625533,https://openalex.org/A5015452463,Tom Crick
https://openalex.org/W2969625533,https://openalex.org/A5032994640,Yanqing Duan
https://openalex.org/W2969625533,https://openalex.org/A5070017829,Rohita Dwivedi
https://openalex.org/W2969625533,https://openalex.org/A5007695310,John Steven Edwards
https://openalex.org/W2969625533,https://openalex.org/A5000411910,Aled Eirug
https://openalex.org/W2969625533,https://openalex.org/A5015685463,Vassilis Galanos
https://openalex.org/W2969625533,https://openalex.org/A5004125306,P. Vigneswara Ilavarasan
https://openalex.org/W2969625533,https://openalex.org/A5062073470,Marijn Janssen
https://openalex.org/W2969625533,https://openalex.org/A5080152304,Paul Jones
https://openalex.org/W2969625533,https://openalex.org/A5061235109,Arpan Kumar Kar
https://openalex.org/W2969625533,https://openalex.org/A5037522059,Hatice Kizgin
https://openalex.org/W2969625533,https://openalex.org/A5037724665,Bianca Kronemann
https://openalex.org/W2969625533,https://openalex.org/A5103045218,Banita Lal
https://openalex.org/W2969625533,https://openalex.org/A5003777616,Biagio Lucini
https://openalex.org/W2969625533,https://openalex.org/A5003475331,Rony Medaglia
https://openalex.org/W2969625533,https://openalex.org/A5059234800,Kenneth Le Meunier‐FitzHugh
https://openalex.org/W2969625533,https://openalex.org/A5076965699,Leslie Caroline Le Meunier-FitzHugh
https://openalex.org/W2969625533,https://openalex.org/A5018760782,Santosh Kumar Misra
https://openalex.org/W2969625533,https://openalex.org/A5082000265,Emmanuel Mogaji
https://openalex.org/W2969625533,https://openalex.org/A5035532876,Sujeet Kumar Sharma
https://openalex.org/W2969625533,https://openalex.org/A5040405430,Jang Bahadur Singh
https://openalex.org/W2969625533,https://openalex.org/A5050603102,Vishnupriya Raghavan
https://openalex.org/W2969625533,https://openalex.org/A5072261829,Ramakrishnan Raman
https://openalex.org/W2969625533,https://openalex.org/A5034248834,Nripendra Pratap Rana
https://openalex.org/W2969625533,https://openalex.org/A5033216620,Spyridon Samothrakis
https://openalex.org/W2969625533,https://openalex.org/A5016998336,Jak Spencer
https://openalex.org/W2969625533,https://openalex.org/A5008267619,Kuttimani Tamilmani
https://openalex.org/W2969625533,https://openalex.org/A5070089201,Annie Tubadji
https://openalex.org/W2969625533,https://openalex.org/A5109157215,Paul Walton
https://openalex.org/W2969625533,https://openalex.org/A5002569790,Michael David Williams
https://openalex.org/W2982580298,https://openalex.org/A5026540467,Christopher J. Kelly
https://openalex.org/W2982580298,https://openalex.org/A5003509342,Alan Karthikesalingam
https://openalex.org/W2982580298,https://openalex.org/A5001712647,Mustafa Suleyman
https://openalex.org/W2982580298,https://openalex.org/A5068955381,Greg S. Corrado
https://openalex.org/W2982580298,https://openalex.org/A5009550607,Dominic King
https://openalex.org/W2995523160,https://openalex.org/A5081829228,David Gunning
https://openalex.org/W2995523160,https://openalex.org/A5009330191,Mark Stefik
https://openalex.org/W2995523160,https://openalex.org/A5052985764,Jaesik Choi
https://openalex.org/W2995523160,https://openalex.org/A5028824146,Tim Miller
https://openalex.org/W2995523160,https://openalex.org/A5014846205,Simone Stumpf
https://openalex.org/W2995523160,https://openalex.org/A5085036036,Guang‐Zhong Yang
https://openalex.org/W4221143046,https://openalex.org/A5010575626,Dale Schuurmans
https://openalex.org/W4221143046,https://openalex.org/A5074322007,Maarten Bosma
https://openalex.org/W4221143046,https://openalex.org/A5028125399,Ed H.
https://openalex.org/W4221143046,https://openalex.org/A5088551093,Quoc Viet Le
https://openalex.org/W4221143046,https://openalex.org/A5061512999,Denny Zhou
https://openalex.org/W3149025087,https://openalex.org/A5110191975,Lawrence J. Fogel
https://openalex.org/W3149025087,https://openalex.org/A5027032075,Alvin J. Owens
https://openalex.org/W3149025087,https://openalex.org/A5085265517,Michael J. Walsh
https://openalex.org/W4247155454,https://openalex.org/A5006145895,Sebastian Raisch
https://openalex.org/W4247155454,https://openalex.org/A5088732694,Sebastian Maximillian Krakowski
https://openalex.org/W3013998503,https://openalex.org/A5000476792,Ella Glikson
https://openalex.org/W3013998503,https://openalex.org/A5028277052,Anita Williams Woolley
https://openalex.org/W2138162238,https://openalex.org/A5001232416,John McCarthy
https://openalex.org/W2138162238,https://openalex.org/A5083236989,Patrick J. Hayes
https://openalex.org/W1543659671,https://openalex.org/A5087364386,Michael Negnevitsky
https://openalex.org/W2942858056,https://openalex.org/A5051832390,Chiara Longoni
https://openalex.org/W2942858056,https://openalex.org/A5040057911,Andrea Bonezzi
https://openalex.org/W2942858056,https://openalex.org/A5031192635,Carey K. Morewedge
https://openalex.org/W2906295032,https://openalex.org/A5100751322,Jianxing He
https://openalex.org/W2906295032,https://openalex.org/A5069439888,Sally L. Baxter
https://openalex.org/W2906295032,https://openalex.org/A5003488506,Jie Xu
https://openalex.org/W2906295032,https://openalex.org/A5059667203,Jiming Xu
https://openalex.org/W2906295032,https://openalex.org/A5025243684,Xingtao Zhou
https://openalex.org/W2906295032,https://openalex.org/A5100432232,Kang Zhang
https://openalex.org/W3094793347,https://openalex.org/A5067763065,Ming‐Hui Huang
https://openalex.org/W3094793347,https://openalex.org/A5037954003,Roland T. Rust
https://openalex.org/W2950865323,https://openalex.org/A5100760218,Zhi Zhou
https://openalex.org/W2950865323,https://openalex.org/A5100385692,Xu Chen
https://openalex.org/W2950865323,https://openalex.org/A5100738931,En Li
https://openalex.org/W2950865323,https://openalex.org/A5055161955,Liekang Zeng
https://openalex.org/W2950865323,https://openalex.org/A5063549704,Ke Luo
https://openalex.org/W2950865323,https://openalex.org/A5027033026,Junshan Zhang
https://openalex.org/W3109650690,https://openalex.org/A5033075709,Julia Amann
https://openalex.org/W3109650690,https://openalex.org/A5087306590,Alessandro Blasimme
https://openalex.org/W3109650690,https://openalex.org/A5069093620,Effy Vayena
https://openalex.org/W3109650690,https://openalex.org/A5083903227,Dietmar Frey
https://openalex.org/W3109650690,https://openalex.org/A5034493341,Vince I. Madai
https://openalex.org/W3021909058,https://openalex.org/A5007305440,Stuart Russell
https://openalex.org/W3021909058,https://openalex.org/A5080389385,Peter Norvig
https://openalex.org/W4365143687,https://openalex.org/A5057010395,Oishi Banerjee
https://openalex.org/W4365143687,https://openalex.org/A5036846358,Zahra Shakeri Hossein Abad
https://openalex.org/W4365143687,https://openalex.org/A5088028306,Harlan M. Krumholz
https://openalex.org/W4365143687,https://openalex.org/A5091272738,Jure Leskovec
https://openalex.org/W4365143687,https://openalex.org/A5084515381,Eric J. Topol
https://openalex.org/W4365143687,https://openalex.org/A5001094226,Pranav Rajpurkar
https://openalex.org/W2927351257,https://openalex.org/A5034657358,Andreas Holzinger
https://openalex.org/W2927351257,https://openalex.org/A5060814361,Georg Langs
https://openalex.org/W2927351257,https://openalex.org/A5072719639,Helmut Denk
https://openalex.org/W2927351257,https://openalex.org/A5032058761,Kurt Zatloukal
https://openalex.org/W2927351257,https://openalex.org/A5087013593,Heimo Müller
https://openalex.org/W1978304080,https://openalex.org/A5109918767,Laveen N. Kanal
https://openalex.org/W1978304080,https://openalex.org/A5052997344,John F. Lemmer
https://openalex.org/W2958089299,https://openalex.org/A5046941628,Erico Tjoa
https://openalex.org/W2958089299,https://openalex.org/A5031778999,Cuntai Guan
https://openalex.org/W2738724892,https://openalex.org/A5005349213,Demis Hassabis
https://openalex.org/W2738724892,https://openalex.org/A5048551460,Dharshan Kumaran
https://openalex.org/W2738724892,https://openalex.org/A5031878516,Christopher Summerfield
https://openalex.org/W2738724892,https://openalex.org/A5083771180,Matthew Botvinick
https://openalex.org/W2602753196,https://openalex.org/A5108645448,Alan Bundy
https://openalex.org/W2791694051,https://openalex.org/A5100728390,Ruonan Liu
https://openalex.org/W2791694051,https://openalex.org/A5009872730,Boyuan Yang
https://openalex.org/W2791694051,https://openalex.org/A5012431211,Enrico Zio
https://openalex.org/W2791694051,https://openalex.org/A5100779843,Xuefeng Chen
https://openalex.org/W3186209406,https://openalex.org/A5027221899,Junaid Bajwa
https://openalex.org/W3186209406,https://openalex.org/A5044233327,Usman Munir
https://openalex.org/W3186209406,https://openalex.org/A5112528494,Aditya Nori
https://openalex.org/W3186209406,https://openalex.org/A5017971948,Bryan Williams
https://openalex.org/W3094492244,https://openalex.org/A5001323059,Debleena Paul
https://openalex.org/W3094492244,https://openalex.org/A5031672719,Gaurav Sanap
https://openalex.org/W3094492244,https://openalex.org/A5073993656,Snehal Shenoy
https://openalex.org/W3094492244,https://openalex.org/A5090795733,Dnyaneshwar Kalyane
https://openalex.org/W3094492244,https://openalex.org/A5082544781,Kiran Kalia
https://openalex.org/W3094492244,https://openalex.org/A5001960785,Rakesh Kumar Tekade
https://openalex.org/W2899856450,https://openalex.org/A5005379209,Andreas Kaplan
https://openalex.org/W2899856450,https://openalex.org/A5002909072,Michael Haenlein
https://openalex.org/W1964839117,https://openalex.org/A5079606822,Jacques Ferber
https://openalex.org/W1983362322,https://openalex.org/A5024298517,Antoni Ligęza
https://openalex.org/W4385490607,https://openalex.org/A5108047960,Hanchen Wang
https://openalex.org/W4385490607,https://openalex.org/A5003226543,Tianfan Fu
https://openalex.org/W4385490607,https://openalex.org/A5006709853,Yuanqi Du
https://openalex.org/W4385490607,https://openalex.org/A5007754274,Wenhao Gao
https://openalex.org/W4385490607,https://openalex.org/A5049086940,Kexin Huang
https://openalex.org/W4385490607,https://openalex.org/A5101924541,Ziming Liu
https://openalex.org/W4385490607,https://openalex.org/A5037842761,Payal Chandak
https://openalex.org/W4385490607,https://openalex.org/A5021052785,Shengchao Liu
https://openalex.org/W4385490607,https://openalex.org/A5021911461,Peter Van Katwyk
https://openalex.org/W4385490607,https://openalex.org/A5013115798,Andreea Deac
https://openalex.org/W4385490607,https://openalex.org/A5014498545,Anima Anandkumar
https://openalex.org/W4385490607,https://openalex.org/A5033276810,Karianne J. Bergen
https://openalex.org/W4385490607,https://openalex.org/A5069030030,Carla Pedro Gomes
https://openalex.org/W4385490607,https://openalex.org/A5049051097,Shirley Ho
https://openalex.org/W4385490607,https://openalex.org/A5013834379,Pushmeet Kohli
https://openalex.org/W4385490607,https://openalex.org/A5019616738,Joan Lasenby
https://openalex.org/W4385490607,https://openalex.org/A5091272738,Jure Leskovec
https://openalex.org/W4385490607,https://openalex.org/A5101884287,Tie‐Yan Liu
https://openalex.org/W4385490607,https://openalex.org/A5036448016,Arjun Kumar Manrai
https://openalex.org/W4385490607,https://openalex.org/A5022191527,Debora S. Marks
https://openalex.org/W4385490607,https://openalex.org/A5039641760,Bharath Ramsundar
https://openalex.org/W4385490607,https://openalex.org/A5030589527,Le Song
https://openalex.org/W4385490607,https://openalex.org/A5084279065,Jimeng Sun
https://openalex.org/W4385490607,https://openalex.org/A5077231313,Jian Guo Tang
https://openalex.org/W4385490607,https://openalex.org/A5008869927,Petar Veličković
https://openalex.org/W4385490607,https://openalex.org/A5087368991,Max Welling
https://openalex.org/W4385490607,https://openalex.org/A5100689117,Linfeng Zhang
https://openalex.org/W4385490607,https://openalex.org/A5076162644,Connor W. Coley
https://openalex.org/W4385490607,https://openalex.org/A5086198262,Yoshua Bengio
https://openalex.org/W4385490607,https://openalex.org/A5086052373,Marinka Žitnik
https://openalex.org/W2770717476,https://openalex.org/A5091447736,Ştefan Popenici
https://openalex.org/W2770717476,https://openalex.org/A5063991201,Sharon Kerr
https://openalex.org/W2796755741,https://openalex.org/A5040259613,Mohammad Hossein Jarrahi
https://openalex.org/W2807593075,https://openalex.org/A5085920644,Kipp W. Johnson
https://openalex.org/W2807593075,https://openalex.org/A5089034549,Jessica Torres Soto
https://openalex.org/W2807593075,https://openalex.org/A5030539003,Benjamin Scott Glicksberg
https://openalex.org/W2807593075,https://openalex.org/A5016416266,Khader Shameer
https://openalex.org/W2807593075,https://openalex.org/A5001694059,Riccardo Miotto
https://openalex.org/W2807593075,https://openalex.org/A5103027106,Mohsin Ali
https://openalex.org/W2807593075,https://openalex.org/A5075711252,Euan Angus Ashley
https://openalex.org/W2807593075,https://openalex.org/A5043599202,Joel T. Dudley
https://openalex.org/W4366262984,https://openalex.org/A5046303624,Sajid Ali
https://openalex.org/W4366262984,https://openalex.org/A5023828527,Tamer Abuhmed
https://openalex.org/W4366262984,https://openalex.org/A5052265483,Shaker El–Sappagh
https://openalex.org/W4366262984,https://openalex.org/A5101632716,Khan Muhammad
https://openalex.org/W4366262984,https://openalex.org/A5056892202,José M. Alonso
https://openalex.org/W4366262984,https://openalex.org/A5070433751,Roberto Confalonieri
https://openalex.org/W4366262984,https://openalex.org/A5091251187,Riccardo Guidotti
https://openalex.org/W4366262984,https://openalex.org/A5017326471,Javier Del Ser
https://openalex.org/W4366262984,https://openalex.org/A5058176171,Natalia Díaz-Rodríguez
https://openalex.org/W4366262984,https://openalex.org/A5045016749,Francisco Herrera
https://openalex.org/W4366783381,https://openalex.org/A5032778716,Helen Crompton
https://openalex.org/W4366783381,https://openalex.org/A5045059551,Diane Burke
https://openalex.org/W2934302500,https://openalex.org/A5032994640,Yanqing Duan
https://openalex.org/W2934302500,https://openalex.org/A5007695310,John Steven Edwards
https://openalex.org/W2934302500,https://openalex.org/A5048622877,Yogesh Kumar Dwivedi
https://openalex.org/W205043379,https://openalex.org/A5108662140,Marvin Minsky
https://openalex.org/W4386142022,https://openalex.org/A5058693080,Vikas Hassija
https://openalex.org/W4386142022,https://openalex.org/A5005020243,Vinay Chamola
https://openalex.org/W4386142022,https://openalex.org/A5058997114,Abhinandan Singal
https://openalex.org/W4386142022,https://openalex.org/A5026248849,Divyansh Goel
https://openalex.org/W4386142022,https://openalex.org/A5026022035,Kaizhu Huang
https://openalex.org/W4386142022,https://openalex.org/A5022153057,Simone Scardapane
https://openalex.org/W4386142022,https://openalex.org/A5019615617,Indro Spinelli
https://openalex.org/W4386142022,https://openalex.org/A5027525633,Mufti Mahmud
https://openalex.org/W4386142022,https://openalex.org/A5062211930,Amir Hussain
https://openalex.org/W1497256448,https://openalex.org/A5071875770,John H. Holland
https://openalex.org/W2943370629,https://openalex.org/A5034159054,Muhammad Khalid Khan Niazi
https://openalex.org/W2943370629,https://openalex.org/A5079652585,Anil Vasdev Parwani
https://openalex.org/W2943370629,https://openalex.org/A5077316017,Metin N. Gürcan
https://openalex.org/W2911605224,https://openalex.org/A5047848562,Wenya Linda Bi
https://openalex.org/W2911605224,https://openalex.org/A5057166759,Ahmed Hosny
https://openalex.org/W2911605224,https://openalex.org/A5066835564,Matthew B. Schabath
https://openalex.org/W2911605224,https://openalex.org/A5049042648,Maryellen Lissak Giger
https://openalex.org/W2911605224,https://openalex.org/A5080932242,Nicolai J. Birkbak
https://openalex.org/W2911605224,https://openalex.org/A5042730944,Alireza Mehrtash
https://openalex.org/W2911605224,https://openalex.org/A5061569783,Tavis Allison
https://openalex.org/W2911605224,https://openalex.org/A5042900617,Omar M. Arnaout
https://openalex.org/W2911605224,https://openalex.org/A5039543927,Christopher Abbosh
https://openalex.org/W2911605224,https://openalex.org/A5102848288,Ian F. Dunn
https://openalex.org/W2911605224,https://openalex.org/A5064724289,Raymond H. Mak
https://openalex.org/W2911605224,https://openalex.org/A5049212930,Rulla M. Tamimi
https://openalex.org/W2911605224,https://openalex.org/A5074518172,Clare M. Tempany
https://openalex.org/W2911605224,https://openalex.org/A5016475369,Charles Swanton
https://openalex.org/W2911605224,https://openalex.org/A5024590816,Udo Hoffmann
https://openalex.org/W2911605224,https://openalex.org/A5058825770,Lawrence Howard Schwartz
https://openalex.org/W2911605224,https://openalex.org/A5082346230,Robert J. Gillies
https://openalex.org/W2911605224,https://openalex.org/A5066126749,Raymond Y. Huang
https://openalex.org/W2911605224,https://openalex.org/A5001452511,Hugo J.W.L. Aerts
https://openalex.org/W2898192966,https://openalex.org/A5010480125,Louis Robert Pasquale
https://openalex.org/W2898192966,https://openalex.org/A5029283104,Aaron Lee
https://openalex.org/W2898192966,https://openalex.org/A5060172197,Rajiv Raman
https://openalex.org/W2898192966,https://openalex.org/A5074359287,Gavin Siew Wei Tan
https://openalex.org/W2898192966,https://openalex.org/A5015017045,Leopold F. Schmetterer
https://openalex.org/W2898192966,https://openalex.org/A5003259452,Pearse Andrew Keane
https://openalex.org/W2898192966,https://openalex.org/A5072258594,Tien Yin Wong
https://openalex.org/W3210165781,https://openalex.org/A5103245119,Yongjun Xu
https://openalex.org/W3210165781,https://openalex.org/A5100352246,Xin Liu
https://openalex.org/W3210165781,https://openalex.org/A5100677572,Xin Cao
https://openalex.org/W3210165781,https://openalex.org/A5001246465,Changping Huang
https://openalex.org/W3210165781,https://openalex.org/A5015023458,Enke Liu
https://openalex.org/W3210165781,https://openalex.org/A5103854239,Sen Qian
https://openalex.org/W3210165781,https://openalex.org/A5100644714,Xingchen Liu
https://openalex.org/W3210165781,https://openalex.org/A5101053493,Yanjun Wu
https://openalex.org/W3210165781,https://openalex.org/A5006007824,Fengliang Dong
https://openalex.org/W3210165781,https://openalex.org/A5089609880,Cheng‐Wei Qiu
https://openalex.org/W3210165781,https://openalex.org/A5080352044,Junjun Qiu
https://openalex.org/W3210165781,https://openalex.org/A5035520117,Keqin Hua
https://openalex.org/W3210165781,https://openalex.org/A5025685034,Wentao Su
https://openalex.org/W3210165781,https://openalex.org/A5026200576,Jian Wu
https://openalex.org/W3210165781,https://openalex.org/A5073342449,Huiyu Xu
https://openalex.org/W3210165781,https://openalex.org/A5102020125,Yong Han
https://openalex.org/W3210165781,https://openalex.org/A5006131405,Chenguang Fu
https://openalex.org/W3210165781,https://openalex.org/A5029368014,Zhigang Yin
https://openalex.org/W3210165781,https://openalex.org/A5100348891,Miao Liu
https://openalex.org/W3210165781,https://openalex.org/A5063072445,Ronald Roepman
https://openalex.org/W3210165781,https://openalex.org/A5079535982,Sabine Dietmann
https://openalex.org/W3210165781,https://openalex.org/A5058621549,Marko Virta
https://openalex.org/W3210165781,https://openalex.org/A5059989199,Fredrick Orori Kengara
https://openalex.org/W3210165781,https://openalex.org/A5100379796,Ze Zhang
https://openalex.org/W3210165781,https://openalex.org/A5115603648,Lifu Zhang
https://openalex.org/W3210165781,https://openalex.org/A5026708844,Taolan Zhao
https://openalex.org/W3210165781,https://openalex.org/A5004124688,Ji Dai
https://openalex.org/W3210165781,https://openalex.org/A5028692805,Jialiang Yang
https://openalex.org/W3210165781,https://openalex.org/A5069308334,Liang Lan
https://openalex.org/W3210165781,https://openalex.org/A5103274860,Ming Luo
https://openalex.org/W3210165781,https://openalex.org/A5014272581,Tao An
https://openalex.org/W3210165781,https://openalex.org/A5100392856,Bin Zhang
https://openalex.org/W3210165781,https://openalex.org/A5053656744,Xiao He
https://openalex.org/W3210165781,https://openalex.org/A5103194476,Shan Cong
https://openalex.org/W3210165781,https://openalex.org/A5100321213,Xiaohong Liu
https://openalex.org/W3210165781,https://openalex.org/A5100441730,Wei Zhang
https://openalex.org/W3210165781,https://openalex.org/A5089429798,James P. Lewis
https://openalex.org/W3210165781,https://openalex.org/A5041807449,James M. Tiedje
https://openalex.org/W3210165781,https://openalex.org/A5100341279,Qi Wang
https://openalex.org/W3210165781,https://openalex.org/A5055016576,Zhulin An
https://openalex.org/W3210165781,https://openalex.org/A5100455750,Fei Wang
https://openalex.org/W3210165781,https://openalex.org/A5100337167,Libo Zhang
https://openalex.org/W3210165781,https://openalex.org/A5025077602,Tao Huang
https://openalex.org/W3210165781,https://openalex.org/A5071822954,Chuan Lü
https://openalex.org/W3210165781,https://openalex.org/A5072627238,Zhipeng Cai
https://openalex.org/W3210165781,https://openalex.org/A5029053811,Wang Fang
https://openalex.org/W3210165781,https://openalex.org/A5028980812,Jiabao Zhang
https://openalex.org/W4384154918,https://openalex.org/A5032649151,Shakked Noy
https://openalex.org/W4384154918,https://openalex.org/A5015831591,Whitney Zhang
https://openalex.org/W3038004684,https://openalex.org/A5076694286,Adam Bohr
https://openalex.org/W3038004684,https://openalex.org/A5005302633,Kaveh Memarzadeh
https://openalex.org/W2790209545,https://openalex.org/A5112853881,Daniel A. Hashimoto
https://openalex.org/W2790209545,https://openalex.org/A5000400312,Guy Rosman
https://openalex.org/W2790209545,https://openalex.org/A5066830185,Daniela L. Rus
https://openalex.org/W2790209545,https://openalex.org/A5072348956,Ozanan R. Meireles
https://openalex.org/W178169250,https://openalex.org/A5010587765,Christopher Meek
https://openalex.org/W178169250,https://openalex.org/A5040497430,Max Chickering
https://openalex.org/W178169250,https://openalex.org/A5087025582,Joseph Yehuda Halpern
https://openalex.org/W2608239929,https://openalex.org/A5040830236,Simon Colton
https://openalex.org/W2608239929,https://openalex.org/A5108645448,Alan Bundy
https://openalex.org/W2608239929,https://openalex.org/A5072902302,Toby Walsh
https://openalex.org/W1989020770,https://openalex.org/A5059657954,Kevin B. Korb
https://openalex.org/W1989020770,https://openalex.org/A5059359207,Ann E. Nicholson
https://openalex.org/W1997866278,https://openalex.org/A5108413519,AN Ramesh
https://openalex.org/W1997866278,https://openalex.org/A5046762295,C. Kambhampati
https://openalex.org/W1997866278,https://openalex.org/A5111739083,J. Quinn Monson
https://openalex.org/W1997866278,https://openalex.org/A5108413520,Pj Drew
https://openalex.org/W2954503794,https://openalex.org/A5081829228,David Gunning
https://openalex.org/W2954503794,https://openalex.org/A5063806691,David W. Aha
https://openalex.org/W2160645305,https://openalex.org/A5091863316,Nils J. Nilsson
https://openalex.org/W3153418506,https://openalex.org/A5006089136,Rohan V. Gupta
https://openalex.org/W3153418506,https://openalex.org/A5033592778,Devesh Srivastava
https://openalex.org/W3153418506,https://openalex.org/A5046535155,Mehar Sahu
https://openalex.org/W3153418506,https://openalex.org/A5102925012,Swati Tiwari
https://openalex.org/W3153418506,https://openalex.org/A5072893975,Rashmi K. Ambasta
https://openalex.org/W3153418506,https://openalex.org/A5062138228,Pravir Kumar
https://openalex.org/W3016417837,https://openalex.org/A5063934370,Falk Schwendicke
https://openalex.org/W3016417837,https://openalex.org/A5026451495,Wojciech Samek
https://openalex.org/W3016417837,https://openalex.org/A5065895211,Joachim Krois
https://openalex.org/W3013160799,https://openalex.org/A5052623072,Ben Shneiderman
https://openalex.org/W2809925683,https://openalex.org/A5004534275,Filip Karlo Došilović
https://openalex.org/W2809925683,https://openalex.org/A5004227278,Mario Brčić
https://openalex.org/W2809925683,https://openalex.org/A5041398301,Nikica Hlupić
https://openalex.org/W3017117984,https://openalex.org/A5020308795,Raju Vaishya
https://openalex.org/W3017117984,https://openalex.org/A5001731771,Mohd Javaid
https://openalex.org/W3017117984,https://openalex.org/A5055855207,Ibrahim Haleem Khan
https://openalex.org/W3017117984,https://openalex.org/A5087686222,Abid Haleem
https://openalex.org/W2966555834,https://openalex.org/A5053684361,Fnu Amisha
https://openalex.org/W2966555834,https://openalex.org/A5030925198,Paras Malik
https://openalex.org/W2966555834,https://openalex.org/A5039865339,Monika Pathania
https://openalex.org/W2966555834,https://openalex.org/A5035262901,Vyas Kumar Rathaur
https://openalex.org/W2624147939,https://openalex.org/A5019035804,Huimin Lu
https://openalex.org/W2624147939,https://openalex.org/A5100340443,Yujie Li
https://openalex.org/W2624147939,https://openalex.org/A5100337209,Min Chen
https://openalex.org/W2624147939,https://openalex.org/A5080756118,Hyoung Seop Kim
https://openalex.org/W2624147939,https://openalex.org/A5114048070,Seiichi Serikawa
https://openalex.org/W2604738573,https://openalex.org/A5106707885,Iain Murray
https://openalex.org/W2604738573,https://openalex.org/A5010159807,Matthew Graham
https://openalex.org/W3039995705,https://openalex.org/A5100700305,José Jiménez-Luna
https://openalex.org/W3039995705,https://openalex.org/A5078946433,Francesca Grisoni
https://openalex.org/W3039995705,https://openalex.org/A5028135456,Gisbert Schneider
https://openalex.org/W2967444033,https://openalex.org/A5088228366,Kaustav Bera
https://openalex.org/W2967444033,https://openalex.org/A5039115208,Kurt Alex Schalper
https://openalex.org/W2967444033,https://openalex.org/A5027326018,David L. Rimm
https://openalex.org/W2967444033,https://openalex.org/A5066861614,Vamsidhar Velcheti
https://openalex.org/W2967444033,https://openalex.org/A5027642699,Anant Madabhushi
https://openalex.org/W2337155942,https://openalex.org/A5013460714,Ido Roll
https://openalex.org/W2337155942,https://openalex.org/A5041483607,Ruth C. Wylie
https://openalex.org/W4304943299,https://openalex.org/A5091570362,Andy Nguyen
https://openalex.org/W4304943299,https://openalex.org/A5031594602,Ha Ngan Ngo
https://openalex.org/W4304943299,https://openalex.org/A5084270282,Yvonne Hong
https://openalex.org/W4304943299,https://openalex.org/A5052061009,Belle Dang
https://openalex.org/W4304943299,https://openalex.org/A5032059076,Bich‐Phuong Thi Nguyen
https://openalex.org/W2905604475,https://openalex.org/A5085743615,Prasanna B. Tambe
https://openalex.org/W2905604475,https://openalex.org/A5057406654,Peter H. Cappelli
https://openalex.org/W2905604475,https://openalex.org/A5082689007,Valery Yakubovich
https://openalex.org/W3035901421,https://openalex.org/A5014224572,Vivek Kaul
https://openalex.org/W3035901421,https://openalex.org/A5073132904,Sarah Enslin
https://openalex.org/W3035901421,https://openalex.org/A5091661010,Seth A. Gross
https://openalex.org/W3081261125,https://openalex.org/A5086883230,Stefano Puntoni
https://openalex.org/W3081261125,https://openalex.org/A5022528045,Rebecca Walker Reczek
https://openalex.org/W3081261125,https://openalex.org/A5015898318,Markus Giesler
https://openalex.org/W3081261125,https://openalex.org/A5053012779,Simona Botti
https://openalex.org/W1726806267,https://openalex.org/A5032104669,Lyna L. Wiggins
https://openalex.org/W4367310920,https://openalex.org/A5057589919,John W. Ayers
https://openalex.org/W4367310920,https://openalex.org/A5032380221,Adam Poliak
https://openalex.org/W4367310920,https://openalex.org/A5024437840,Mark H. Dredze
https://openalex.org/W4367310920,https://openalex.org/A5020648200,Eric Craig Leas
https://openalex.org/W4367310920,https://openalex.org/A5020902954,Zechariah Zhu
https://openalex.org/W4367310920,https://openalex.org/A5007202023,Jessica B. Kelley
https://openalex.org/W4367310920,https://openalex.org/A5014347604,Dennis J. Faix
https://openalex.org/W4367310920,https://openalex.org/A5103099711,Aaron Michael Goodman
https://openalex.org/W4367310920,https://openalex.org/A5052938070,Chris Longhurst
https://openalex.org/W4367310920,https://openalex.org/A5074841861,Michael A. Hogarth
https://openalex.org/W4367310920,https://openalex.org/A5044677503,Davey Mitchell Smith
https://openalex.org/W2617110182,https://openalex.org/A5044514674,Chayakrit Krittanawong
https://openalex.org/W2617110182,https://openalex.org/A5113911572,HongJu Zhang
https://openalex.org/W2617110182,https://openalex.org/A5100422396,Zhen Wang
https://openalex.org/W2617110182,https://openalex.org/A5073789619,Mehmet Aydar
https://openalex.org/W2617110182,https://openalex.org/A5090892101,Takeshi Kitai
https://openalex.org/W2971544482,https://openalex.org/A5055284175,Shuiguang Deng
https://openalex.org/W2971544482,https://openalex.org/A5018608721,Hailiang Zhao
https://openalex.org/W2971544482,https://openalex.org/A5010899234,Weijia Jia Fang
https://openalex.org/W2971544482,https://openalex.org/A5069353502,Jianwei Yin
https://openalex.org/W2971544482,https://openalex.org/A5004847496,Schahram Dustdar
https://openalex.org/W2971544482,https://openalex.org/A5015993565,Albert Y. Zomaya
https://openalex.org/W2884686506,https://openalex.org/A5066694165,Bernd W. Wirtz
https://openalex.org/W2884686506,https://openalex.org/A5030795352,Jan C. Weyerer
https://openalex.org/W2884686506,https://openalex.org/A5060212660,Carolin Geyer
https://openalex.org/W3209901185,https://openalex.org/A5070063054,Marzyeh Ghassemi
https://openalex.org/W3209901185,https://openalex.org/A5112563918,Luke Oakden‐Rayner
https://openalex.org/W3209901185,https://openalex.org/A5077007622,Andrew L. Beam
https://openalex.org/W3084021717,https://openalex.org/A5049547394,Gwo‐Jen Hwang
https://openalex.org/W3084021717,https://openalex.org/A5013151488,Haoran Xie
https://openalex.org/W3084021717,https://openalex.org/A5080392568,Benjamin Wan-Sang Wah
https://openalex.org/W3084021717,https://openalex.org/A5036855560,Dragan Gašević
https://openalex.org/W2912275277,https://openalex.org/A5023575906,Zaheer Allam
https://openalex.org/W2912275277,https://openalex.org/A5079045630,Zaynah Dhunny
https://openalex.org/W4229632424,https://openalex.org/A5050532928,Virginia Dignum
https://openalex.org/W3107308400,https://openalex.org/A5014044649,Gordon Wetzstein
https://openalex.org/W3107308400,https://openalex.org/A5016207990,Aydogan Özcan
https://openalex.org/W3107308400,https://openalex.org/A5043933499,Sylvain Gigan
https://openalex.org/W3107308400,https://openalex.org/A5100738747,Shanhui Fan
https://openalex.org/W3107308400,https://openalex.org/A5049120533,Dirk Englund
https://openalex.org/W3107308400,https://openalex.org/A5060426875,Marin Soljačić
https://openalex.org/W3107308400,https://openalex.org/A5004239002,Cornelia Denz
https://openalex.org/W3107308400,https://openalex.org/A5044137053,David A. B. Miller
https://openalex.org/W3107308400,https://openalex.org/A5048152891,Demetri Psaltis
https://openalex.org/W2120959311,https://openalex.org/A5072458517,Peter H. Schönemann
https://openalex.org/W2506282302,https://openalex.org/A5027943191,Nick Bostrom
https://openalex.org/W2506282302,https://openalex.org/A5002095767,Eliezer Yudkowsky
https://openalex.org/W3157202587,https://openalex.org/A5031758606,Fan Ouyang
https://openalex.org/W3157202587,https://openalex.org/A5060394018,Pengcheng Jiao
https://openalex.org/W4244364296,https://openalex.org/A5089720802,Eric R. Ziegel
https://openalex.org/W4244364296,https://openalex.org/A5060268328,William G. Gale
https://openalex.org/W3161970973,https://openalex.org/A5051873577,Caiming Zhang
https://openalex.org/W3161970973,https://openalex.org/A5080093402,Yang Lu
https://openalex.org/W2582336686,https://openalex.org/A5022353147,Spyros Makridakis
https://openalex.org/W2121835362,https://openalex.org/A5074094975,Trevor J. M. Bench-Capon
https://openalex.org/W2121835362,https://openalex.org/A5006740937,Paul E.S. Dunne
https://openalex.org/W3216065183,https://openalex.org/A5113850369,Dang Lien Minh
https://openalex.org/W3216065183,https://openalex.org/A5014796181,Hanxiang Wang
https://openalex.org/W3216065183,https://openalex.org/A5100784416,Yanfen Li
https://openalex.org/W3216065183,https://openalex.org/A5100701430,Tan Nhat Nguyen
https://openalex.org/W2269870390,https://openalex.org/A5091863316,Nils J. Nilsson
https://openalex.org/W4388962306,https://openalex.org/A5039414456,Tania Babina
https://openalex.org/W4388962306,https://openalex.org/A5035661072,Anastassia Fedyk
https://openalex.org/W4388962306,https://openalex.org/A5078260372,Alex Xi He
https://openalex.org/W4388962306,https://openalex.org/A5076178296,James Hodson
https://openalex.org/W3156614709,https://openalex.org/A5077087618,Xuesong Zhai
https://openalex.org/W3156614709,https://openalex.org/A5068082407,Xiaoyan Chu
https://openalex.org/W3156614709,https://openalex.org/A5035167001,Ching Sing Chai
https://openalex.org/W3156614709,https://openalex.org/A5052907090,Morris Siu–Yung Jong
https://openalex.org/W3156614709,https://openalex.org/A5002666373,Andreja Istenič Starčič
https://openalex.org/W3156614709,https://openalex.org/A5022345679,Michael P. Spector
https://openalex.org/W3156614709,https://openalex.org/A5076981458,Jia‐Bao Liu
https://openalex.org/W3156614709,https://openalex.org/A5079934631,Yuan Jing
https://openalex.org/W3156614709,https://openalex.org/A5042356208,Yan Li
https://openalex.org/W2167839443,https://openalex.org/A5113699846,Peter Cheeseman
https://openalex.org/W2167839443,https://openalex.org/A5032437424,William B. Gevarter
https://openalex.org/W4289258965,https://openalex.org/A5019010845,L.N. Kanal
https://openalex.org/W4289258965,https://openalex.org/A5000205568,J. F. Lemmer
https://openalex.org/W4289258965,https://openalex.org/A5028525233,Andrew P. Sage
https://openalex.org/W3199189488,https://openalex.org/A5018294641,Selin Akgün
https://openalex.org/W3199189488,https://openalex.org/A5032984793,Christine M. Greenhow
https://openalex.org/W4280549083,https://openalex.org/A5059927190,Bingcheng Wang
https://openalex.org/W4280549083,https://openalex.org/A5033157450,Pei‐Luen Patrick Rau
https://openalex.org/W4280549083,https://openalex.org/A5072053715,Tianyi Yuan
https://openalex.org/W2969912247,https://openalex.org/A5050907956,Pei Wang
https://openalex.org/W2807042118,https://openalex.org/A5101597053,Hadi Salehi
https://openalex.org/W2807042118,https://openalex.org/A5056815655,Rigoberto Burgueño
https://openalex.org/W3182546273,https://openalex.org/A5039480864,Plamen Parvanov Angelov
https://openalex.org/W3182546273,https://openalex.org/A5068590850,Eduardo Almeida Soares
https://openalex.org/W3182546273,https://openalex.org/A5083182498,Richard Jiang
https://openalex.org/W3182546273,https://openalex.org/A5060967387,Nicholas I. Arnold
https://openalex.org/W3182546273,https://openalex.org/A5000622487,Peter M. Atkinson
https://openalex.org/W2886801379,https://openalex.org/A5053563726,Ursula Margarethe Schmidt-Erfurth
https://openalex.org/W2886801379,https://openalex.org/A5045723460,Amir Sadeghipour
https://openalex.org/W2886801379,https://openalex.org/A5013494845,Bianca S. Gerendas
https://openalex.org/W2886801379,https://openalex.org/A5013612641,Sebastian M. Waldstein
https://openalex.org/W2886801379,https://openalex.org/A5089575197,Hrvoje Bogunović
https://openalex.org/W3020807179,https://openalex.org/A5021619099,Rohit Nishant
https://openalex.org/W3020807179,https://openalex.org/A5038660594,Mike Kennedy
https://openalex.org/W3020807179,https://openalex.org/A5021464237,Jacqueline Corbett
https://openalex.org/W4210725851,https://openalex.org/A5029628910,Imran M Ahmed
https://openalex.org/W4210725851,https://openalex.org/A5049449184,Gwanggil Jeon
https://openalex.org/W4210725851,https://openalex.org/A5016445191,Francesco Piccialli
https://openalex.org/W3195625625,https://openalex.org/A5090611350,Ida Merete Enholm
https://openalex.org/W3195625625,https://openalex.org/A5066906795,Emmanouil Papagiannidis
https://openalex.org/W3195625625,https://openalex.org/A5076679564,Patrick Mikalef
https://openalex.org/W3195625625,https://openalex.org/A5018388871,John Krogstie
https://openalex.org/W2901226889,https://openalex.org/A5046460674,Zachi Itzhak Attia
https://openalex.org/W2901226889,https://openalex.org/A5024752712,Suraj Kapa
https://openalex.org/W2901226889,https://openalex.org/A5001963115,Francisco López-Jiménez
https://openalex.org/W2901226889,https://openalex.org/A5091401831,Paul M. McKie
https://openalex.org/W2901226889,https://openalex.org/A5069601684,Dorothy J. Ladewig
https://openalex.org/W2901226889,https://openalex.org/A5055124433,Gaurav Satam
https://openalex.org/W2901226889,https://openalex.org/A5025811215,Patricia A. Pellikka
https://openalex.org/W2901226889,https://openalex.org/A5000497087,Maurice L. Enriquez-Sarano
https://openalex.org/W2901226889,https://openalex.org/A5043658621,Peter A. Noseworthy
https://openalex.org/W2901226889,https://openalex.org/A5073169719,Thomas M. Munger
https://openalex.org/W2901226889,https://openalex.org/A5079546501,Samuel J. Asirvatham
https://openalex.org/W2901226889,https://openalex.org/A5085699345,Christopher G. Scott
https://openalex.org/W2901226889,https://openalex.org/A5023936819,Rickey E. Carter
https://openalex.org/W2901226889,https://openalex.org/A5020289692,Paul A. Friedman
https://openalex.org/W2978195003,https://openalex.org/A5113468095,Donald R. Heath
https://openalex.org/W3023997891,https://openalex.org/A5046438957,Nina Schwalbe
https://openalex.org/W3023997891,https://openalex.org/A5055551851,Brian Wahl
https://openalex.org/W3148271110,https://openalex.org/A5074913530,Silvana Filomena Secinaro
https://openalex.org/W3148271110,https://openalex.org/A5046170136,Davide Calandra
https://openalex.org/W3148271110,https://openalex.org/A5018591989,Aurelio Secinaro
https://openalex.org/W3148271110,https://openalex.org/A5065376456,Vivek Muthurangu
https://openalex.org/W3148271110,https://openalex.org/A5062711908,Paolo Biancone
https://openalex.org/W4280651558,https://openalex.org/A5007067645,Hassan Khosravi
https://openalex.org/W4280651558,https://openalex.org/A5057774051,Simon Buckingham Shum
https://openalex.org/W4280651558,https://openalex.org/A5074575547,Guanliang Chen
https://openalex.org/W4280651558,https://openalex.org/A5024712028,Cristina Conati
https://openalex.org/W4280651558,https://openalex.org/A5102026376,Yi‐Shan Tsai
https://openalex.org/W4280651558,https://openalex.org/A5085056759,Judy Kay
https://openalex.org/W4280651558,https://openalex.org/A5090694114,Simon Knight
https://openalex.org/W4280651558,https://openalex.org/A5052017575,Roberto Martínez‐Maldonado
https://openalex.org/W4280651558,https://openalex.org/A5070591850,Shazia Wasim Sadiq
https://openalex.org/W4280651558,https://openalex.org/A5036855560,Dragan Gašević
https://openalex.org/W1985364607,https://openalex.org/A5111442637,Margaret A. Boden
https://openalex.org/W4224990248,https://openalex.org/A5012301204,Daron Acemoğlu
https://openalex.org/W4224990248,https://openalex.org/A5029839974,David Autor
https://openalex.org/W4224990248,https://openalex.org/A5112604849,Jonathon Hazell
https://openalex.org/W4224990248,https://openalex.org/A5011062401,Pascual Restrepo
https://openalex.org/W2894468641,https://openalex.org/A5006275807,Maud Chassignol
https://openalex.org/W2894468641,https://openalex.org/A5011781166,А В Хорошавин
https://openalex.org/W2894468641,https://openalex.org/A5028947243,Alexandra Klímová
https://openalex.org/W2894468641,https://openalex.org/A5084968092,Anna Bilyatdinova
https://openalex.org/W2145804350,https://openalex.org/A5005859792,A. Mellit
https://openalex.org/W2145804350,https://openalex.org/A5032046573,Soteris A. Kalogirou
https://openalex.org/W3035286874,https://openalex.org/A5000641874,Sara Gerke
https://openalex.org/W3035286874,https://openalex.org/A5047818595,Timo Minssen
https://openalex.org/W3035286874,https://openalex.org/A5109244971,Glenn Cohen
https://openalex.org/W2044330180,https://openalex.org/A5003688631,Yaping Zang
https://openalex.org/W2044330180,https://openalex.org/A5006205258,Fengjiao Zhang
https://openalex.org/W2044330180,https://openalex.org/A5005055349,Chong‐an Di
https://openalex.org/W2044330180,https://openalex.org/A5024046591,Daoben Zhu
https://openalex.org/W3183198896,https://openalex.org/A5029655930,Bas H. M. van der Velden
https://openalex.org/W3183198896,https://openalex.org/A5078692612,Hugo J. Kuijf
https://openalex.org/W3183198896,https://openalex.org/A5033195086,Kenneth G. A. Gilhuijs
https://openalex.org/W3183198896,https://openalex.org/A5033933581,Max A. Viergever
https://openalex.org/W4379470483,https://openalex.org/A5077683575,Ahmed Al Kuwaiti
https://openalex.org/W4379470483,https://openalex.org/A5092093953,Khalid Nazer
https://openalex.org/W4379470483,https://openalex.org/A5084825684,Abdullah H. Alreedy
https://openalex.org/W4379470483,https://openalex.org/A5085384393,Shaher D AlShehri
https://openalex.org/W4379470483,https://openalex.org/A5011966876,Afnan Almuhanna
https://openalex.org/W4379470483,https://openalex.org/A5062860214,Arun Vijay Subbarayalu
https://openalex.org/W4379470483,https://openalex.org/A5092093954,Dhoha Al Muhanna
https://openalex.org/W4379470483,https://openalex.org/A5113827797,Fahad Al‐Muhanna
https://openalex.org/W2959938226,https://openalex.org/A5075109537,Xin Yu Yang
https://openalex.org/W2959938226,https://openalex.org/A5100365595,Yifei Wang
https://openalex.org/W2959938226,https://openalex.org/A5038356502,Ryan Byrne
https://openalex.org/W2959938226,https://openalex.org/A5028135456,Gisbert Schneider
https://openalex.org/W2959938226,https://openalex.org/A5069425796,Shengyong Yang
https://openalex.org/W2992586577,https://openalex.org/A5017956722,Petra Schneider
https://openalex.org/W2992586577,https://openalex.org/A5077218712,W. Patrick Walters
https://openalex.org/W2992586577,https://openalex.org/A5007493361,Alleyn T. Plowright
https://openalex.org/W2992586577,https://openalex.org/A5000590331,Norman Sieroka
https://openalex.org/W2992586577,https://openalex.org/A5035371524,Jennifer Listgarten
https://openalex.org/W2992586577,https://openalex.org/A5073723435,Robert A. Goodnow
https://openalex.org/W2992586577,https://openalex.org/A5066189305,Jasmin Fisher
https://openalex.org/W2992586577,https://openalex.org/A5062775260,Johanna M. Jansen
https://openalex.org/W2992586577,https://openalex.org/A5001778051,José S. Duca
https://openalex.org/W2992586577,https://openalex.org/A5048275342,Thomas S. Rush
https://openalex.org/W2992586577,https://openalex.org/A5015018953,Matthias Zentgraf
https://openalex.org/W2992586577,https://openalex.org/A5103288071,John E. Hill
https://openalex.org/W2992586577,https://openalex.org/A5051150665,Elizabeth Krutoholow
https://openalex.org/W2992586577,https://openalex.org/A5023143074,Matthias Köhler
https://openalex.org/W2992586577,https://openalex.org/A5030750442,Jeff Blaney
https://openalex.org/W2992586577,https://openalex.org/A5087461964,Kimito Funatsu
https://openalex.org/W2992586577,https://openalex.org/A5060902831,Chris Luebkemann
https://openalex.org/W2992586577,https://openalex.org/A5028135456,Gisbert Schneider
https://openalex.org/W3033928040,https://openalex.org/A5060017621,Shuai Zhao
https://openalex.org/W3033928040,https://openalex.org/A5039395705,Frede Blaabjerg
https://openalex.org/W3033928040,https://openalex.org/A5036180789,Huai Wang
https://openalex.org/W2916559661,https://openalex.org/A5056117034,Yoav Mintz
https://openalex.org/W2916559661,https://openalex.org/A5024559200,Ronit Brodie
https://openalex.org/W9419878,https://openalex.org/A5102970018,John J. McDermott
https://openalex.org/W4360980141,https://openalex.org/A5006421977,Grant Cooper
https://openalex.org/W2171144767,https://openalex.org/A5046825469,George F. Luger
https://openalex.org/W4317748910,https://openalex.org/A5074699094,Elham Tabassi
https://openalex.org/W2910707576,https://openalex.org/A5024515720,Robert Challen
https://openalex.org/W2910707576,https://openalex.org/A5070908224,Joshua C. Denny
https://openalex.org/W2910707576,https://openalex.org/A5060599004,Martin Pitt
https://openalex.org/W2910707576,https://openalex.org/A5057387321,Luke L. Gompels
https://openalex.org/W2910707576,https://openalex.org/A5033339412,Krasimira T. Tsaneva-Atanasova
https://openalex.org/W4383912288,https://openalex.org/A5058455782,Lalitkumar K. Vora
https://openalex.org/W4383912288,https://openalex.org/A5086343929,Amol Dilip Gholap
https://openalex.org/W4383912288,https://openalex.org/A5054462834,Keshava L. Jetha
https://openalex.org/W4383912288,https://openalex.org/A5018062304,Thakur Raghu Raj Singh
https://openalex.org/W4383912288,https://openalex.org/A5051204048,Hetvi K. Solanki
https://openalex.org/W4383912288,https://openalex.org/A5058201241,Vivek P. Chavda
https://openalex.org/W2960630842,https://openalex.org/A5043846392,Yash Raj Shrestha
https://openalex.org/W2960630842,https://openalex.org/A5023667145,Shiko M. Ben‐Menahem
https://openalex.org/W2960630842,https://openalex.org/A5064346361,Georg von Krogh
https://openalex.org/W3093821457,https://openalex.org/A5087618571,Naomi Haefner
https://openalex.org/W3093821457,https://openalex.org/A5019143179,Joakim Wincent
https://openalex.org/W3093821457,https://openalex.org/A5090362709,Vinit Parida
https://openalex.org/W3093821457,https://openalex.org/A5073033406,Oliver Gassmann
https://openalex.org/W2501634593,https://openalex.org/A5059657954,Kevin B. Korb
https://openalex.org/W2501634593,https://openalex.org/A5059359207,Ann E. Nicholson
https://openalex.org/W2950944546,https://openalex.org/A5051722283,Kirtan Jha
https://openalex.org/W2950944546,https://openalex.org/A5084097150,Aalap Doshi
https://openalex.org/W2950944546,https://openalex.org/A5104012347,Poojan Patel
https://openalex.org/W2950944546,https://openalex.org/A5091192993,Manan Shah
https://openalex.org/W2985105610,https://openalex.org/A5091786099,Margaret A. Goralski
https://openalex.org/W2985105610,https://openalex.org/A5110535073,Tay Keong Tan
https://openalex.org/W4396766974,https://openalex.org/A5009615188,Shan Wang
https://openalex.org/W4396766974,https://openalex.org/A5070692709,Fang Wang
https://openalex.org/W4396766974,https://openalex.org/A5102313387,Zhen Zhu
https://openalex.org/W4396766974,https://openalex.org/A5083959153,Jingxuan Wang
https://openalex.org/W4396766974,https://openalex.org/A5102320641,Tam Tran
https://openalex.org/W4396766974,https://openalex.org/A5022607687,Zhao Du
https://openalex.org/W2896893468,https://openalex.org/A5068686133,Matthieu Komorowski
https://openalex.org/W2896893468,https://openalex.org/A5031401755,Leo Anthony Celi
https://openalex.org/W2896893468,https://openalex.org/A5000657987,Omar Badawi
https://openalex.org/W2896893468,https://openalex.org/A5054928970,Anthony  C. Gordon
https://openalex.org/W2896893468,https://openalex.org/A5060700722,A. Aldo Faisal
https://openalex.org/W3013294478,https://openalex.org/A5053343994,John Mongan
https://openalex.org/W3013294478,https://openalex.org/A5054427605,Linda P. Moy
https://openalex.org/W3013294478,https://openalex.org/A5085037175,Charles E. Kahn
https://openalex.org/W3124957586,https://openalex.org/A5076679564,Patrick Mikalef
https://openalex.org/W3124957586,https://openalex.org/A5000693505,Manjul Gupta
https://openalex.org/W4385878593,https://openalex.org/A5051609871,Firuz Kamalov
https://openalex.org/W4385878593,https://openalex.org/A5059503991,David Santandreu Calonge
https://openalex.org/W4385878593,https://openalex.org/A5030399410,Ikhlaas Gurrib
https://openalex.org/W4312092243,https://openalex.org/A5022139510,Jaya Yadav
https://openalex.org/W4312092243,https://openalex.org/A5090903271,Shruti Shukla
https://openalex.org/W4312092243,https://openalex.org/A5027611161,Kanika Sharma
https://openalex.org/W4312092243,https://openalex.org/A5089408343,Nupur Soni
https://openalex.org/W4312092243,https://openalex.org/A5042230409,Shruti Agarwal
https://openalex.org/W4312092243,https://openalex.org/A5036043522,Prabhash Chandra Pathak
https://openalex.org/W3118831975,https://openalex.org/A5083868707,Tanveer Ahmad
https://openalex.org/W3118831975,https://openalex.org/A5100416390,Dongdong Zhang
https://openalex.org/W3118831975,https://openalex.org/A5070357433,Chao Huang
https://openalex.org/W3118831975,https://openalex.org/A5055229726,Hongcai Zhang
https://openalex.org/W3118831975,https://openalex.org/A5035697252,Ningyi Dai
https://openalex.org/W3118831975,https://openalex.org/A5064691727,Yonghua Song
https://openalex.org/W3118831975,https://openalex.org/A5101770836,Huanxin Chen
https://openalex.org/W3082622239,https://openalex.org/A5073093082,Nisreen Ameen
https://openalex.org/W3082622239,https://openalex.org/A5047052011,Ali Tarhini
https://openalex.org/W3082622239,https://openalex.org/A5073047116,Alexander E. Reppel
https://openalex.org/W3082622239,https://openalex.org/A5048493774,Amitabh Anand
https://openalex.org/W3127657277,https://openalex.org/A5017726219,Konstantinos C. Siontis
https://openalex.org/W3127657277,https://openalex.org/A5043658621,Peter A. Noseworthy
https://openalex.org/W3127657277,https://openalex.org/A5046460674,Zachi Itzhak Attia
https://openalex.org/W3127657277,https://openalex.org/A5020289692,Paul A. Friedman
https://openalex.org/W3025948831,https://openalex.org/A5079389528,Xueyan Mei
https://openalex.org/W3025948831,https://openalex.org/A5061960883,Hao-Chih Lee
https://openalex.org/W3025948831,https://openalex.org/A5039352036,Kaiyue Diao
https://openalex.org/W3025948831,https://openalex.org/A5091438230,Mingqian Huang
https://openalex.org/W3025948831,https://openalex.org/A5037608287,Bin Lin
https://openalex.org/W3025948831,https://openalex.org/A5100731334,Chenyu Liu
https://openalex.org/W3025948831,https://openalex.org/A5103219128,Zongyu Xie
https://openalex.org/W3025948831,https://openalex.org/A5070744146,Yixuan Ma
https://openalex.org/W3025948831,https://openalex.org/A5091392386,Philip M. Robson
https://openalex.org/W3025948831,https://openalex.org/A5022008748,Michael S Chung
https://openalex.org/W3025948831,https://openalex.org/A5081548461,Adam Bernheim
https://openalex.org/W3025948831,https://openalex.org/A5070093206,Venkatesh Mani
https://openalex.org/W3025948831,https://openalex.org/A5070571941,Claudia Calcagno
https://openalex.org/W3025948831,https://openalex.org/A5101605036,Kunwei Li
https://openalex.org/W3025948831,https://openalex.org/A5001822572,Shaolin Li
https://openalex.org/W3025948831,https://openalex.org/A5022408293,Hong Shan
https://openalex.org/W3025948831,https://openalex.org/A5055092097,Jian Cheng Lv
https://openalex.org/W3025948831,https://openalex.org/A5101880291,Tongtong Zhao
https://openalex.org/W3025948831,https://openalex.org/A5081319385,Junli Xia
https://openalex.org/W3025948831,https://openalex.org/A5009257251,Qihua Long
https://openalex.org/W3025948831,https://openalex.org/A5111079195,Sharon Steinberger
https://openalex.org/W3025948831,https://openalex.org/A5071276564,Adam Jacobi
https://openalex.org/W3025948831,https://openalex.org/A5088913217,Timothy W. Deyer
https://openalex.org/W3025948831,https://openalex.org/A5012300513,Marta Łuksza
https://openalex.org/W3025948831,https://openalex.org/A5039127636,Fang Liu
https://openalex.org/W3025948831,https://openalex.org/A5049321519,Brent P. Little
https://openalex.org/W3025948831,https://openalex.org/A5089434484,Zahi Adel Fayad
https://openalex.org/W3025948831,https://openalex.org/A5047880172,Yang Yang
https://openalex.org/W3136552952,https://openalex.org/A5041641749,Xiaoxuan Liu
https://openalex.org/W3136552952,https://openalex.org/A5032884545,Samantha Cruz Rivera
https://openalex.org/W3136552952,https://openalex.org/A5068353058,David Moher
https://openalex.org/W3136552952,https://openalex.org/A5072936611,Melanie Jane Calvert
https://openalex.org/W3136552952,https://openalex.org/A5074056939,Alastair Keith Denniston
https://openalex.org/W3136552952,https://openalex.org/A5055785355,Ara Wardkes Darzi
https://openalex.org/W3136552952,https://openalex.org/A5100649924,Christopher Holmes
https://openalex.org/W3136552952,https://openalex.org/A5053747302,Hutan Ashrafian
https://openalex.org/W3136552952,https://openalex.org/A5009420648,Jonathan J Deeks
https://openalex.org/W3136552952,https://openalex.org/A5020757995,Lavinia Ferrante di Ruffano
https://openalex.org/W3136552952,https://openalex.org/A5047970595,Livia Faes
https://openalex.org/W3136552952,https://openalex.org/A5003259452,Pearse Andrew Keane
https://openalex.org/W3136552952,https://openalex.org/A5003185028,Sebastian J. Vollmer
https://openalex.org/W3136552952,https://openalex.org/A5029283104,Aaron Lee
https://openalex.org/W3136552952,https://openalex.org/A5022996077,Adrian Jonas
https://openalex.org/W3136552952,https://openalex.org/A5070015743,Andre Esteva
https://openalex.org/W3136552952,https://openalex.org/A5077007622,Andrew L. Beam
https://openalex.org/W3136552952,https://openalex.org/A5071695158,Maria Beatrice Panico
https://openalex.org/W3136552952,https://openalex.org/A5067663922,Cecilia S. Lee
https://openalex.org/W3136552952,https://openalex.org/A5066174749,Charlotte J. Haug
https://openalex.org/W3136552952,https://openalex.org/A5026540467,Christopher J. Kelly
https://openalex.org/W3136552952,https://openalex.org/A5031204654,Cynthia D. Mulrow
https://openalex.org/W3136552952,https://openalex.org/A5006251734,Cyrus Espinoza
https://openalex.org/W3136552952,https://openalex.org/A5032105571,John Fletcher
https://openalex.org/W3136552952,https://openalex.org/A5062441605,Dina N. Paltoo
https://openalex.org/W3136552952,https://openalex.org/A5083226720,Elaine Manna
https://openalex.org/W3136552952,https://openalex.org/A5111816412,Gary W Price
https://openalex.org/W3136552952,https://openalex.org/A5060891981,Professor Gary S. Collins
https://openalex.org/W3136552952,https://openalex.org/A5010957359,Hugh Harvey
https://openalex.org/W3136552952,https://openalex.org/A5110004888,James Matcham
https://openalex.org/W3136552952,https://openalex.org/A5090804716,João Monteiro
https://openalex.org/W3136552952,https://openalex.org/A5016345283,M. Khair ElZarrad
https://openalex.org/W3136552952,https://openalex.org/A5112563918,Luke Oakden‐Rayner
https://openalex.org/W3136552952,https://openalex.org/A5063981686,Melissa D. McCradden
https://openalex.org/W3136552952,https://openalex.org/A5086506904,Richard S. Savage
https://openalex.org/W3136552952,https://openalex.org/A5034676046,Robert Golub
https://openalex.org/W3136552952,https://openalex.org/A5090944141,Rupa Sarkar
https://openalex.org/W3136552952,https://openalex.org/A5033308444,Samuel Rowley
https://openalex.org/W3005335661,https://openalex.org/A5089208747,Giovanni Leonardo Briganti
https://openalex.org/W3005335661,https://openalex.org/A5052873880,Olivier Le Moine
https://openalex.org/W2985355520,https://openalex.org/A5054035453,Sarah Anne Graham
https://openalex.org/W2985355520,https://openalex.org/A5075044906,Colin Andrew Depp
https://openalex.org/W2985355520,https://openalex.org/A5050773840,Ellen Lee
https://openalex.org/W2985355520,https://openalex.org/A5034709028,Camille Nebeker
https://openalex.org/W2985355520,https://openalex.org/A5024441960,Xin Ming Tu
https://openalex.org/W2985355520,https://openalex.org/A5101983588,Ho‐Cheol Kim
https://openalex.org/W2985355520,https://openalex.org/A5091482427,Dilip V. Jeste
https://openalex.org/W3113152109,https://openalex.org/A5067890765,Yue Pan
https://openalex.org/W3113152109,https://openalex.org/A5056869509,Limao Zhang
https://openalex.org/W2937186836,https://openalex.org/A5060891981,Professor Gary S. Collins
https://openalex.org/W2937186836,https://openalex.org/A5083104697,Karel G.M. Moons
https://openalex.org/W2921335396,https://openalex.org/A5052713249,Damini Dey
https://openalex.org/W2921335396,https://openalex.org/A5089319978,Piotr J. Slomka
https://openalex.org/W2921335396,https://openalex.org/A5079689850,Paul Leeson
https://openalex.org/W2921335396,https://openalex.org/A5012751147,Dorin Comaniciu
https://openalex.org/W2921335396,https://openalex.org/A5069212852,Sirish Shrestha
https://openalex.org/W2921335396,https://openalex.org/A5086934416,Partho P. Sengupta
https://openalex.org/W2921335396,https://openalex.org/A5074267679,Thomas Hugh Marwick
https://openalex.org/W3011186445,https://openalex.org/A5039064160,Roberto Verganti
https://openalex.org/W3011186445,https://openalex.org/A5077430909,Luca Vendraminelli
https://openalex.org/W3011186445,https://openalex.org/A5015070753,Marco Iansiti
https://openalex.org/W2972320421,https://openalex.org/A5112853881,Daniel A. Hashimoto
https://openalex.org/W2972320421,https://openalex.org/A5041837507,Elan R. Witkowski
https://openalex.org/W2972320421,https://openalex.org/A5067993542,Lei Gao
https://openalex.org/W2972320421,https://openalex.org/A5072348956,Ozanan R. Meireles
https://openalex.org/W2972320421,https://openalex.org/A5000400312,Guy Rosman
https://openalex.org/W3004493409,https://openalex.org/A5089247128,Eirini Ntoutsi
https://openalex.org/W3004493409,https://openalex.org/A5006827595,Pavlos Fafalios
https://openalex.org/W3004493409,https://openalex.org/A5038081564,Ujwal Gadiraju
https://openalex.org/W3004493409,https://openalex.org/A5012928144,Vasileios Iosifidis
https://openalex.org/W3004493409,https://openalex.org/A5074427964,Wolfgang Nejdl
https://openalex.org/W3004493409,https://openalex.org/A5055433807,María-Esther Vidal
https://openalex.org/W3004493409,https://openalex.org/A5071524745,Salvatore Ruggieri
https://openalex.org/W3004493409,https://openalex.org/A5023007469,Franco Turini
https://openalex.org/W3004493409,https://openalex.org/A5013616365,Symeon Papadopoulos
https://openalex.org/W3004493409,https://openalex.org/A5011784504,Emmanouil Krasanakis
https://openalex.org/W3004493409,https://openalex.org/A5084122016,Ioannis Yiannis Kompatsiaris
https://openalex.org/W3004493409,https://openalex.org/A5065222438,Katharina E. Kinder-Kurlanda
https://openalex.org/W3004493409,https://openalex.org/A5044130443,Claudia M. Wagner
https://openalex.org/W3004493409,https://openalex.org/A5074129504,Fariba Karimi
https://openalex.org/W3004493409,https://openalex.org/A5090994054,Miriam Fernández
https://openalex.org/W3004493409,https://openalex.org/A5074716096,Harith Alani
https://openalex.org/W3004493409,https://openalex.org/A5072130052,Bettina Berendt
https://openalex.org/W3004493409,https://openalex.org/A5065934399,Tina Kruegel
https://openalex.org/W3004493409,https://openalex.org/A5102949117,Christian Heinze
https://openalex.org/W3004493409,https://openalex.org/A5066050663,Klaus Broelemann
https://openalex.org/W3004493409,https://openalex.org/A5024434748,Gjergji Kasneci
https://openalex.org/W3004493409,https://openalex.org/A5078041422,Thanassis Tiropanis
https://openalex.org/W3004493409,https://openalex.org/A5062807811,Steffen Staab
https://openalex.org/W2901411193,https://openalex.org/A5014523412,Kit‐Kay Mak
https://openalex.org/W2003103143,https://openalex.org/A5067530493,Barbara Von Eckardt
https://openalex.org/W2003103143,https://openalex.org/A5035560281,John Haugeland
https://openalex.org/W2753415590,https://openalex.org/A5026451495,Wojciech Samek
https://openalex.org/W2753415590,https://openalex.org/A5034084717,Thomas Wiegand
https://openalex.org/W2753415590,https://openalex.org/A5107838719,Klaus‐Robert Müller
https://openalex.org/W2583955450,https://openalex.org/A5069087453,Bo-hu Li
https://openalex.org/W2583955450,https://openalex.org/A5113433007,Baocun Hou
https://openalex.org/W2583955450,https://openalex.org/A5033032757,Wentao Yu
https://openalex.org/W2583955450,https://openalex.org/A5100527116,Xiaobing Lu
https://openalex.org/W2583955450,https://openalex.org/A5101454589,Chunwei Yang
https://openalex.org/W4322008312,https://openalex.org/A5010414299,Michele Salvagno
https://openalex.org/W4322008312,https://openalex.org/A5110301852,Fabio Silvio Taccone
https://openalex.org/W4322008312,https://openalex.org/A5069242481,Alberto Giovanni Gerli
https://openalex.org/W4205561327,https://openalex.org/A5013569218,Davinder Kaur
https://openalex.org/W4205561327,https://openalex.org/A5090778066,Süleyman Uslu
https://openalex.org/W4205561327,https://openalex.org/A5004370681,Kaley J. Rittichier
https://openalex.org/W4205561327,https://openalex.org/A5065501127,Arjan Durresi
https://openalex.org/W1501218016,https://openalex.org/A5045893425,Gregory M. P. O’Hare
https://openalex.org/W1501218016,https://openalex.org/A5036583884,Nicholas R. Jennings
https://openalex.org/W3089252064,https://openalex.org/A5035205750,Reza Toorajipour
https://openalex.org/W3089252064,https://openalex.org/A5053032836,Vahid Sohrabpour
https://openalex.org/W3089252064,https://openalex.org/A5042770678,Ali Nazarpour
https://openalex.org/W3089252064,https://openalex.org/A5040479320,Pejvak Oghazi
https://openalex.org/W3089252064,https://openalex.org/A5057388751,Maria Fischl
https://openalex.org/W3147517805,https://openalex.org/A5004886772,J.E. Korteling
https://openalex.org/W3147517805,https://openalex.org/A5022636556,G. C. van de Boer-Visschedijk
https://openalex.org/W3147517805,https://openalex.org/A5080337302,Romy Blankendaal
https://openalex.org/W3147517805,https://openalex.org/A5083518792,Rudy Boonekamp
https://openalex.org/W3147517805,https://openalex.org/A5035154189,Aletta R. Eikelboom
https://openalex.org/W2908162093,https://openalex.org/A5061391340,Rusul L. Abduljabbar
https://openalex.org/W2908162093,https://openalex.org/A5063743712,Hussein Dia
https://openalex.org/W2908162093,https://openalex.org/A5051392906,Sohani Liyanage
https://openalex.org/W2908162093,https://openalex.org/A5003771294,Saeed Asadi Bagloee
https://openalex.org/W4389359039,https://openalex.org/A5092994450,Leonardo Banh
https://openalex.org/W4389359039,https://openalex.org/A5087654936,Gero Strobel
https://openalex.org/W4413478458,https://openalex.org/A5000707324,Nicholas Berente
https://openalex.org/W4413478458,https://openalex.org/A5101875578,Bin Gu
https://openalex.org/W4413478458,https://openalex.org/A5063729247,Jan Recker
https://openalex.org/W4413478458,https://openalex.org/A5033340039,Radhika Santhanam
https://openalex.org/W4309484364,https://openalex.org/A5059877507,Thien Huynh‐The
https://openalex.org/W4309484364,https://openalex.org/A5062525719,Quoc‐Viet Pham
https://openalex.org/W4309484364,https://openalex.org/A5021487234,Xuan‐Qui Pham
https://openalex.org/W4309484364,https://openalex.org/A5085593383,Thanh Thi Nguyen
https://openalex.org/W4309484364,https://openalex.org/A5063667378,Zhu Han
https://openalex.org/W4309484364,https://openalex.org/A5102829948,Dong‐Seong Kim
https://openalex.org/W3090117266,https://openalex.org/A5031295052,Scott Thiebes
https://openalex.org/W3090117266,https://openalex.org/A5043714124,Sebastian Lins
https://openalex.org/W3090117266,https://openalex.org/A5058513170,Ali Sunyaev
https://openalex.org/W4229056760,https://openalex.org/A5019795328,İsmail Çelik
https://openalex.org/W4229056760,https://openalex.org/A5017021889,Muhterem Dindar
https://openalex.org/W4229056760,https://openalex.org/A5052042798,Hanni Muukkonen
https://openalex.org/W4229056760,https://openalex.org/A5054198262,Sanna Järvelä
https://openalex.org/W4389437528,https://openalex.org/A5071196836,David Baidoo-Anu
https://openalex.org/W4389437528,https://openalex.org/A5091906349,Leticia Owusu Ansah
https://openalex.org/W3086667591,https://openalex.org/A5042406517,Stan Benjamens
https://openalex.org/W3086667591,https://openalex.org/A5039407248,Pranavsingh Dhunnoo
https://openalex.org/W3086667591,https://openalex.org/A5064145018,Bertalan Meskó
https://openalex.org/W3113541070,https://openalex.org/A5082865743,DonHee Lee
https://openalex.org/W3113541070,https://openalex.org/A5015212682,Seong No Yoon
https://openalex.org/W3084223432,https://openalex.org/A5017768318,Xieling Chen
https://openalex.org/W3084223432,https://openalex.org/A5013151488,Haoran Xie
https://openalex.org/W3084223432,https://openalex.org/A5031335640,Di Zou
https://openalex.org/W3084223432,https://openalex.org/A5049547394,Gwo‐Jen Hwang
https://openalex.org/W4221106857,https://openalex.org/A5025506250,Nithesh Naik
https://openalex.org/W4221106857,https://openalex.org/A5066540164,B. M. Zeeshan Hameed
https://openalex.org/W4221106857,https://openalex.org/A5009434368,Dasharathraj K Shetty
https://openalex.org/W4221106857,https://openalex.org/A5017851202,Dishant Swain
https://openalex.org/W4221106857,https://openalex.org/A5090723104,Milap Shah
https://openalex.org/W4221106857,https://openalex.org/A5006513001,Rahul Paul
https://openalex.org/W4221106857,https://openalex.org/A5000121535,Kaivalya Aggarwal
https://openalex.org/W4221106857,https://openalex.org/A5067015040,Sufyan Ibrahim
https://openalex.org/W4221106857,https://openalex.org/A5088117549,Vathsala Patil
https://openalex.org/W4221106857,https://openalex.org/A5065001390,Komal Smriti
https://openalex.org/W4221106857,https://openalex.org/A5013353259,Suyog Shetty
https://openalex.org/W4221106857,https://openalex.org/A5103033178,Bhavan Prasad Rai
https://openalex.org/W4221106857,https://openalex.org/A5051227886,P. Chłosta
https://openalex.org/W4221106857,https://openalex.org/A5020657630,Bhaskar Kumar Somani
https://openalex.org/W3205076722,https://openalex.org/A5088228366,Kaustav Bera
https://openalex.org/W3205076722,https://openalex.org/A5087068707,Nathaniel M. Braman
https://openalex.org/W3205076722,https://openalex.org/A5051186131,Amit Banwari Gupta
https://openalex.org/W3205076722,https://openalex.org/A5066861614,Vamsidhar Velcheti
https://openalex.org/W3205076722,https://openalex.org/A5027642699,Anant Madabhushi
https://openalex.org/W2604599489,https://openalex.org/A5055130162,Julia Kokina
https://openalex.org/W2604599489,https://openalex.org/A5018910159,Thomas H. Davenport
https://openalex.org/W2019818855,https://openalex.org/A5047328073,Vimla Lodhia Patel
https://openalex.org/W2019818855,https://openalex.org/A5016223285,Edward Hance Shortliffe
https://openalex.org/W2019818855,https://openalex.org/A5111471463,Mario Stefanelli
https://openalex.org/W2019818855,https://openalex.org/A5006650843,Peter Szolovits
https://openalex.org/W2019818855,https://openalex.org/A5035270195,Michael R. Berthold
https://openalex.org/W2019818855,https://openalex.org/A5050932220,Riccardo Bellazzi
https://openalex.org/W2019818855,https://openalex.org/A5075388940,Ameen Abu–Hanna
https://openalex.org/W3146345129,https://openalex.org/A5030247704,Bhavneet Bhinder
https://openalex.org/W3146345129,https://openalex.org/A5036395961,Coryandar M. Gilvary
https://openalex.org/W3146345129,https://openalex.org/A5068268768,Neel S. Madhukar
https://openalex.org/W3146345129,https://openalex.org/A5061702711,Olivier Elemento
https://openalex.org/W1578957392,https://openalex.org/A5142514925,Trevor Bench-capon
https://openalex.org/W1578957392,https://openalex.org/A5020760288,Henry Prakken
https://openalex.org/W1578957392,https://openalex.org/A5084837357,Giovanni Sartor
https://openalex.org/W1984938651,https://openalex.org/A5112396481,Jaime R. Carbonell
https://openalex.org/W3041968715,https://openalex.org/A5084530286,Shakir Mohamed
https://openalex.org/W3041968715,https://openalex.org/A5083299129,Marie-Thérèse Png
https://openalex.org/W3041968715,https://openalex.org/A5048272174,William Isaac
https://openalex.org/W3130894836,https://openalex.org/A5040844824,Demetris Vrontis
https://openalex.org/W3130894836,https://openalex.org/A5003399342,Michael Christofi
https://openalex.org/W3130894836,https://openalex.org/A5069901933,Vijay Edward Pereira
https://openalex.org/W3130894836,https://openalex.org/A5076666054,Shlomo Y. Tarba
https://openalex.org/W3130894836,https://openalex.org/A5078450108,Anna Makrides
https://openalex.org/W3130894836,https://openalex.org/A5055678423,Eleni Trichina
https://openalex.org/W4311487064,https://openalex.org/A5036790548,Sage Kelly
https://openalex.org/W4311487064,https://openalex.org/A5018997359,Sherrie-Anne Kaye
https://openalex.org/W4311487064,https://openalex.org/A5016640523,Óscar Oviedo-Trespalacios
https://openalex.org/W3036458852,https://openalex.org/A5035132179,Onur Asan
https://openalex.org/W3036458852,https://openalex.org/A5064426673,Alparslan Emrah Bayrak
https://openalex.org/W3036458852,https://openalex.org/A5002116815,Avishek Choudhury
https://openalex.org/W4294647307,https://openalex.org/A5087686222,Abid Haleem
https://openalex.org/W4294647307,https://openalex.org/A5001731771,Mohd Javaid
https://openalex.org/W4294647307,https://openalex.org/A5047686317,Mohammad Asim Qadri
https://openalex.org/W4294647307,https://openalex.org/A5062046298,Ravi Pratap Singh
https://openalex.org/W4294647307,https://openalex.org/A5065005095,Rajiv Suman
https://openalex.org/W2767381938,https://openalex.org/A5038726741,D. Douglas Miller
https://openalex.org/W2767381938,https://openalex.org/A5075159988,Eric W. Brown
https://openalex.org/W4304014045,https://openalex.org/A5021144196,Jana Lipková
https://openalex.org/W4304014045,https://openalex.org/A5054665212,Richard J. Chen
https://openalex.org/W4304014045,https://openalex.org/A5100675173,Bowen Chen
https://openalex.org/W4304014045,https://openalex.org/A5074001163,Ming Y. Lu
https://openalex.org/W4304014045,https://openalex.org/A5075489954,Matteo Barbieri
https://openalex.org/W4304014045,https://openalex.org/A5036791766,Daniel Shao
https://openalex.org/W4304014045,https://openalex.org/A5023061511,Anurag Jayant Vaidya
https://openalex.org/W4304014045,https://openalex.org/A5032079635,Chengkuan Chen
https://openalex.org/W4304014045,https://openalex.org/A5067998904,Luoting Zhuang
https://openalex.org/W4304014045,https://openalex.org/A5050925115,Drew F. K. Williamson
https://openalex.org/W4304014045,https://openalex.org/A5011079056,Muhammad Shaban
https://openalex.org/W4304014045,https://openalex.org/A5026537267,Tiffany Chen
https://openalex.org/W4304014045,https://openalex.org/A5080050834,Faisal Mahmood
https://openalex.org/W2615497679,https://openalex.org/A5070069387,Giovanni Amendola
https://openalex.org/W2615497679,https://openalex.org/A5013411309,Francesco Ricca
https://openalex.org/W2615497679,https://openalex.org/A5079794036,Mirosław Truszczyński
https://openalex.org/W4225597912,https://openalex.org/A5022601521,Steven Alexander Hicks
https://openalex.org/W4225597912,https://openalex.org/A5000311801,Inga Strümke
https://openalex.org/W4225597912,https://openalex.org/A5034317141,Vajira Lasantha Thambawita
https://openalex.org/W4225597912,https://openalex.org/A5104085175,Malek Hammou
https://openalex.org/W4225597912,https://openalex.org/A5102968267,Michael Alexander Riegler
https://openalex.org/W4225597912,https://openalex.org/A5088962741,Pål Halvorsen
https://openalex.org/W4225597912,https://openalex.org/A5041381652,Sravanthi Parasa
https://openalex.org/W2965786352,https://openalex.org/A5090801680,Kai Dong
https://openalex.org/W2965786352,https://openalex.org/A5103325879,Peng Fei Xiao
https://openalex.org/W2965786352,https://openalex.org/A5100376569,Zhong Lin Wang
https://openalex.org/W2955088691,https://openalex.org/A5018569458,Andrea L. Guzman
https://openalex.org/W2955088691,https://openalex.org/A5082523500,Seth C. Lewis
https://openalex.org/W4400135851,https://openalex.org/A5021895255,Ahmed Salih
https://openalex.org/W4400135851,https://openalex.org/A5038588164,Zahra Raisi‐Estabragh
https://openalex.org/W4400135851,https://openalex.org/A5082628560,Ilaria Boscolo Galazzo
https://openalex.org/W4400135851,https://openalex.org/A5083867344,Petia I. Radeva
https://openalex.org/W4400135851,https://openalex.org/A5076800816,Steffen Erhard Petersen
https://openalex.org/W4400135851,https://openalex.org/A5078391768,Karim Lekadir
https://openalex.org/W4400135851,https://openalex.org/A5042078827,Gloria Menegaz
https://openalex.org/W4307486628,https://openalex.org/A5001731771,Mohd Javaid
https://openalex.org/W4307486628,https://openalex.org/A5087686222,Abid Haleem
https://openalex.org/W4307486628,https://openalex.org/A5055855207,Ibrahim Haleem Khan
https://openalex.org/W4307486628,https://openalex.org/A5065005095,Rajiv Suman
https://openalex.org/W3034344071,https://openalex.org/A5007305440,Stuart Russell
https://openalex.org/W2899876413,https://openalex.org/A5016223285,Edward Hance Shortliffe
https://openalex.org/W2899876413,https://openalex.org/A5036134926,Martin Sepulveda
https://openalex.org/W2937444804,https://openalex.org/A5033299848,W. Holmes
https://openalex.org/W2937444804,https://openalex.org/A5000554909,Maya Bialik
https://openalex.org/W2937444804,https://openalex.org/A5034039938,Charles Fadel
https://openalex.org/W3200759624,https://openalex.org/A5071528633,Blake Murdoch
https://openalex.org/W3019464069,https://openalex.org/A5073250513,Tanha Talaviya
https://openalex.org/W3019464069,https://openalex.org/A5109456836,Dhara Shah
https://openalex.org/W3019464069,https://openalex.org/A5011930284,Nivedita Patel
https://openalex.org/W3019464069,https://openalex.org/A5052019666,Hiteshri Yagnik
https://openalex.org/W3019464069,https://openalex.org/A5091192993,Manan Shah
https://openalex.org/W2783386352,https://openalex.org/A5012301204,Daron Acemoğlu
https://openalex.org/W2783386352,https://openalex.org/A5011062401,Pascual Restrepo
https://openalex.org/W4382394524,https://openalex.org/A5054665212,Richard J. Chen
https://openalex.org/W4382394524,https://openalex.org/A5046842875,Judy Jiaqi Wang
https://openalex.org/W4382394524,https://openalex.org/A5050925115,Drew F. K. Williamson
https://openalex.org/W4382394524,https://openalex.org/A5026537267,Tiffany Chen
https://openalex.org/W4382394524,https://openalex.org/A5021144196,Jana Lipková
https://openalex.org/W4382394524,https://openalex.org/A5074001163,Ming Y. Lu
https://openalex.org/W4382394524,https://openalex.org/A5070884856,Sharifa Sahai
https://openalex.org/W4382394524,https://openalex.org/A5080050834,Faisal Mahmood
https://openalex.org/W2921123283,https://openalex.org/A5030092162,Emilio Calvano
https://openalex.org/W2921123283,https://openalex.org/A5082323302,Giacomo Calzolari
https://openalex.org/W2921123283,https://openalex.org/A5029036509,Vincenzo Denicolò
https://openalex.org/W2921123283,https://openalex.org/A5007776666,Sergio Pastorello
https://openalex.org/W3011149445,https://openalex.org/A5100412828,Lin Li
https://openalex.org/W3011149445,https://openalex.org/A5102766360,Lixin Qin
https://openalex.org/W3011149445,https://openalex.org/A5046106771,Zeguo Xu
https://openalex.org/W3011149445,https://openalex.org/A5037389227,Youbing Yin
https://openalex.org/W3011149445,https://openalex.org/A5100328001,Xin Wang
https://openalex.org/W3011149445,https://openalex.org/A5101560782,Bin Kong
https://openalex.org/W3011149445,https://openalex.org/A5069614792,Junjie Bai
https://openalex.org/W3011149445,https://openalex.org/A5101732568,Yi Lu
https://openalex.org/W3011149445,https://openalex.org/A5077201305,Zhenghan Fang
https://openalex.org/W3011149445,https://openalex.org/A5003321058,Kunlin Cao
https://openalex.org/W3011149445,https://openalex.org/A5101615474,Daliang Liu
https://openalex.org/W3011149445,https://openalex.org/A5101511131,Guisheng Wang
https://openalex.org/W3011149445,https://openalex.org/A5048660476,Qizhong Xu
https://openalex.org/W3011149445,https://openalex.org/A5103094059,Xisheng Fang
https://openalex.org/W3011149445,https://openalex.org/A5101918149,Shiqin Zhang
https://openalex.org/W3011149445,https://openalex.org/A5101713652,Juan Xia
https://openalex.org/W3011149445,https://openalex.org/A5106670417,Jun Xia
https://openalex.org/W2962411443,https://openalex.org/A5031740393,Stefan Harrer
https://openalex.org/W2962411443,https://openalex.org/A5107442591,Pratik P. Shah
https://openalex.org/W2962411443,https://openalex.org/A5069611592,Bhavna Josephine Antony
https://openalex.org/W2962411443,https://openalex.org/A5040300380,Jianying Hu
https://openalex.org/W2009796613,https://openalex.org/A5017424549,A. Schliferstein
https://openalex.org/W2977373448,https://openalex.org/A5090269018,Abhimanyu S. Ahuja
https://openalex.org/W2997468044,https://openalex.org/A5044033735,Theo Araujo
https://openalex.org/W2997468044,https://openalex.org/A5053437341,Natali Helberger
https://openalex.org/W2997468044,https://openalex.org/A5084456812,Sanne Kruikemeier
https://openalex.org/W2997468044,https://openalex.org/A5061206863,Claes H. de Vreese
https://openalex.org/W2131062488,https://openalex.org/A5103342889,Carl E. Hewitt
https://openalex.org/W2131062488,https://openalex.org/A5033320921,Peter G Bishop
https://openalex.org/W2131062488,https://openalex.org/A5082114258,Richard N. de Steiger
https://openalex.org/W2558050786,https://openalex.org/A5054173631,Saurabh Kumar Jha
https://openalex.org/W2558050786,https://openalex.org/A5084515381,Eric J. Topol
https://openalex.org/W2953773016,https://openalex.org/A5068165456,Vikas Kumar
https://openalex.org/W2953773016,https://openalex.org/A5068740386,Bharath Rajan
https://openalex.org/W2953773016,https://openalex.org/A5108294721,Rajkumar Venkatesan
https://openalex.org/W2953773016,https://openalex.org/A5023953202,Jim Lecinski
https://openalex.org/W2150871663,https://openalex.org/A5089720802,Eric R. Ziegel
https://openalex.org/W4313678819,https://openalex.org/A5076641949,John V. Pavlik
https://openalex.org/W3032628389,https://openalex.org/A5052320761,N.N. Misra
https://openalex.org/W3032628389,https://openalex.org/A5009327980,Yash Dixit
https://openalex.org/W3032628389,https://openalex.org/A5014027579,Ahmad A. Al-Mallahi
https://openalex.org/W3032628389,https://openalex.org/A5030243611,Manreet Singh Bhullar
https://openalex.org/W3032628389,https://openalex.org/A5026302854,Rohit Upadhyay
https://openalex.org/W3032628389,https://openalex.org/A5002353044,Alex I. Martynenko
https://openalex.org/W1720804347,https://openalex.org/A5073983570,Muhammad Qamar Raza
https://openalex.org/W1720804347,https://openalex.org/A5059557438,Abbas Khosravi
https://openalex.org/W2890793284,https://openalex.org/A5100686648,Jay K. Lee
https://openalex.org/W2890793284,https://openalex.org/A5081250583,Hossein Seifi Davari
https://openalex.org/W2890793284,https://openalex.org/A5103265695,Jaskaran Singh
https://openalex.org/W2890793284,https://openalex.org/A5036427436,Vibhor Pandhare
https://openalex.org/W3177617320,https://openalex.org/A5090442121,Samuel G. Finlayson
https://openalex.org/W3177617320,https://openalex.org/A5062659157,Adarsh Subbaswamy
https://openalex.org/W3177617320,https://openalex.org/A5005447484,Karandeep Singh
https://openalex.org/W3177617320,https://openalex.org/A5016766713,John Bowers
https://openalex.org/W3177617320,https://openalex.org/A5020736899,Annabel Kupke
https://openalex.org/W3177617320,https://openalex.org/A5001819261,Jonathan L. Zittrain
https://openalex.org/W3177617320,https://openalex.org/A5088509061,Isaac S. Kohane
https://openalex.org/W3177617320,https://openalex.org/A5055371276,Suchi Saria
https://openalex.org/W3144708829,https://openalex.org/A5083965215,Luger
https://openalex.org/W4313425238,https://openalex.org/A5033188755,Xinyan Zhou
https://openalex.org/W4313425238,https://openalex.org/A5035167001,Ching Sing Chai
https://openalex.org/W4313425238,https://openalex.org/A5016418193,Miaoting Cheng
https://openalex.org/W4389365236,https://openalex.org/A5013843256,Ilie Gligorea
https://openalex.org/W4389365236,https://openalex.org/A5073015915,Marius Cioca
https://openalex.org/W4389365236,https://openalex.org/A5016968256,Romana Oancea
https://openalex.org/W4389365236,https://openalex.org/A5001178845,Andra-Teodora Gorski
https://openalex.org/W4389365236,https://openalex.org/A5090235827,Hortensia Gorski
https://openalex.org/W4389365236,https://openalex.org/A5025120190,Paul Tudorache
https://openalex.org/W1511963917,https://openalex.org/A5111549015,WM To
https://openalex.org/W1511963917,https://openalex.org/A5084471326,Theo Tryfonas
https://openalex.org/W1511963917,https://openalex.org/A5003812185,D W FARTHING
https://openalex.org/W2995887567,https://openalex.org/A5046193991,Tyler John Loftus
https://openalex.org/W2995887567,https://openalex.org/A5084386025,Patrick James Tighe
https://openalex.org/W2995887567,https://openalex.org/A5074494005,Amanda C. Filiberto
https://openalex.org/W2995887567,https://openalex.org/A5031214939,Philip Alexander Efron
https://openalex.org/W2995887567,https://openalex.org/A5090126800,Scott C. Brakenridge
https://openalex.org/W2995887567,https://openalex.org/A5005967890,Alicia M. Mohr
https://openalex.org/W2995887567,https://openalex.org/A5007040136,Parisa Rashidi
https://openalex.org/W2995887567,https://openalex.org/A5058111361,Gilbert R. Upchurch
https://openalex.org/W2995887567,https://openalex.org/A5016909804,Azra Bihorac
https://openalex.org/W2792919371,https://openalex.org/A5072029181,Georgios N. Yannakakis
https://openalex.org/W2792919371,https://openalex.org/A5077267552,Julian Togelius
https://openalex.org/W2942193471,https://openalex.org/A5089665634,Francesc Pedró
https://openalex.org/W2942193471,https://openalex.org/A5151917784,Miguel Subosa
https://openalex.org/W2942193471,https://openalex.org/A5026167769,Axel Rivas
https://openalex.org/W2942193471,https://openalex.org/A5044183530,Paula Valverde
https://openalex.org/W3166943242,https://openalex.org/A5072083988,Araz Taeihagh
https://openalex.org/W2887311010,https://openalex.org/A5057039794,Diego Patrício
https://openalex.org/W2902461656,https://openalex.org/A5018021666,Sandeep Reddy
https://openalex.org/W2902461656,https://openalex.org/A5008937307,John Fox
https://openalex.org/W2902461656,https://openalex.org/A5009483911,Maulik P. Purohit
https://openalex.org/W3048650942,https://openalex.org/A5102846525,Payal Dhar
https://openalex.org/W3028447429,https://openalex.org/A5047920319,Astrid Schepman
https://openalex.org/W3028447429,https://openalex.org/A5016786440,Paul Rodway
https://openalex.org/W2098206081,https://openalex.org/A5076063841,Deyi Li
https://openalex.org/W2098206081,https://openalex.org/A5101458156,Yi Du
https://openalex.org/W968045710,https://openalex.org/A5102986310,David Poole
https://openalex.org/W968045710,https://openalex.org/A5079331774,Alan K. Mackworth
https://openalex.org/W2924260403,https://openalex.org/A5012787401,Morgan R. Frank
https://openalex.org/W2924260403,https://openalex.org/A5029839974,David Autor
https://openalex.org/W2924260403,https://openalex.org/A5039127783,James Bessen
https://openalex.org/W2924260403,https://openalex.org/A5038255653,Erik Brynjolfsson
https://openalex.org/W2924260403,https://openalex.org/A5017095669,Manuel Cebrián
https://openalex.org/W2924260403,https://openalex.org/A5109473006,David J Deming
https://openalex.org/W2924260403,https://openalex.org/A5006784703,Maryann P. Feldman
https://openalex.org/W2924260403,https://openalex.org/A5042355795,Matthew Groh
https://openalex.org/W2924260403,https://openalex.org/A5022698727,José Lobo
https://openalex.org/W2924260403,https://openalex.org/A5088539840,Esteban Moro
https://openalex.org/W2924260403,https://openalex.org/A5002041772,Dashun Wang
https://openalex.org/W2924260403,https://openalex.org/A5025745021,Hyejin Youn
https://openalex.org/W2924260403,https://openalex.org/A5009232244,Iyad Rahwan
https://openalex.org/W2240086230,https://openalex.org/A5104083277,Stuart Russell
https://openalex.org/W2240086230,https://openalex.org/A5035967921,Daniel Dewey
https://openalex.org/W2240086230,https://openalex.org/A5091601455,Max Tegmark
https://openalex.org/W3203241482,https://openalex.org/A5048454237,Sofiat Abioye
https://openalex.org/W3203241482,https://openalex.org/A5062319500,Lukumon O. Oyedele
https://openalex.org/W3203241482,https://openalex.org/A5049703696,Lukman Akanbi
https://openalex.org/W3203241482,https://openalex.org/A5101569974,Anuoluwapo Ajayi
https://openalex.org/W3203241482,https://openalex.org/A5007173123,Juan Manuel Dávila Delgado
https://openalex.org/W3203241482,https://openalex.org/A5101940975,Muhammad Bilal
https://openalex.org/W3203241482,https://openalex.org/A5057468710,Olúgbénga O. Akinadé
https://openalex.org/W3203241482,https://openalex.org/A5101904713,Ashraf A. Ahmed
https://openalex.org/W3128384299,https://openalex.org/A5055117208,Sanjeev Verma
https://openalex.org/W3128384299,https://openalex.org/A5076525092,Rohit Sharma
https://openalex.org/W3128384299,https://openalex.org/A5057959991,Subhamay Deb
https://openalex.org/W3128384299,https://openalex.org/A5048174063,Debojit Maitra
https://openalex.org/W3196012986,https://openalex.org/A5085529839,Yuri Yin‐Moe Aung
https://openalex.org/W3196012986,https://openalex.org/A5024139911,David Wong
https://openalex.org/W3196012986,https://openalex.org/A5032625133,Daniel Shu Wei Ting
https://openalex.org/W3036911563,https://openalex.org/A5062073470,Marijn Janssen
https://openalex.org/W3036911563,https://openalex.org/A5037697362,Paul Brous
https://openalex.org/W3036911563,https://openalex.org/A5019223270,Elsa Estévez
https://openalex.org/W3036911563,https://openalex.org/A5062334330,Lu­ís Soares Barbosa
https://openalex.org/W3036911563,https://openalex.org/A5062318046,Tomasz Janowski
https://openalex.org/W3008058947,https://openalex.org/A5010487226,Benjamin Haibe‐Kains
https://openalex.org/W3008058947,https://openalex.org/A5055494967,George Alexandru Adam
https://openalex.org/W3008058947,https://openalex.org/A5057166759,Ahmed Hosny
https://openalex.org/W3008058947,https://openalex.org/A5037976911,Farnoosh Khodakarami
https://openalex.org/W3008058947,https://openalex.org/A5075887554,Thakkar Shraddha
https://openalex.org/W3008058947,https://openalex.org/A5000179485,Rebecca L. Kusko
https://openalex.org/W3008058947,https://openalex.org/A5008806860,Susanna‐Assunta Sansone
https://openalex.org/W3008058947,https://openalex.org/A5068886380,Weida Tong
https://openalex.org/W3008058947,https://openalex.org/A5004979421,Russ D. Wolfinger
https://openalex.org/W3008058947,https://openalex.org/A5085435765,Christopher E. Mason
https://openalex.org/W3008058947,https://openalex.org/A5064995841,Wendell D. Jones
https://openalex.org/W3008058947,https://openalex.org/A5074140420,Joaquı́n Dopazo
https://openalex.org/W3008058947,https://openalex.org/A5072609433,Cesare Furlanello
https://openalex.org/W3008058947,https://openalex.org/A5052283192,Levi D. Waldron
https://openalex.org/W3008058947,https://openalex.org/A5100408160,Bo Wang
https://openalex.org/W3008058947,https://openalex.org/A5044425152,Chris McIntosh
https://openalex.org/W3008058947,https://openalex.org/A5087983309,Anna Goldenberg
https://openalex.org/W3008058947,https://openalex.org/A5083952534,Anshul Bharat Kundaje
https://openalex.org/W3008058947,https://openalex.org/A5050692257,Casey S. Greene
https://openalex.org/W3008058947,https://openalex.org/A5065653386,Tamara Broderick
https://openalex.org/W3008058947,https://openalex.org/A5043633648,Michael M. Hoffman
https://openalex.org/W3008058947,https://openalex.org/A5020868614,Jeffrey T. Leek
https://openalex.org/W3008058947,https://openalex.org/A5005690333,Keegan D. Korthauer
https://openalex.org/W3008058947,https://openalex.org/A5029601108,Wolfgang K. Huber
https://openalex.org/W3008058947,https://openalex.org/A5081419327,Alvis Brāzma
https://openalex.org/W3008058947,https://openalex.org/A5080591144,Joëlle Pineau
https://openalex.org/W3008058947,https://openalex.org/A5027340494,Robert John Tibshirani
https://openalex.org/W3008058947,https://openalex.org/A5045744709,Trevor Hastie
https://openalex.org/W3008058947,https://openalex.org/A5070446713,John P. A. Ioannidis
https://openalex.org/W3008058947,https://openalex.org/A5084245470,John Quackenbush
https://openalex.org/W3008058947,https://openalex.org/A5001452511,Hugo J.W.L. Aerts
https://openalex.org/W2054873730,https://openalex.org/A5069193497,Frederick A. Hayes-Roth
https://openalex.org/W3212941463,https://openalex.org/A5079052203,Khaled B. Letaief
https://openalex.org/W3212941463,https://openalex.org/A5022499594,Yuanming Shi
https://openalex.org/W3212941463,https://openalex.org/A5108531824,Jianmin Lu
https://openalex.org/W3212941463,https://openalex.org/A5072435188,Jianhua Lu
https://openalex.org/W4220863497,https://openalex.org/A5068475055,Yuchen Jiang
https://openalex.org/W4220863497,https://openalex.org/A5100430478,Xiang Li
https://openalex.org/W4220863497,https://openalex.org/A5087736924,Hao Luo
https://openalex.org/W4220863497,https://openalex.org/A5069744156,Shen Yin
https://openalex.org/W4220863497,https://openalex.org/A5066257732,Okyay Kaynak
https://openalex.org/W4205941964,https://openalex.org/A5100765990,Yogesh Kumar
https://openalex.org/W4205941964,https://openalex.org/A5030832334,Apeksha Koul
https://openalex.org/W4205941964,https://openalex.org/A5069241723,Ruchi Pasricha Singla
https://openalex.org/W4205941964,https://openalex.org/A5002900384,Muhammad Fazal Ijaz
https://openalex.org/W2981296841,https://openalex.org/A5077161361,Ketan Paranjape
https://openalex.org/W2981296841,https://openalex.org/A5086749835,Michiel Schinkel
https://openalex.org/W2981296841,https://openalex.org/A5006956240,Rishi S. Nannan Panday
https://openalex.org/W2981296841,https://openalex.org/A5061312708,Josip Car
https://openalex.org/W2981296841,https://openalex.org/A5062047678,Prabath W.B. Nanayakkara
https://openalex.org/W2962398326,https://openalex.org/A5113806049,H. C. Stephen Chan
https://openalex.org/W2962398326,https://openalex.org/A5076822111,Hanbin Shan
https://openalex.org/W2962398326,https://openalex.org/A5025726242,Thamani Dahoun
https://openalex.org/W2962398326,https://openalex.org/A5040027813,Horst Vogel
https://openalex.org/W2962398326,https://openalex.org/A5022513985,Shuguang Yuan
https://openalex.org/W1533375280,https://openalex.org/A5022017852,Andre N. Vellino
https://openalex.org/W2580712957,https://openalex.org/A5091435176,David Brougham
https://openalex.org/W2580712957,https://openalex.org/A5023958502,Jarrod M Haar
https://openalex.org/W4312090823,https://openalex.org/A5061636179,Olga Tapalova
https://openalex.org/W4312090823,https://openalex.org/A5079849805,Nadezhda Zhiyenbayeva
https://openalex.org/W2574978968,https://openalex.org/A5004939505,Matej Moravčík
https://openalex.org/W2574978968,https://openalex.org/A5038602378,Martin Schmid
https://openalex.org/W2574978968,https://openalex.org/A5018555885,NEIL R. BURCH
https://openalex.org/W2574978968,https://openalex.org/A5049724462,Viliam Lisý
https://openalex.org/W2574978968,https://openalex.org/A5046207547,Dustin Morrill
https://openalex.org/W2574978968,https://openalex.org/A5032717855,Nolan Bard
https://openalex.org/W2574978968,https://openalex.org/A5046803781,Trevor L. Davis
https://openalex.org/W2574978968,https://openalex.org/A5045201269,Kevin Waugh
https://openalex.org/W2574978968,https://openalex.org/A5090154151,Michael Johanson
https://openalex.org/W2574978968,https://openalex.org/A5081163135,Michael Bowling
https://openalex.org/W3087156149,https://openalex.org/A5076504705,Yadi Zhou
https://openalex.org/W3087156149,https://openalex.org/A5100455796,Fei Wang
https://openalex.org/W3087156149,https://openalex.org/A5077231313,Jian Guo Tang
https://openalex.org/W3087156149,https://openalex.org/A5025357844,Ruth Nussinov
https://openalex.org/W3087156149,https://openalex.org/A5021122269,Feixiong Cheng
https://openalex.org/W3015977534,https://openalex.org/A5082717920,Stefan Larsson
https://openalex.org/W3015977534,https://openalex.org/A5014042891,Fredrik Heintz
https://openalex.org/W2896245505,https://openalex.org/A5004031640,Corinne Cath
https://openalex.org/W4382182093,https://openalex.org/A5111766758,Bingbing Fang
https://openalex.org/W4382182093,https://openalex.org/A5112867201,Jiacheng Yu
https://openalex.org/W4382182093,https://openalex.org/A5001616465,Zhonghao Chen
https://openalex.org/W4382182093,https://openalex.org/A5035770796,Ahmed Ibrahim Osman
https://openalex.org/W4382182093,https://openalex.org/A5073724480,Mohamed R. F. Farghali
https://openalex.org/W4382182093,https://openalex.org/A5024902001,Ikko Ihara
https://openalex.org/W4382182093,https://openalex.org/A5065738725,Essam Hamza
https://openalex.org/W4382182093,https://openalex.org/A5103043754,David W. Rooney
https://openalex.org/W4382182093,https://openalex.org/A5021385259,Pow‐Seng Yap
https://openalex.org/W4386222752,https://openalex.org/A5028466190,Reabal Najjar
https://openalex.org/W627140926,https://openalex.org/A5016544515,Wolfgang Ertel
https://openalex.org/W2893740026,https://openalex.org/A5047192882,George Baryannis
https://openalex.org/W2893740026,https://openalex.org/A5013844043,Sahar Validi
https://openalex.org/W2893740026,https://openalex.org/A5075841422,Samir Dani
https://openalex.org/W2893740026,https://openalex.org/A5018289832,Grigoris Antoniou
https://openalex.org/W3085940513,https://openalex.org/A5041312798,Assunta Di Vaio
https://openalex.org/W3085940513,https://openalex.org/A5034866301,Rosa Palladino
https://openalex.org/W3085940513,https://openalex.org/A5101920347,Rohail Hassan
https://openalex.org/W3085940513,https://openalex.org/A5074886434,Octavio Escobar
https://openalex.org/W2855469196,https://openalex.org/A5019186924,Daniel Pinto dos Santos
https://openalex.org/W2855469196,https://openalex.org/A5005791671,Daniel Giese
https://openalex.org/W2855469196,https://openalex.org/A5019464096,Sebastian Brodehl
https://openalex.org/W2855469196,https://openalex.org/A5074164153,Seung‐Hun Chon
https://openalex.org/W2855469196,https://openalex.org/A5061907801,Wieland Staab
https://openalex.org/W2855469196,https://openalex.org/A5055785772,Robert Kleinert
https://openalex.org/W2855469196,https://openalex.org/A5037775556,David C. Maintz
https://openalex.org/W2855469196,https://openalex.org/A5003254879,Bettina Baeßler
https://openalex.org/W2996550193,https://openalex.org/A5011689338,Michael Edwin Matheny
https://openalex.org/W2996550193,https://openalex.org/A5079683616,Danielle M. Whicher
https://openalex.org/W2996550193,https://openalex.org/A5024878164,Sonoo Thadaney Israni
https://openalex.org/W4361019934,https://openalex.org/A5008460302,Nan Jia
https://openalex.org/W4361019934,https://openalex.org/A5009924116,Xueming Luo
https://openalex.org/W4361019934,https://openalex.org/A5101665004,Fang Zheng
https://openalex.org/W4361019934,https://openalex.org/A5102997521,Chengcheng Liao
https://openalex.org/W3103319283,https://openalex.org/A5031164279,Heike Felzmann
https://openalex.org/W3103319283,https://openalex.org/A5074444599,Eduard Fosch‐Villaronga
https://openalex.org/W3103319283,https://openalex.org/A5019957496,Christoph Lutz
https://openalex.org/W3103319283,https://openalex.org/A5072909198,Aurelia Tamò‐Larrieux
https://openalex.org/W2153319474,https://openalex.org/A5108803445,David G. Marr
https://openalex.org/W2767568774,https://openalex.org/A5038255653,Erik Brynjolfsson
https://openalex.org/W2767568774,https://openalex.org/A5005121779,Daniel Rock
https://openalex.org/W2767568774,https://openalex.org/A5086901708,Chad Syverson
https://openalex.org/W2965520043,https://openalex.org/A5046460674,Zachi Itzhak Attia
https://openalex.org/W2965520043,https://openalex.org/A5043658621,Peter A. Noseworthy
https://openalex.org/W2965520043,https://openalex.org/A5001963115,Francisco López-Jiménez
https://openalex.org/W2965520043,https://openalex.org/A5079546501,Samuel J. Asirvatham
https://openalex.org/W2965520043,https://openalex.org/A5021899274,Abhishek J. Deshmukh
https://openalex.org/W2965520043,https://openalex.org/A5080234509,Bernard John Gersh
https://openalex.org/W2965520043,https://openalex.org/A5023936819,Rickey E. Carter
https://openalex.org/W2965520043,https://openalex.org/A5071976622,Xiaoxi Yao
https://openalex.org/W2965520043,https://openalex.org/A5031713672,Alejandro A. Rabinstein
https://openalex.org/W2965520043,https://openalex.org/A5074313510,Brad J Erickson
https://openalex.org/W2965520043,https://openalex.org/A5024752712,Suraj Kapa
https://openalex.org/W2965520043,https://openalex.org/A5020289692,Paul A. Friedman
https://openalex.org/W2038014947,https://openalex.org/A5069204734,Marie‐Laure Ryan
https://openalex.org/W2897312458,https://openalex.org/A5057246869,Tara Qian Sun
https://openalex.org/W2897312458,https://openalex.org/A5003475331,Rony Medaglia
https://openalex.org/W3025637241,https://openalex.org/A5004285243,Serge-Lopez Wamba-Taguimdje
https://openalex.org/W3025637241,https://openalex.org/A5061026797,Samuel Fosso Wamba
https://openalex.org/W3025637241,https://openalex.org/A5085979697,Jean Robert Kala Kamdjoug
https://openalex.org/W3025637241,https://openalex.org/A5085645726,Chris Emmanuel Tchatchouang Wanko
https://openalex.org/W4392504765,https://openalex.org/A5000478490,Lisa Messeri
https://openalex.org/W4392504765,https://openalex.org/A5014931127,Molly J. Crockett
https://openalex.org/W2920166258,https://openalex.org/A5087299999,Ajay Agrawal
https://openalex.org/W2920166258,https://openalex.org/A5055795427,Joshua S. Gans
https://openalex.org/W2920166258,https://openalex.org/A5053397554,Avi Goldfarb
https://openalex.org/W2990768863,https://openalex.org/A5031769250,Ravi Bharat Parikh
https://openalex.org/W2990768863,https://openalex.org/A5046276259,Stephanie Teeple
https://openalex.org/W2990768863,https://openalex.org/A5053908011,Amol S. Navathe
https://openalex.org/W4327518725,https://openalex.org/A5033299848,W. Holmes
https://openalex.org/W4327518725,https://openalex.org/A5000554909,Maya Bialik
https://openalex.org/W4327518725,https://openalex.org/A5034039938,Charles Fadel
https://openalex.org/W4385564466,https://openalex.org/A5084103903,Daiju Ueda
https://openalex.org/W4385564466,https://openalex.org/A5114072176,Taichi Kakinuma
https://openalex.org/W4385564466,https://openalex.org/A5051043193,Shohei Fujita
https://openalex.org/W4385564466,https://openalex.org/A5090674915,Koji Kamagata
https://openalex.org/W4385564466,https://openalex.org/A5057969681,Yasutaka Fushimi
https://openalex.org/W4385564466,https://openalex.org/A5047629256,Rintaro Ito
https://openalex.org/W4385564466,https://openalex.org/A5003121861,Yusuke Matsui
https://openalex.org/W4385564466,https://openalex.org/A5089797055,Taiki Nozaki
https://openalex.org/W4385564466,https://openalex.org/A5057900219,Takeshi Nakaura
https://openalex.org/W4385564466,https://openalex.org/A5060929910,Noriyuki Fujima
https://openalex.org/W4385564466,https://openalex.org/A5036746634,Fuminari Tatsugami
https://openalex.org/W4385564466,https://openalex.org/A5083190602,Masahiro Yanagawa
https://openalex.org/W4385564466,https://openalex.org/A5065419096,Kenji Hirata
https://openalex.org/W4385564466,https://openalex.org/A5088207236,Akira Yamada
https://openalex.org/W4385564466,https://openalex.org/A5045735839,Takahiro Tsuboyama
https://openalex.org/W4385564466,https://openalex.org/A5023052888,Mariko Kawamura
https://openalex.org/W4385564466,https://openalex.org/A5047937328,Tomoyuki Fujioka
https://openalex.org/W4385564466,https://openalex.org/A5022186242,Shinji Naganawa
https://openalex.org/W3081258743,https://openalex.org/A5004759435,Erin E. Makarius
https://openalex.org/W3081258743,https://openalex.org/A5044093515,Debmalya Mukherjee
https://openalex.org/W3081258743,https://openalex.org/A5008900359,Joseph D. Fox
https://openalex.org/W3081258743,https://openalex.org/A5031223268,Alexa K. Fox
https://openalex.org/W2915053252,https://openalex.org/A5063340353,Nariman Noorbakhsh-Sabet
https://openalex.org/W2915053252,https://openalex.org/A5002765080,Ramin Zand
https://openalex.org/W2915053252,https://openalex.org/A5100349293,Yanfei Zhang
https://openalex.org/W2915053252,https://openalex.org/A5057855237,Vida Abedi
https://openalex.org/W2980616108,https://openalex.org/A5005379209,Andreas Kaplan
https://openalex.org/W2980616108,https://openalex.org/A5002909072,Michael Haenlein
https://openalex.org/W2999331643,https://openalex.org/A5039967262,Jessica Fjeld
https://openalex.org/W2999331643,https://openalex.org/A5041146869,Nele Achten
https://openalex.org/W2999331643,https://openalex.org/A5086107648,Hannah Hilligoss
https://openalex.org/W2999331643,https://openalex.org/A5102865351,Ádám Nagy
https://openalex.org/W2999331643,https://openalex.org/A5061564302,Madhulika Srikumar
https://openalex.org/W4381716616,https://openalex.org/A5035448837,Lama H. Nazer
https://openalex.org/W4381716616,https://openalex.org/A5074243680,Razan Zatarah
https://openalex.org/W4381716616,https://openalex.org/A5092241208,Shai Waldrip
https://openalex.org/W4381716616,https://openalex.org/A5036459604,Janny Xue Chen Ke
https://openalex.org/W4381716616,https://openalex.org/A5081145085,Mira Moukheiber
https://openalex.org/W4381716616,https://openalex.org/A5101848703,Ashish Kumar Khanna
https://openalex.org/W4381716616,https://openalex.org/A5052003883,Rachel Hicklen
https://openalex.org/W4381716616,https://openalex.org/A5043229154,Lama Moukheiber
https://openalex.org/W4381716616,https://openalex.org/A5055856505,Dana Moukheiber
https://openalex.org/W4381716616,https://openalex.org/A5089348806,Haobo Ma
https://openalex.org/W4381716616,https://openalex.org/A5050110511,Piyush Mathur
https://openalex.org/W2591957553,https://openalex.org/A5007769527,Ryan Prescott Adams
https://openalex.org/W2591957553,https://openalex.org/A5047062711,George E. Dahl
https://openalex.org/W2591957553,https://openalex.org/A5106707885,Iain Murray
https://openalex.org/W3049338919,https://openalex.org/A5031035592,Madalina Busuioc
https://openalex.org/W3113317199,https://openalex.org/A5077430497,Kai Guo
https://openalex.org/W3113317199,https://openalex.org/A5072747890,Zhenze Yang
https://openalex.org/W3113317199,https://openalex.org/A5030291958,Chi‐Hua Yu
https://openalex.org/W3113317199,https://openalex.org/A5011504360,Markus J. Buehler
https://openalex.org/W3209912268,https://openalex.org/A5085704796,Kyoungwon Seo
https://openalex.org/W3209912268,https://openalex.org/A5088440487,Joice Tang
https://openalex.org/W3209912268,https://openalex.org/A5013460714,Ido Roll
https://openalex.org/W3209912268,https://openalex.org/A5071585967,Sidney Fels
https://openalex.org/W3209912268,https://openalex.org/A5028316272,Dongwook Yoon
https://openalex.org/W4283392904,https://openalex.org/A5048705228,Shanaka Kristombu Baduge
https://openalex.org/W4283392904,https://openalex.org/A5056656414,Sadeep Thilakarathna
https://openalex.org/W4283392904,https://openalex.org/A5022559945,Jude Shalitha Perera
https://openalex.org/W4283392904,https://openalex.org/A5008300007,Mehrdad Arashpour
https://openalex.org/W4283392904,https://openalex.org/A5088498777,Pezhman Sharafi
https://openalex.org/W4283392904,https://openalex.org/A5004838512,Bertrand Teodosio
https://openalex.org/W4283392904,https://openalex.org/A5045729963,Ankit Shringi
https://openalex.org/W4283392904,https://openalex.org/A5089286473,Priyan A. Mendis
https://openalex.org/W3011742849,https://openalex.org/A5062451681,Zeeshan Ahmed
https://openalex.org/W3011742849,https://openalex.org/A5029745139,Khalid Gaffer Mohamed
https://openalex.org/W3011742849,https://openalex.org/A5032158569,Saman Zeeshan
https://openalex.org/W3011742849,https://openalex.org/A5103091007,XinQi Dong
https://openalex.org/W4406633314,https://openalex.org/A5100432232,Kang Zhang
https://openalex.org/W4406633314,https://openalex.org/A5034730184,Xin Yang
https://openalex.org/W4406633314,https://openalex.org/A5100365595,Yifei Wang
https://openalex.org/W4406633314,https://openalex.org/A5064188865,Yunfang Yu
https://openalex.org/W4406633314,https://openalex.org/A5074665620,Niu Huang
https://openalex.org/W4406633314,https://openalex.org/A5100357049,Gen Lin Li
https://openalex.org/W4406633314,https://openalex.org/A5100628725,Xiaokun Li
https://openalex.org/W4406633314,https://openalex.org/A5047561254,Joseph C. Wu
https://openalex.org/W4406633314,https://openalex.org/A5069425796,Shengyong Yang
https://openalex.org/W2132484736,https://openalex.org/A5076063841,Deyi Li
https://openalex.org/W2132484736,https://openalex.org/A5101458156,Yi Du
https://openalex.org/W3006615433,https://openalex.org/A5043680494,Iis P. Tussyadiah
https://openalex.org/W3109340983,https://openalex.org/A5100345321,Jing Zhang
https://openalex.org/W3109340983,https://openalex.org/A5074103823,Dacheng Tao
https://openalex.org/W3097197838,https://openalex.org/A5043364752,Tiantian Shan
https://openalex.org/W3097197838,https://openalex.org/A5076115296,Franklin R. Tay
https://openalex.org/W3097197838,https://openalex.org/A5000168886,Lisha Gu
https://openalex.org/W2783687327,https://openalex.org/A5000290016,Seong Ho Park
https://openalex.org/W2783687327,https://openalex.org/A5042526369,Kyunghwa Han
https://openalex.org/W3006630858,https://openalex.org/A5013335372,Keng Leng Siau
https://openalex.org/W3006630858,https://openalex.org/A5100764757,Weiyu Wang
https://openalex.org/W2580906503,https://openalex.org/A5004031640,Corinne Cath
https://openalex.org/W2580906503,https://openalex.org/A5075172090,Sandra Wachter
https://openalex.org/W2580906503,https://openalex.org/A5081516308,Brent Mittelstadt
https://openalex.org/W2580906503,https://openalex.org/A5003032735,Mariarosaria Taddeo
https://openalex.org/W2580906503,https://openalex.org/A5046574356,Luciano Floridi
https://openalex.org/W2954849019,https://openalex.org/A5074579561,Daniel Belanche
https://openalex.org/W2954849019,https://openalex.org/A5039082874,Luis V. Casaló
https://openalex.org/W2954849019,https://openalex.org/A5044113079,Carlos Flavián
https://openalex.org/W3001077607,https://openalex.org/A5021695599,James Matthew Helm
https://openalex.org/W3001077607,https://openalex.org/A5063319203,Andrew M. Swiergosz
https://openalex.org/W3001077607,https://openalex.org/A5071766901,Heather S. Haeberle
https://openalex.org/W3001077607,https://openalex.org/A5065326899,Jaret M. Karnuta
https://openalex.org/W3001077607,https://openalex.org/A5013585969,Jonathan L. Schaffer
https://openalex.org/W3001077607,https://openalex.org/A5071979254,Viktor E. Krebs
https://openalex.org/W3001077607,https://openalex.org/A5026212864,Andrew I. Spitzer
https://openalex.org/W3001077607,https://openalex.org/A5037872785,Prem N. Ramkumar
https://openalex.org/W2995276890,https://openalex.org/A5091060183,Shigao Huang
https://openalex.org/W2995276890,https://openalex.org/A5009995227,Jie Yang
https://openalex.org/W2995276890,https://openalex.org/A5086422507,Simon James Fong
https://openalex.org/W2995276890,https://openalex.org/A5028355034,Qi Zhao
https://openalex.org/W4399433746,https://openalex.org/A5100738713,Zahra Sadeghi
https://openalex.org/W4399433746,https://openalex.org/A5083567791,Roohallah Alizadehsani
https://openalex.org/W4399433746,https://openalex.org/A5052911404,Mehmet Akif Çifçi
https://openalex.org/W4399433746,https://openalex.org/A5078332598,Samina Kausar
https://openalex.org/W4399433746,https://openalex.org/A5060973743,Rizwan Rehman
https://openalex.org/W4399433746,https://openalex.org/A5110437936,Priyakshi Mahanta
https://openalex.org/W4399433746,https://openalex.org/A5049604729,Pranjal Kumar Bora
https://openalex.org/W4399433746,https://openalex.org/A5026803234,Ammar Almasri
https://openalex.org/W4399433746,https://openalex.org/A5022163394,Rami S. Alkhawaldeh
https://openalex.org/W4399433746,https://openalex.org/A5062872897,Sadiq Hussain
https://openalex.org/W4399433746,https://openalex.org/A5034084300,Bilal Alataş
https://openalex.org/W4399433746,https://openalex.org/A5029791697,Afshin Shoeibi
https://openalex.org/W4399433746,https://openalex.org/A5041433521,Hossein Moosaei
https://openalex.org/W4399433746,https://openalex.org/A5081693462,Milan Hladík
https://openalex.org/W4399433746,https://openalex.org/A5015293969,Saeid Nahavandi
https://openalex.org/W4399433746,https://openalex.org/A5063808461,Pãnos M. Pardalos
https://openalex.org/W2891336206,https://openalex.org/A5066069179,Jan Kietzmann
https://openalex.org/W2891336206,https://openalex.org/A5091052053,Jeannette Paschen
https://openalex.org/W2891336206,https://openalex.org/A5030219284,Emily Treen
https://openalex.org/W2949358505,https://openalex.org/A5077225971,Nicholas J. Schork
https://openalex.org/W2903010511,https://openalex.org/A5050679262,Venkat Venkatasubramanian
https://openalex.org/W3000309212,https://openalex.org/A5052498842,Ivy Munoko
https://openalex.org/W3000309212,https://openalex.org/A5078474259,Helen L. Brown‐Liburd
https://openalex.org/W3000309212,https://openalex.org/A5049215719,Miklos Antal Vasarhelyi
https://openalex.org/W3097693500,https://openalex.org/A5051832390,Chiara Longoni
https://openalex.org/W3097693500,https://openalex.org/A5001326226,Luca Cian
https://openalex.org/W2765257612,https://openalex.org/A5084984675,Philippe Aghion
https://openalex.org/W2765257612,https://openalex.org/A5087069028,Benjamin Jones
https://openalex.org/W2765257612,https://openalex.org/A5030179737,Charles I. Jones
https://openalex.org/W3094019951,https://openalex.org/A5013729643,Helin Yang
https://openalex.org/W3094019951,https://openalex.org/A5012201418,Arokiaswami Alphones
https://openalex.org/W3094019951,https://openalex.org/A5005327587,Zehui Xiong
https://openalex.org/W3094019951,https://openalex.org/A5091266202,Dusit Tao Niyato
https://openalex.org/W3094019951,https://openalex.org/A5071321132,Jun Zhao
https://openalex.org/W3094019951,https://openalex.org/A5001188748,Kaishun Wu
https://openalex.org/W2978294504,https://openalex.org/A5091444945,Catherine Le Berre
https://openalex.org/W2978294504,https://openalex.org/A5032150391,William J. Sandborn
https://openalex.org/W2978294504,https://openalex.org/A5019200975,Sabeur Aridhi
https://openalex.org/W2978294504,https://openalex.org/A5015598896,Marie‐Dominique Devignes
https://openalex.org/W2978294504,https://openalex.org/A5085106833,Laure S Fournier
https://openalex.org/W2978294504,https://openalex.org/A5065253427,Malika Smaïl‐Tabbone
https://openalex.org/W2978294504,https://openalex.org/A5047563454,Silvio Danese
https://openalex.org/W2978294504,https://openalex.org/A5042884495,Laurent Peyrin‐Biroulet
https://openalex.org/W2062087947,https://openalex.org/A5089882448,Vahid Nourani
https://openalex.org/W2062087947,https://openalex.org/A5078966230,Aida Hosseini Baghanam
https://openalex.org/W2062087947,https://openalex.org/A5015639176,Jan Adamowski
https://openalex.org/W2062087947,https://openalex.org/A5075190563,Özgür Kişi
https://openalex.org/W2972441196,https://openalex.org/A5026451495,Wojciech Samek
https://openalex.org/W2972441196,https://openalex.org/A5107838719,Klaus‐Robert Müller
https://openalex.org/W2559010931,https://openalex.org/A5040311876,Alan Bundy
https://openalex.org/W3121943121,https://openalex.org/A5006080858,Miao Cui
https://openalex.org/W3121943121,https://openalex.org/A5016320004,David Yu Zhang
https://openalex.org/W3013681994,https://openalex.org/A5044695496,Myura Nagendran
https://openalex.org/W3013681994,https://openalex.org/A5090849949,Yang Chen
https://openalex.org/W3013681994,https://openalex.org/A5043683463,Christopher A. Lovejoy
https://openalex.org/W3013681994,https://openalex.org/A5054928970,Anthony  C. Gordon
https://openalex.org/W3013681994,https://openalex.org/A5068686133,Matthieu Komorowski
https://openalex.org/W3013681994,https://openalex.org/A5010957359,Hugh Harvey
https://openalex.org/W3013681994,https://openalex.org/A5084515381,Eric J. Topol
https://openalex.org/W3013681994,https://openalex.org/A5070446713,John P. A. Ioannidis
https://openalex.org/W3013681994,https://openalex.org/A5060891981,Professor Gary S. Collins
https://openalex.org/W3013681994,https://openalex.org/A5043298060,Mahiben Maruthappu
https://openalex.org/W2901946084,https://openalex.org/A5038566332,Hamid R. Tizhoosh
https://openalex.org/W2901946084,https://openalex.org/A5028342220,Liron Pantanowitz
https://openalex.org/W4288391568,https://openalex.org/A5030356525,Changwu Huang
https://openalex.org/W4288391568,https://openalex.org/A5101784950,Zeqi Zhang
https://openalex.org/W4288391568,https://openalex.org/A5040332574,Bifei Mao
https://openalex.org/W4288391568,https://openalex.org/A5100635494,Xin Yao
https://openalex.org/W2022638422,https://openalex.org/A5042580769,Simon Parsons
https://openalex.org/W1542869478,https://openalex.org/A5111401452,Cândida Ferreira
https://openalex.org/W1512750313,https://openalex.org/A5110890716,Dov M. Gabbay
https://openalex.org/W1512750313,https://openalex.org/A5109808387,C. J. Hogger
https://openalex.org/W1512750313,https://openalex.org/A5029640432,John A. Robinson
https://openalex.org/W3111221273,https://openalex.org/A5016309170,Ricardo Silva Peres
https://openalex.org/W3111221273,https://openalex.org/A5043519647,Xiaodong Jia
https://openalex.org/W3111221273,https://openalex.org/A5100686648,Jay K. Lee
https://openalex.org/W3111221273,https://openalex.org/A5055368670,Keyi Sun
https://openalex.org/W3111221273,https://openalex.org/A5047609699,Armando Walter Colombo
https://openalex.org/W3111221273,https://openalex.org/A5071443910,José Barata
https://openalex.org/W2911462778,https://openalex.org/A5070523246,Huiying Liang
https://openalex.org/W2911462778,https://openalex.org/A5088713741,Brian Tsui
https://openalex.org/W2911462778,https://openalex.org/A5029516423,Hao Ni
https://openalex.org/W2911462778,https://openalex.org/A5009297439,Carolina C. S. Valentim
https://openalex.org/W2911462778,https://openalex.org/A5069439888,Sally L. Baxter
https://openalex.org/W2911462778,https://openalex.org/A5041388103,Guangjian Liu
https://openalex.org/W2911462778,https://openalex.org/A5101413407,Wenjia Cai
https://openalex.org/W2911462778,https://openalex.org/A5049953069,Daniel Kermany
https://openalex.org/W2911462778,https://openalex.org/A5006373071,Xin Sun
https://openalex.org/W2911462778,https://openalex.org/A5101741203,Jiancong Chen
https://openalex.org/W2911462778,https://openalex.org/A5103100311,Liya He
https://openalex.org/W2911462778,https://openalex.org/A5031936679,Jie Zhu
https://openalex.org/W2911462778,https://openalex.org/A5008741811,Tian Pin
https://openalex.org/W2911462778,https://openalex.org/A5003686949,Hua Shao
https://openalex.org/W2911462778,https://openalex.org/A5081266476,Lianghong Zheng
https://openalex.org/W2911462778,https://openalex.org/A5010636698,Rui Hou
https://openalex.org/W2911462778,https://openalex.org/A5012033663,Sierra Hewett
https://openalex.org/W2911462778,https://openalex.org/A5100357037,Gen Li
https://openalex.org/W2911462778,https://openalex.org/A5019833169,Ping Yuan Liang
https://openalex.org/W2911462778,https://openalex.org/A5087727212,Xuan Zang
https://openalex.org/W2911462778,https://openalex.org/A5100765061,Zhiqi Zhang
https://openalex.org/W2911462778,https://openalex.org/A5084637725,Liyan Pan
https://openalex.org/W2911462778,https://openalex.org/A5100845901,Huimin Cai
https://openalex.org/W2911462778,https://openalex.org/A5069677085,Rujuan Ling
https://openalex.org/W2911462778,https://openalex.org/A5100629308,Shuhua Li
https://openalex.org/W2911462778,https://openalex.org/A5024052756,Yongwang Cui
https://openalex.org/W2911462778,https://openalex.org/A5009391844,Shusheng Tang
https://openalex.org/W2911462778,https://openalex.org/A5102202336,Hong Ye
https://openalex.org/W2911462778,https://openalex.org/A5101760877,Xiaoyan Huang
https://openalex.org/W2911462778,https://openalex.org/A5023421958,Waner He
https://openalex.org/W2911462778,https://openalex.org/A5069802361,Wenqing Liang
https://openalex.org/W2911462778,https://openalex.org/A5100358823,Qing Zhang
https://openalex.org/W2911462778,https://openalex.org/A5005727907,Jianmin Jiang
https://openalex.org/W2911462778,https://openalex.org/A5026124416,Wei Yu
https://openalex.org/W2911462778,https://openalex.org/A5051820231,Jianqun Gao
https://openalex.org/W2911462778,https://openalex.org/A5051186386,Wanxing Ou
https://openalex.org/W2911462778,https://openalex.org/A5068682499,Yingmin Deng
https://openalex.org/W2911462778,https://openalex.org/A5013156398,Qiaozhen Hou
https://openalex.org/W2911462778,https://openalex.org/A5100349956,Bei Wang
https://openalex.org/W2911462778,https://openalex.org/A5100646875,Yan Liang
https://openalex.org/W2911462778,https://openalex.org/A5115602786,Shu Zhang
https://openalex.org/W2911462778,https://openalex.org/A5053960860,Yaou Duan
https://openalex.org/W2911462778,https://openalex.org/A5022159272,Runze Zhang
https://openalex.org/W2911462778,https://openalex.org/A5024533259,Sarah A. Gibson
https://openalex.org/W2911462778,https://openalex.org/A5016349943,Charlotte L Zhang
https://openalex.org/W2911462778,https://openalex.org/A5087081419,Oulan Li
https://openalex.org/W2911462778,https://openalex.org/A5040271862,Edward D. Zhang
https://openalex.org/W2911462778,https://openalex.org/A5028919896,Gabriel Karin
https://openalex.org/W2911462778,https://openalex.org/A5071632780,Nathan Nguyen
https://openalex.org/W2911462778,https://openalex.org/A5053892477,Xiaokang Wu
https://openalex.org/W2911462778,https://openalex.org/A5028880819,Cindy H. Wen
https://openalex.org/W2911462778,https://openalex.org/A5003488506,Jie Xu
https://openalex.org/W2911462778,https://openalex.org/A5066293086,W. Xu
https://openalex.org/W2911462778,https://openalex.org/A5113767211,Bochu Wang
https://openalex.org/W2911462778,https://openalex.org/A5101932158,Winston T. Wang
https://openalex.org/W2911462778,https://openalex.org/A5100336796,Jing Li
https://openalex.org/W2911462778,https://openalex.org/A5008389842,Bianca Ribeiro Pizzato
https://openalex.org/W2911462778,https://openalex.org/A5076920537,Caroline Bao
https://openalex.org/W2911462778,https://openalex.org/A5061277245,Daoman Xiang
https://openalex.org/W2911462778,https://openalex.org/A5058230716,Wan‐Ting He
https://openalex.org/W2911462778,https://openalex.org/A5078402483,Suiqin He
https://openalex.org/W2911462778,https://openalex.org/A5004125410,Yugui Zhou
https://openalex.org/W2911462778,https://openalex.org/A5113491356,Weldon W. Haw
https://openalex.org/W2911462778,https://openalex.org/A5076490467,Michael H. Goldbaum
https://openalex.org/W2911462778,https://openalex.org/A5037514446,Adriana H. Tremoulet
https://openalex.org/W2911462778,https://openalex.org/A5040580626,Chun‐Nan Hsu
https://openalex.org/W2911462778,https://openalex.org/A5101461760,Hannah K. Carter
https://openalex.org/W2911462778,https://openalex.org/A5111675675,Long Zhu
https://openalex.org/W2911462778,https://openalex.org/A5100432232,Kang Zhang
https://openalex.org/W3199397800,https://openalex.org/A5044881481,Victor Galaz
https://openalex.org/W3199397800,https://openalex.org/A5102878947,Miguel Ángel Centeno
https://openalex.org/W3199397800,https://openalex.org/A5015929315,Peter W. Callahan
https://openalex.org/W3199397800,https://openalex.org/A5070825474,Amar Causevic
https://openalex.org/W3199397800,https://openalex.org/A5013905638,Thayer S. Patterson
https://openalex.org/W3199397800,https://openalex.org/A5014459906,Irina Brass
https://openalex.org/W3199397800,https://openalex.org/A5086782075,Seth D. Baum
https://openalex.org/W3199397800,https://openalex.org/A5034302971,Darryl L. Farber
https://openalex.org/W3199397800,https://openalex.org/A5024359289,Joern Fischer
https://openalex.org/W3199397800,https://openalex.org/A5084395089,David García
https://openalex.org/W3199397800,https://openalex.org/A5051721566,Timon McPhearson
https://openalex.org/W3199397800,https://openalex.org/A5100612828,Daniel Jiménez
https://openalex.org/W3199397800,https://openalex.org/A5014226494,Brian R. King
https://openalex.org/W3199397800,https://openalex.org/A5062349969,Paul A. Larcey
https://openalex.org/W3199397800,https://openalex.org/A5040228064,Karen E. C. Levy
https://openalex.org/W3017157646,https://openalex.org/A5046530261,Jeremy Knox
https://openalex.org/W4226065182,https://openalex.org/A5078000203,Mazharul Hossain
https://openalex.org/W3170494682,https://openalex.org/A5109147283,Ajay K. Agrawal
https://openalex.org/W3170494682,https://openalex.org/A5055795427,Joshua S. Gans
https://openalex.org/W3170494682,https://openalex.org/A5053397554,Avi Goldfarb
https://openalex.org/W2917767525,https://openalex.org/A5081829228,David Gunning
https://openalex.org/W2767479331,https://openalex.org/A5013721295,Iain Cockburn
https://openalex.org/W2767479331,https://openalex.org/A5102871257,Rebecca M. Henderson
https://openalex.org/W2767479331,https://openalex.org/A5059686380,Scott Stern
https://openalex.org/W4293229829,https://openalex.org/A5067653484,Soumyadeb Chowdhury
https://openalex.org/W4293229829,https://openalex.org/A5046908030,Prasanta Kumar Dey
https://openalex.org/W4293229829,https://openalex.org/A5029989112,Sian Joel-Edgar
https://openalex.org/W4293229829,https://openalex.org/A5102668246,Sudeshna Bhattacharya
https://openalex.org/W4293229829,https://openalex.org/A5090094568,Oscar Rodríguez-Espíndola
https://openalex.org/W4293229829,https://openalex.org/A5067845312,Amélie Abadie
https://openalex.org/W4293229829,https://openalex.org/A5109805100,Linh Truong
https://openalex.org/W3122779978,https://openalex.org/A5001512179,Meryem Duygun
https://openalex.org/W3122779978,https://openalex.org/A5005045000,Fotios Pasiouras
https://openalex.org/W4392773210,https://openalex.org/A5078892242,Yoshija Walter
https://openalex.org/W3097904695,https://openalex.org/A5101503948,Qian Zhang
https://openalex.org/W3097904695,https://openalex.org/A5100675577,Jie Lü
https://openalex.org/W3097904695,https://openalex.org/A5032314861,Yaochu Jin
https://openalex.org/W2900548288,https://openalex.org/A5091601455,Max Tegmark
https://openalex.org/W2937037822,https://openalex.org/A5103249865,Ken Masters
https://openalex.org/W4383913712,https://openalex.org/A5055856506,Pawan S Budhwar
https://openalex.org/W4383913712,https://openalex.org/A5067653484,Soumyadeb Chowdhury
https://openalex.org/W4383913712,https://openalex.org/A5034762665,Geoffrey Wood
https://openalex.org/W4383913712,https://openalex.org/A5067660877,Herman Aguinis
https://openalex.org/W4383913712,https://openalex.org/A5018194210,Greg J. Bamber
https://openalex.org/W4383913712,https://openalex.org/A5044503602,Jose R. Beltran
https://openalex.org/W4383913712,https://openalex.org/A5023651869,Paul Boselie
https://openalex.org/W4383913712,https://openalex.org/A5025486785,Fang Lee Cooke
https://openalex.org/W4383913712,https://openalex.org/A5064172786,Stephanie Decker
https://openalex.org/W4383913712,https://openalex.org/A5065954019,Angelo S. DeNisi
https://openalex.org/W4383913712,https://openalex.org/A5046908030,Prasanta Kumar Dey
https://openalex.org/W4383913712,https://openalex.org/A5091214938,David E. Guest
https://openalex.org/W4383913712,https://openalex.org/A5066797749,Andrew J. Knoblich
https://openalex.org/W4383913712,https://openalex.org/A5081370774,Jaap Paauwe
https://openalex.org/W4383913712,https://openalex.org/A5006679927,Savvas Papagiannidis
https://openalex.org/W4383913712,https://openalex.org/A5088161716,Charmi Patel
https://openalex.org/W4383913712,https://openalex.org/A5069901933,Vijay Edward Pereira
https://openalex.org/W4383913712,https://openalex.org/A5084581187,Shuang Ren
https://openalex.org/W4383913712,https://openalex.org/A5000877507,Steven G. Rogelberg
https://openalex.org/W4383913712,https://openalex.org/A5054244780,Mark N. K. Saunders
https://openalex.org/W4383913712,https://openalex.org/A5014893902,Rosalie L. Tung
https://openalex.org/W4383913712,https://openalex.org/A5005292478,Arup Varma
https://openalex.org/W4386122321,https://openalex.org/A5046574356,Luciano Floridi
https://openalex.org/W4281786142,https://openalex.org/A5033097071,Lynn H. Kaack
https://openalex.org/W4281786142,https://openalex.org/A5075620331,Priya L. Donti
https://openalex.org/W4281786142,https://openalex.org/A5051203366,Emma Strubell
https://openalex.org/W4281786142,https://openalex.org/A5022783199,George Kamiya
https://openalex.org/W4281786142,https://openalex.org/A5078552854,Felix Creutzig
https://openalex.org/W4281786142,https://openalex.org/A5056513353,David Rolnick
https://openalex.org/W2804354698,https://openalex.org/A5051063958,Iván Contreras
https://openalex.org/W2804354698,https://openalex.org/A5069860044,Josep Vehı́
https://openalex.org/W4210271404,https://openalex.org/A5088732694,Sebastian Maximillian Krakowski
https://openalex.org/W4210271404,https://openalex.org/A5037289254,Johannes Luger
https://openalex.org/W4210271404,https://openalex.org/A5006145895,Sebastian Raisch
https://openalex.org/W2010222480,https://openalex.org/A5032046573,Soteris A. Kalogirou
https://openalex.org/W3009785512,https://openalex.org/A5037451481,Hideyuki Shimizu
https://openalex.org/W3009785512,https://openalex.org/A5101703562,Keiichi I. Nakayama
https://openalex.org/W3040455124,https://openalex.org/A5088757538,Sanjeev Balappa Khanagar
https://openalex.org/W3040455124,https://openalex.org/A5071608983,Ali Al-Ehaideb
https://openalex.org/W3040455124,https://openalex.org/A5046471439,Prabhadevi C Maganur
https://openalex.org/W3040455124,https://openalex.org/A5076554872,Satish Vishwanathaiah
https://openalex.org/W3040455124,https://openalex.org/A5110626451,Shankargouda Patil
https://openalex.org/W3040455124,https://openalex.org/A5043985495,Hosam Ali Baeshen
https://openalex.org/W3040455124,https://openalex.org/A5042084733,Sachin Chakradhar Sarode
https://openalex.org/W3040455124,https://openalex.org/A5022145157,Shilpa Bhandi
https://openalex.org/W2992584342,https://openalex.org/A5111625449,Raffaele Cioffi
https://openalex.org/W2992584342,https://openalex.org/A5053869782,Marta Travaglioni
https://openalex.org/W2992584342,https://openalex.org/A5087606630,Giuseppina Piscitelli
https://openalex.org/W2992584342,https://openalex.org/A5023670492,Antonella Petrillo
https://openalex.org/W2992584342,https://openalex.org/A5044834377,Fabio De Felice
https://openalex.org/W3035700103,https://openalex.org/A5083289194,Tony Bates
https://openalex.org/W3035700103,https://openalex.org/A5077529740,Cristóbal Cobo
https://openalex.org/W3035700103,https://openalex.org/A5014389381,Olga Mariño
https://openalex.org/W3035700103,https://openalex.org/A5111498618,Steve Wheeler
https://openalex.org/W2174287231,https://openalex.org/A5001232416,John McCarthy
https://openalex.org/W4200191097,https://openalex.org/A5004971542,Laleh Seyyed-Kalantari
https://openalex.org/W4200191097,https://openalex.org/A5100340498,Haoran Zhang
https://openalex.org/W4200191097,https://openalex.org/A5083993242,Matthew B. A. McDermott
https://openalex.org/W4200191097,https://openalex.org/A5081135036,Irene Y. Chen
https://openalex.org/W4200191097,https://openalex.org/A5070063054,Marzyeh Ghassemi
https://openalex.org/W4221045317,https://openalex.org/A5026537470,Reva Schwartz
https://openalex.org/W4221045317,https://openalex.org/A5013116110,Apostol T. Vassilev
https://openalex.org/W4221045317,https://openalex.org/A5073638056,Kristen K. Greene
https://openalex.org/W4221045317,https://openalex.org/A5030817406,Lori Perine
https://openalex.org/W4221045317,https://openalex.org/A5060327845,Andrew James Burt
https://openalex.org/W4221045317,https://openalex.org/A5102849740,Patrick Hall
https://openalex.org/W2893693469,https://openalex.org/A5042782968,Filippo Pesapane
https://openalex.org/W2893693469,https://openalex.org/A5082859766,Marina Codari
https://openalex.org/W2893693469,https://openalex.org/A5022596811,Francesco Sardanelli
https://openalex.org/W2792145227,https://openalex.org/A5042594756,Alexander L. Fogel
https://openalex.org/W2792145227,https://openalex.org/A5059808008,Joseph C. Kvedar
https://openalex.org/W2939970150,https://openalex.org/A5068713004,Kai Siang Chan
https://openalex.org/W2939970150,https://openalex.org/A5022181308,Nabil Zary
https://openalex.org/W2536379393,https://openalex.org/A5111941620,Steven L. Jensen
https://openalex.org/W2536379393,https://openalex.org/A5082618302,Daniel L. Boley
https://openalex.org/W2536379393,https://openalex.org/A5016462041,Maria L. Gini
https://openalex.org/W2536379393,https://openalex.org/A5071796726,Paul Schrater
https://openalex.org/W3012481664,https://openalex.org/A5087257186,Yifang Ma
https://openalex.org/W3012481664,https://openalex.org/A5100344944,Zhenyu Wang
https://openalex.org/W3012481664,https://openalex.org/A5039644141,Hong Jun Yang
https://openalex.org/W3012481664,https://openalex.org/A5100429570,Lin Yang
https://openalex.org/W2055412520,https://openalex.org/A5074094490,Wenchuan Wang
https://openalex.org/W2055412520,https://openalex.org/A5081904302,Kwok‐wing Chau
https://openalex.org/W2055412520,https://openalex.org/A5049303518,Chuntian Cheng
https://openalex.org/W2055412520,https://openalex.org/A5100750859,Lin Qiu
https://openalex.org/W2955653438,https://openalex.org/A5084515381,Eric J. Topol
https://openalex.org/W2955653438,https://openalex.org/A5053513574,Graham Winton
https://openalex.org/W2979279941,https://openalex.org/A5075748150,W. Nicholson Price
https://openalex.org/W2979279941,https://openalex.org/A5000641874,Sara Gerke
https://openalex.org/W2979279941,https://openalex.org/A5076810459,Ivan Glenn Cohen
https://openalex.org/W2969715170,https://openalex.org/A5088317832,John Howard
https://openalex.org/W1550696814,https://openalex.org/A5033529457,Philippe Besnard
https://openalex.org/W1550696814,https://openalex.org/A5003940964,Steve Hanks
https://openalex.org/W4230775373,https://openalex.org/A5012301204,Daron Acemoğlu
https://openalex.org/W4230775373,https://openalex.org/A5011062401,Pascual Restrepo
https://openalex.org/W3081423662,https://openalex.org/A5079419356,Elizabeth Huynh
https://openalex.org/W3081423662,https://openalex.org/A5057166759,Ahmed Hosny
https://openalex.org/W3081423662,https://openalex.org/A5104097387,Christian V. Guthier
https://openalex.org/W3081423662,https://openalex.org/A5039369605,Danielle S. Bitterman
https://openalex.org/W3081423662,https://openalex.org/A5052912743,Steven Petit
https://openalex.org/W3081423662,https://openalex.org/A5085032736,Daphne Adele Haas-Kogan
https://openalex.org/W3081423662,https://openalex.org/A5018154366,Benjamin Harris Kann
https://openalex.org/W3081423662,https://openalex.org/A5001452511,Hugo J.W.L. Aerts
https://openalex.org/W3081423662,https://openalex.org/A5064724289,Raymond H. Mak
https://openalex.org/W3161130779,https://openalex.org/A5070611359,Jiahui Huang
https://openalex.org/W3161130779,https://openalex.org/A5085684388,Salmiza Saleh
https://openalex.org/W3161130779,https://openalex.org/A5100405027,Yufei Liu
https://openalex.org/W4390229867,https://openalex.org/A5078699564,Emilio Ferrara
https://openalex.org/W2787225861,https://openalex.org/A5083147526,Matthew Hutson
https://openalex.org/W2912185124,https://openalex.org/A5080093402,Yang Lu
https://openalex.org/W3093424417,https://openalex.org/A5043215255,Hui Luan
https://openalex.org/W3093424417,https://openalex.org/A5011066581,Peter Géczy
https://openalex.org/W3093424417,https://openalex.org/A5077287712,Hollis Lai
https://openalex.org/W3093424417,https://openalex.org/A5050421225,Janice D. Gobert
https://openalex.org/W3093424417,https://openalex.org/A5039275245,Stephen J.H. Yang
https://openalex.org/W3093424417,https://openalex.org/A5079543720,Hiroaki Ogata
https://openalex.org/W3093424417,https://openalex.org/A5083823417,Jacky Baltes
https://openalex.org/W3093424417,https://openalex.org/A5017613080,Rodrigo da Silva Guerra
https://openalex.org/W3093424417,https://openalex.org/A5100435506,Ping Li
https://openalex.org/W3093424417,https://openalex.org/A5018045318,Chin‐Chung Tsai
https://openalex.org/W2640557513,https://openalex.org/A5051623706,Kamran Chapi
https://openalex.org/W2640557513,https://openalex.org/A5015768486,Vijay P. Singh
https://openalex.org/W2640557513,https://openalex.org/A5035752085,Ataollah Shirzadi
https://openalex.org/W2640557513,https://openalex.org/A5091211368,Himan Shahabi
https://openalex.org/W2640557513,https://openalex.org/A5076352077,Dieu Tien Bui
https://openalex.org/W2640557513,https://openalex.org/A5029814958,Binh Thai Pham
https://openalex.org/W2640557513,https://openalex.org/A5083514118,Khabat Khosravi
https://openalex.org/W4362602778,https://openalex.org/A5074867215,Nazish Khalid
https://openalex.org/W4362602778,https://openalex.org/A5024012801,Adnan Qayyum
https://openalex.org/W4362602778,https://openalex.org/A5008695053,Ala Al‐Fuqaha
https://openalex.org/W4362602778,https://openalex.org/A5037574053,Junaid Qadir
https://openalex.org/W4387379065,https://openalex.org/A5001362889,Keng‐Boon Ooi
https://openalex.org/W4387379065,https://openalex.org/A5050081082,Garry Wei‐Han Tan
https://openalex.org/W4387379065,https://openalex.org/A5006979108,Mostafa Al‐Emran
https://openalex.org/W4387379065,https://openalex.org/A5048153887,Mohammed Abdullah Al-Sharafi
https://openalex.org/W4387379065,https://openalex.org/A5028961884,Alexandru Căpățînă
https://openalex.org/W4387379065,https://openalex.org/A5101661906,Amrita Chakraborty
https://openalex.org/W4387379065,https://openalex.org/A5048622877,Yogesh Kumar Dwivedi
https://openalex.org/W4387379065,https://openalex.org/A5113934746,Tzu-Ling Huang
https://openalex.org/W4387379065,https://openalex.org/A5061235109,Arpan Kumar Kar
https://openalex.org/W4387379065,https://openalex.org/A5022552825,Voon‐Hsien Lee
https://openalex.org/W4387379065,https://openalex.org/A5036634598,Xiu-Ming Loh
https://openalex.org/W4387379065,https://openalex.org/A5007855322,Adrian Micu
https://openalex.org/W4387379065,https://openalex.org/A5076679564,Patrick Mikalef
https://openalex.org/W4387379065,https://openalex.org/A5082000265,Emmanuel Mogaji
https://openalex.org/W4387379065,https://openalex.org/A5035078504,Neeraj Pandey
https://openalex.org/W4387379065,https://openalex.org/A5072261829,Ramakrishnan Raman
https://openalex.org/W4387379065,https://openalex.org/A5034248834,Nripendra Pratap Rana
https://openalex.org/W4387379065,https://openalex.org/A5063394315,Prianka Sarker
https://openalex.org/W4387379065,https://openalex.org/A5051635450,Anshuman Sharma
https://openalex.org/W4387379065,https://openalex.org/A5085840539,Ching‐I Teng
https://openalex.org/W4387379065,https://openalex.org/A5061026797,Samuel Fosso Wamba
https://openalex.org/W4387379065,https://openalex.org/A5003407341,Lai‐Wan Wong
https://openalex.org/W3164846705,https://openalex.org/A5080078268,Giulia Vilone
https://openalex.org/W3164846705,https://openalex.org/A5024458365,Luca Longo
https://openalex.org/W3134111219,https://openalex.org/A5045156755,Alon Jacovi
https://openalex.org/W3134111219,https://openalex.org/A5087098432,Ana Marasović
https://openalex.org/W3134111219,https://openalex.org/A5028824146,Tim Miller
https://openalex.org/W3134111219,https://openalex.org/A5028476919,Yoav Goldberg
https://openalex.org/W2144717132,https://openalex.org/A5091863316,Nils J. Nilsson
https://openalex.org/W2944277342,https://openalex.org/A5031187446,Baobao Zhang
https://openalex.org/W2944277342,https://openalex.org/A5054425888,Allan Dafoe
https://openalex.org/W3033094275,https://openalex.org/A5110616325,Mark Ryan
https://openalex.org/W2895420596,https://openalex.org/A5061787871,Gerhard Heßler
https://openalex.org/W2895420596,https://openalex.org/A5038155615,Karl‐Heinz Baringhaus
https://openalex.org/W3136960503,https://openalex.org/A5032884545,Samantha Cruz Rivera
https://openalex.org/W3136960503,https://openalex.org/A5041641749,Xiaoxuan Liu
https://openalex.org/W3136960503,https://openalex.org/A5053750539,An‐Wen Chan
https://openalex.org/W3136960503,https://openalex.org/A5074056939,Alastair Keith Denniston
https://openalex.org/W3136960503,https://openalex.org/A5072936611,Melanie Jane Calvert
https://openalex.org/W3136960503,https://openalex.org/A5055785355,Ara Wardkes Darzi
https://openalex.org/W3136960503,https://openalex.org/A5100649924,Christopher Holmes
https://openalex.org/W3136960503,https://openalex.org/A5084571119,Christopher Yau
https://openalex.org/W3136960503,https://openalex.org/A5068353058,David Moher
https://openalex.org/W3136960503,https://openalex.org/A5053747302,Hutan Ashrafian
https://openalex.org/W3136960503,https://openalex.org/A5009420648,Jonathan J Deeks
https://openalex.org/W3136960503,https://openalex.org/A5020757995,Lavinia Ferrante di Ruffano
https://openalex.org/W3136960503,https://openalex.org/A5047970595,Livia Faes
https://openalex.org/W3136960503,https://openalex.org/A5003185028,Sebastian J. Vollmer
https://openalex.org/W3136960503,https://openalex.org/A5029283104,Aaron Lee
https://openalex.org/W3136960503,https://openalex.org/A5022996077,Adrian Jonas
https://openalex.org/W3136960503,https://openalex.org/A5070015743,Andre Esteva
https://openalex.org/W3136960503,https://openalex.org/A5077007622,Andrew L. Beam
https://openalex.org/W3136960503,https://openalex.org/A5071695158,Maria Beatrice Panico
https://openalex.org/W3136960503,https://openalex.org/A5067663922,Cecilia S. Lee
https://openalex.org/W3136960503,https://openalex.org/A5066174749,Charlotte J. Haug
https://openalex.org/W3136960503,https://openalex.org/A5026540467,Christopher J. Kelly
https://openalex.org/W3136960503,https://openalex.org/A5031204654,Cynthia D. Mulrow
https://openalex.org/W3136960503,https://openalex.org/A5006251734,Cyrus Espinoza
https://openalex.org/W3136960503,https://openalex.org/A5032105571,John Fletcher
https://openalex.org/W3136960503,https://openalex.org/A5062441605,Dina N. Paltoo
https://openalex.org/W3136960503,https://openalex.org/A5083226720,Elaine Manna
https://openalex.org/W3136960503,https://openalex.org/A5111816412,Gary W Price
https://openalex.org/W3136960503,https://openalex.org/A5060891981,Professor Gary S. Collins
https://openalex.org/W3136960503,https://openalex.org/A5010957359,Hugh Harvey
https://openalex.org/W3136960503,https://openalex.org/A5110004888,James Matcham
https://openalex.org/W3136960503,https://openalex.org/A5090804716,João Monteiro
https://openalex.org/W3136960503,https://openalex.org/A5016345283,M. Khair ElZarrad
https://openalex.org/W3136960503,https://openalex.org/A5112563918,Luke Oakden‐Rayner
https://openalex.org/W3136960503,https://openalex.org/A5063981686,Melissa D. McCradden
https://openalex.org/W3136960503,https://openalex.org/A5086506904,Richard S. Savage
https://openalex.org/W3136960503,https://openalex.org/A5034676046,Robert Golub
https://openalex.org/W3136960503,https://openalex.org/A5090944141,Rupa Sarkar
https://openalex.org/W3136960503,https://openalex.org/A5033308444,Samuel Rowley
https://openalex.org/W2155456580,https://openalex.org/A5100674807,Carlos Ramos
https://openalex.org/W2155456580,https://openalex.org/A5090552087,Juan Carlos Augusto
https://openalex.org/W2155456580,https://openalex.org/A5027008015,Daniel Goodman Shapiro
https://openalex.org/W19828709,https://openalex.org/A5018954657,Étienne Wenger
https://openalex.org/W2913602408,https://openalex.org/A5100636286,Qiang Yang
https://openalex.org/W2913602408,https://openalex.org/A5065393757,Michael Wooldridge
https://openalex.org/W3093987005,https://openalex.org/A5026310332,Omri Gillath
https://openalex.org/W3093987005,https://openalex.org/A5043390708,Ting Ai
https://openalex.org/W3093987005,https://openalex.org/A5006074457,Michael S. Branicky
https://openalex.org/W3093987005,https://openalex.org/A5006497319,Shawn Keshmiri
https://openalex.org/W3093987005,https://openalex.org/A5026332313,Robert B. Davison
https://openalex.org/W3093987005,https://openalex.org/A5005478175,Ryan J Spaulding
https://openalex.org/W2117871237,https://openalex.org/A5044032862,Hokey Min
https://openalex.org/W4281690062,https://openalex.org/A5066047328,Tawseef Ayoub Shaikh
https://openalex.org/W4281690062,https://openalex.org/A5036072134,Tabasum Rasool
https://openalex.org/W4281690062,https://openalex.org/A5064135479,Faisal Rasheed Lone
https://openalex.org/W2969468266,https://openalex.org/A5019554383,Tom Nadarzynski
https://openalex.org/W2969468266,https://openalex.org/A5060367474,Oliver Miles
https://openalex.org/W2969468266,https://openalex.org/A5036023561,Aimee Cowie
https://openalex.org/W2969468266,https://openalex.org/A5032274875,Damien Ridge
https://openalex.org/W3040427204,https://openalex.org/A5070410772,Wenjuan Sun
https://openalex.org/W3040427204,https://openalex.org/A5021347662,Paolo Bocchini
https://openalex.org/W3040427204,https://openalex.org/A5042328810,Brian D. Davison
https://openalex.org/W3172365935,https://openalex.org/A5088865457,ANIRBID SIRCAR
https://openalex.org/W3172365935,https://openalex.org/A5021460238,Kriti Yadav
https://openalex.org/W3172365935,https://openalex.org/A5055995486,Kamakshi Rayavarapu
https://openalex.org/W3172365935,https://openalex.org/A5074586283,Namrata Bist
https://openalex.org/W3172365935,https://openalex.org/A5042316032,Hemangi Oza
https://openalex.org/W2997569720,https://openalex.org/A5052176076,Guoguang Rong
https://openalex.org/W2997569720,https://openalex.org/A5041475389,Arnaldo Mendez
https://openalex.org/W2997569720,https://openalex.org/A5028252666,Elie Bou Assi
https://openalex.org/W2997569720,https://openalex.org/A5004794956,Bo Zhao
https://openalex.org/W2997569720,https://openalex.org/A5082509767,Mohamad Sawan
https://openalex.org/W2990290777,https://openalex.org/A5044545913,Raquel Dias
https://openalex.org/W2990290777,https://openalex.org/A5004569243,Ali Torkamani
https://openalex.org/W4311843323,https://openalex.org/A5087293314,Feridun Kaya
https://openalex.org/W4311843323,https://openalex.org/A5065087421,Fatih Aydın
https://openalex.org/W4311843323,https://openalex.org/A5047920319,Astrid Schepman
https://openalex.org/W4311843323,https://openalex.org/A5016786440,Paul Rodway
https://openalex.org/W4311843323,https://openalex.org/A5028513027,Okan Yeti̇şensoy
https://openalex.org/W4311843323,https://openalex.org/A5085322828,Meva Demir Kaya
https://openalex.org/W4387494819,https://openalex.org/A5028826636,Alex de Vries
https://openalex.org/W2967464015,https://openalex.org/A5057909112,Ngozi Clara Eli-Chukwu
https://openalex.org/W2783479218,https://openalex.org/A5012312047,Niladri B. Syam
https://openalex.org/W2783479218,https://openalex.org/A5021571664,Arun K. Sharma
https://openalex.org/W4220926968,https://openalex.org/A5040259613,Mohammad Hossein Jarrahi
https://openalex.org/W4220926968,https://openalex.org/A5067843547,David A. Askay
https://openalex.org/W4220926968,https://openalex.org/A5018995277,Ali Eshraghi
https://openalex.org/W4220926968,https://openalex.org/A5040865504,Preston G. Smith
https://openalex.org/W4318257512,https://openalex.org/A5071196836,David Baidoo-Anu
https://openalex.org/W4318257512,https://openalex.org/A5091906349,Leticia Owusu Ansah
https://openalex.org/W2973537858,https://openalex.org/A5009924116,Xueming Luo
https://openalex.org/W2973537858,https://openalex.org/A5085588455,Siliang Tong
https://openalex.org/W2973537858,https://openalex.org/A5053463678,Zheng Fang
https://openalex.org/W2973537858,https://openalex.org/A5055017398,Zhe Qu
https://openalex.org/W4304185479,https://openalex.org/A5022581666,Mario Krenn
https://openalex.org/W4304185479,https://openalex.org/A5064016511,Robert Pollice
https://openalex.org/W4304185479,https://openalex.org/A5030455114,Si Yue Guo
https://openalex.org/W4304185479,https://openalex.org/A5056535696,Matteo Aldeghi
https://openalex.org/W4304185479,https://openalex.org/A5031306679,Alba Cervera-Lierta
https://openalex.org/W4304185479,https://openalex.org/A5052771582,Pascal Friederich
https://openalex.org/W4304185479,https://openalex.org/A5048633127,Gabe Gomes
https://openalex.org/W4304185479,https://openalex.org/A5015637398,Florian Häse
https://openalex.org/W4304185479,https://openalex.org/A5019436022,Adrián Jinich
https://openalex.org/W4304185479,https://openalex.org/A5029665492,AkshatKumar Nigam
https://openalex.org/W4304185479,https://openalex.org/A5014141631,Zhenpeng Yao
https://openalex.org/W4304185479,https://openalex.org/A5071495561,Alán Aspuru‐Guzik
https://openalex.org/W2991532994,https://openalex.org/A5072988684,Michael A. Webb
https://openalex.org/W2772124661,https://openalex.org/A5100646137,Bin Yu
https://openalex.org/W2772124661,https://openalex.org/A5013534934,Karl Kumbier
https://openalex.org/W2150291840,https://openalex.org/A5003034800,Daniel E. O’Leary
https://openalex.org/W4294351233,https://openalex.org/A5033954307,Kate Crawford
https://openalex.org/W4380685454,https://openalex.org/A5053777601,Abdulaziz Aldoseri
https://openalex.org/W4380685454,https://openalex.org/A5111995971,Khalifa N. Al‐Khalifa
https://openalex.org/W4380685454,https://openalex.org/A5029670996,A.M.S. Hamouda
https://openalex.org/W2977181930,https://openalex.org/A5102801444,Mei Chen
https://openalex.org/W2977181930,https://openalex.org/A5084146715,Michel Décary
https://openalex.org/W2988293491,https://openalex.org/A5044309586,Huw Roberts
https://openalex.org/W2988293491,https://openalex.org/A5011861720,Josh Cowls
https://openalex.org/W2988293491,https://openalex.org/A5014136509,Jessica Morley
https://openalex.org/W2988293491,https://openalex.org/A5003032735,Mariarosaria Taddeo
https://openalex.org/W2988293491,https://openalex.org/A5101460930,Vincent Wang
https://openalex.org/W2988293491,https://openalex.org/A5046574356,Luciano Floridi
https://openalex.org/W3171148899,https://openalex.org/A5064752347,Víctor González Calatayud
https://openalex.org/W3171148899,https://openalex.org/A5012330921,María Paz Prendes Espinosa
https://openalex.org/W3171148899,https://openalex.org/A5091621044,Rosabel Roig-Vila
https://openalex.org/W3135335171,https://openalex.org/A5067763065,Ming‐Hui Huang
https://openalex.org/W3135335171,https://openalex.org/A5037954003,Roland T. Rust
https://openalex.org/W4221106847,https://openalex.org/A5055856506,Pawan S Budhwar
https://openalex.org/W4221106847,https://openalex.org/A5108813058,Ashish Malik
https://openalex.org/W4221106847,https://openalex.org/A5000904435,M. T. Thedushika De Silva
https://openalex.org/W4221106847,https://openalex.org/A5085676330,Praveena Thevisuthan
https://openalex.org/W3192208786,https://openalex.org/A5082257722,Mehrdokht Pournader
https://openalex.org/W3192208786,https://openalex.org/A5073240568,‬Hadi Ghaderi
https://openalex.org/W3192208786,https://openalex.org/A5025341725,Amir Hassanzadegan
https://openalex.org/W3192208786,https://openalex.org/A5066151491,Behnam Fahimnia
https://openalex.org/W3037163353,https://openalex.org/A5068497271,Samuel Lalmuanawma
https://openalex.org/W3037163353,https://openalex.org/A5066216654,Jamal Hussain
https://openalex.org/W3037163353,https://openalex.org/A5060996506,Lalrinfela Chhakchhuak
https://openalex.org/W4291972732,https://openalex.org/A5100767396,Haochen Hua
https://openalex.org/W4291972732,https://openalex.org/A5100349725,Yutong Li
https://openalex.org/W4291972732,https://openalex.org/A5101737763,Tonghe Wang
https://openalex.org/W4291972732,https://openalex.org/A5025365324,Nanqing Dong
https://openalex.org/W4291972732,https://openalex.org/A5100318462,Wei Li
https://openalex.org/W4291972732,https://openalex.org/A5003512698,Junwei Cao
https://openalex.org/W2570220393,https://openalex.org/A5012707925,Yunhe Pan
https://openalex.org/W2733840449,https://openalex.org/A5054316757,Jakub Olczak
https://openalex.org/W2733840449,https://openalex.org/A5022055391,Niklas Fahlberg
https://openalex.org/W2733840449,https://openalex.org/A5054834085,Atsuto Maki
https://openalex.org/W2733840449,https://openalex.org/A5013484847,Ali Sharif Razavian
https://openalex.org/W2733840449,https://openalex.org/A5070129801,Anthony Jilert
https://openalex.org/W2733840449,https://openalex.org/A5048760168,André Stark
https://openalex.org/W2733840449,https://openalex.org/A5056300986,Olof Gustaf Sköldenberg
https://openalex.org/W2733840449,https://openalex.org/A5076423086,Max Gordon
https://openalex.org/W4399125735,https://openalex.org/A5080288591,Ali Shah Tejani
https://openalex.org/W4399125735,https://openalex.org/A5078341846,Michail E. Klontzas
https://openalex.org/W4399125735,https://openalex.org/A5032257981,Anthony A. Gatti
https://openalex.org/W4399125735,https://openalex.org/A5053343994,John Mongan
https://openalex.org/W4399125735,https://openalex.org/A5054427605,Linda P. Moy
https://openalex.org/W4399125735,https://openalex.org/A5000290016,Seong Ho Park
https://openalex.org/W4399125735,https://openalex.org/A5085037175,Charles E. Kahn
https://openalex.org/W4399125735,https://openalex.org/A5063181665,Saif Afat
https://openalex.org/W4399125735,https://openalex.org/A5012464208,Udunna Anazodo
https://openalex.org/W4399125735,https://openalex.org/A5089126344,Anna E. Andreychenko
https://openalex.org/W4399125735,https://openalex.org/A5039782389,Folkert Wouter Asselbergs
https://openalex.org/W4399125735,https://openalex.org/A5034816801,Aldo G. Badano
https://openalex.org/W4399125735,https://openalex.org/A5003254879,Bettina Baeßler
https://openalex.org/W4399125735,https://openalex.org/A5083867220,Bayarbaatar Bold
https://openalex.org/W4399125735,https://openalex.org/A5056584468,Sotirios Bisdas
https://openalex.org/W4399125735,https://openalex.org/A5044990060,Torkel B. Brismar
https://openalex.org/W4399125735,https://openalex.org/A5062586182,Giovanni Enrico Cacciamani
https://openalex.org/W4399125735,https://openalex.org/A5007488006,John A. Carrino
https://openalex.org/W4399125735,https://openalex.org/A5008309831,Julius Chapiro
https://openalex.org/W4399125735,https://openalex.org/A5054028651,Michael F. Chiang
https://openalex.org/W4399125735,https://openalex.org/A5038843479,Tessa Sundaram Cook
https://openalex.org/W4399125735,https://openalex.org/A5058973104,Renato Cuocolo
https://openalex.org/W4399125735,https://openalex.org/A5081937379,John E. Damilakis
https://openalex.org/W4399125735,https://openalex.org/A5014300312,Roxana Daneshjou
https://openalex.org/W4399125735,https://openalex.org/A5080535087,Carlo Nicola De Cecco
https://openalex.org/W4399125735,https://openalex.org/A5089122189,Hesham M. Elhalawani
https://openalex.org/W4399125735,https://openalex.org/A5054379029,Guillermo Elizondo‐Riojas
https://openalex.org/W4399125735,https://openalex.org/A5110816035,Andrey Fedorov
https://openalex.org/W4399125735,https://openalex.org/A5103120601,Benjamin Fine
https://openalex.org/W4399125735,https://openalex.org/A5023589639,Adam Eugene Flanders
https://openalex.org/W4399125735,https://openalex.org/A5076075666,Judy Wawira Gichoya
https://openalex.org/W4399125735,https://openalex.org/A5049042648,Maryellen Lissak Giger
https://openalex.org/W4399125735,https://openalex.org/A5012650285,Safwan S. Halabi
https://openalex.org/W4399125735,https://openalex.org/A5053246342,Sven Haller
https://openalex.org/W4399125735,https://openalex.org/A5087232699,William S. Hsu
https://openalex.org/W4399125735,https://openalex.org/A5079370330,Krishna Juluru
https://openalex.org/W4399125735,https://openalex.org/A5039535916,Jayashree Kalpathy–Cramer
https://openalex.org/W4399125735,https://openalex.org/A5062636609,Apostolos H. Karantanas
https://openalex.org/W4399125735,https://openalex.org/A5082485951,Felipe Kitamura
https://openalex.org/W4399125735,https://openalex.org/A5020961489,Burak Koçak
https://openalex.org/W4399125735,https://openalex.org/A5040106089,Dow‐Mu Koh
https://openalex.org/W4399125735,https://openalex.org/A5087413038,Elmar Kotter
https://openalex.org/W4399125735,https://openalex.org/A5028914241,Elizabeth A. Krupinski
https://openalex.org/W4399125735,https://openalex.org/A5087710258,Curtis P. Langlotz
https://openalex.org/W4399125735,https://openalex.org/A5067663922,Cecilia S. Lee
https://openalex.org/W4399125735,https://openalex.org/A5111606381,Mario Maas
https://openalex.org/W4399125735,https://openalex.org/A5027642699,Anant Madabhushi
https://openalex.org/W4399125735,https://openalex.org/A5014640458,Kostas Marias
https://openalex.org/W4399125735,https://openalex.org/A5072387429,Luis Martí‐Bonmatí
https://openalex.org/W4399125735,https://openalex.org/A5113764870,Jaishree Naidoo
https://openalex.org/W4399125735,https://openalex.org/A5052715111,Emanuele Neri
https://openalex.org/W4399125735,https://openalex.org/A5067486179,Robert A. Ochs
https://openalex.org/W4399125735,https://openalex.org/A5039788852,Thomas V. Papathomas
https://openalex.org/W4399125735,https://openalex.org/A5013701975,Katja Pinker
https://openalex.org/W4399125735,https://openalex.org/A5102826064,Daniel Pinto dos Santos
https://openalex.org/W4399125735,https://openalex.org/A5063662396,Fred Prior
https://openalex.org/W4399125735,https://openalex.org/A5038518412,Alexandros Protonotarios
https://openalex.org/W4399125735,https://openalex.org/A5060822066,Mauricio Reyes
https://openalex.org/W4399125735,https://openalex.org/A5083011959,Veronica M. Rotemberg
https://openalex.org/W4399125735,https://openalex.org/A5078562544,Jeffrey D. Rudie
https://openalex.org/W4399125735,https://openalex.org/A5031240457,Emmanuel Salinas-Miranda
https://openalex.org/W4399125735,https://openalex.org/A5022596811,Francesco Sardanelli
https://openalex.org/W4399125735,https://openalex.org/A5101844829,Mark E. Schweitzer
https://openalex.org/W4399125735,https://openalex.org/A5079824065,Luca Maria Sconfienza
https://openalex.org/W4399125735,https://openalex.org/A5069515302,Ronnie Sebro
https://openalex.org/W4399125735,https://openalex.org/A5100718227,Prateek Sharma
https://openalex.org/W4399125735,https://openalex.org/A5051558381,An Tang
https://openalex.org/W4399125735,https://openalex.org/A5021719363,Antonios Tzortzakakis
https://openalex.org/W4399125735,https://openalex.org/A5081003438,Jeroen van der Laak
https://openalex.org/W4399125735,https://openalex.org/A5024082845,Peter M. A. van Ooijen
https://openalex.org/W4399125735,https://openalex.org/A5087187703,Vasantha Kumar Venugopal
https://openalex.org/W4399125735,https://openalex.org/A5031408152,Jacob J. Visser
https://openalex.org/W4399125735,https://openalex.org/A5026470145,Bradford J. Wood
https://openalex.org/W4399125735,https://openalex.org/A5000487855,Carol C. Wu
https://openalex.org/W4399125735,https://openalex.org/A5065577825,Greg Zaharchuk
https://openalex.org/W4399125735,https://openalex.org/A5085336573,Marc Zins
https://openalex.org/W3029137193,https://openalex.org/A5060822066,Mauricio Reyes
https://openalex.org/W3029137193,https://openalex.org/A5034007830,Raphael Meier
https://openalex.org/W3029137193,https://openalex.org/A5054804413,Sérgio Pereira
https://openalex.org/W3029137193,https://openalex.org/A5063057337,Carlos A. Silva
https://openalex.org/W3029137193,https://openalex.org/A5010646585,Fried-Michael Dahlweid
https://openalex.org/W3029137193,https://openalex.org/A5031063057,Hendrik von Tengg‐Kobligk
https://openalex.org/W3029137193,https://openalex.org/A5016047550,Ronald M. Summers
https://openalex.org/W3029137193,https://openalex.org/A5059989473,Roland Wiest
https://openalex.org/W3036985664,https://openalex.org/A5071444583,Ragnar Fjelland
https://openalex.org/W4318586239,https://openalex.org/A5078715770,Haroon I. Sheikh
https://openalex.org/W4318586239,https://openalex.org/A5065530656,J.E.J. Prins
https://openalex.org/W4318586239,https://openalex.org/A5050294810,Erik Schrijvers
https://openalex.org/W4386607677,https://openalex.org/A5010629271,Michael W. Mullowney
https://openalex.org/W4386607677,https://openalex.org/A5088799398,Katherine Duncan
https://openalex.org/W4386607677,https://openalex.org/A5039735111,Somayah S. Elsayed
https://openalex.org/W4386607677,https://openalex.org/A5028170003,Neha Garg
https://openalex.org/W4386607677,https://openalex.org/A5075156076,Justin J. J. van der Hooft
https://openalex.org/W4386607677,https://openalex.org/A5088809877,Nathaniel I. Martin
https://openalex.org/W4386607677,https://openalex.org/A5071656104,David Meijer
https://openalex.org/W4386607677,https://openalex.org/A5024305342,Barbara R. Terlouw
https://openalex.org/W4386607677,https://openalex.org/A5036545419,Friederike Biermann
https://openalex.org/W4386607677,https://openalex.org/A5018360029,Kai Blin
https://openalex.org/W4386607677,https://openalex.org/A5040003101,Janani Durairaj
https://openalex.org/W4386607677,https://openalex.org/A5034098867,Marina Gorostiola González
https://openalex.org/W4386607677,https://openalex.org/A5062139071,Eric J. N. Helfrich
https://openalex.org/W4386607677,https://openalex.org/A5068532928,Florian G. Huber
https://openalex.org/W4386607677,https://openalex.org/A5000083420,Stefan Leopold‐Messer
https://openalex.org/W4386607677,https://openalex.org/A5017832889,Kohulan Rajan
https://openalex.org/W4386607677,https://openalex.org/A5057932106,Tristan de Rond
https://openalex.org/W4386607677,https://openalex.org/A5071037562,Jeffrey A. van Santen
https://openalex.org/W4386607677,https://openalex.org/A5067480046,Maria Sorokina
https://openalex.org/W4386607677,https://openalex.org/A5004705409,Marcy J. Balunas
https://openalex.org/W4386607677,https://openalex.org/A5025174604,Mehdi A. Beniddir
https://openalex.org/W4386607677,https://openalex.org/A5052134209,Doris A. van Bergeijk
https://openalex.org/W4386607677,https://openalex.org/A5089294584,Laura M. Carroll
https://openalex.org/W4386607677,https://openalex.org/A5044233702,Chase M. Clark
https://openalex.org/W4386607677,https://openalex.org/A5044662284,Djork-Arné Clevert
https://openalex.org/W4386607677,https://openalex.org/A5061884092,Chris A. Dejong
https://openalex.org/W4386607677,https://openalex.org/A5082019295,Chao Du
https://openalex.org/W4386607677,https://openalex.org/A5051244192,Scarlet Ferrinho
https://openalex.org/W4386607677,https://openalex.org/A5078946433,Francesca Grisoni
https://openalex.org/W4386607677,https://openalex.org/A5019402051,Albert Hofstetter
https://openalex.org/W4386607677,https://openalex.org/A5063810062,Willem Jespers
https://openalex.org/W4386607677,https://openalex.org/A5101632496,Olga V. Kalinina
https://openalex.org/W4386607677,https://openalex.org/A5003484549,Satria Ardhe Kautsar
https://openalex.org/W4386607677,https://openalex.org/A5100330218,Hyun Woo Kim
https://openalex.org/W4386607677,https://openalex.org/A5009980520,Tiago Leão
https://openalex.org/W4386607677,https://openalex.org/A5053342326,Joleen Masschelein
https://openalex.org/W4386607677,https://openalex.org/A5003134739,Evan R. Rees
https://openalex.org/W4386607677,https://openalex.org/A5077768594,Raphael Reher
https://openalex.org/W4386607677,https://openalex.org/A5020392456,Daniel Reker
https://openalex.org/W4386607677,https://openalex.org/A5028051805,Philippe Schwaller
https://openalex.org/W4386607677,https://openalex.org/A5007543032,Marwin Segler
https://openalex.org/W4386607677,https://openalex.org/A5045701956,Michael A. Skinnider
https://openalex.org/W4386607677,https://openalex.org/A5044272398,Allison S. Walker
https://openalex.org/W4386607677,https://openalex.org/A5060194743,Egon Willighagen
https://openalex.org/W4386607677,https://openalex.org/A5053048742,Barbara Zdrazil
https://openalex.org/W4386607677,https://openalex.org/A5058692862,Nadine Ziemert
https://openalex.org/W4386607677,https://openalex.org/A5073970185,Rebecca J. M. Goss
https://openalex.org/W4386607677,https://openalex.org/A5075789055,Pierre Guyomard
https://openalex.org/W4386607677,https://openalex.org/A5057416678,Andrea Volkamer
https://openalex.org/W4386607677,https://openalex.org/A5078651116,William H. Gerwick
https://openalex.org/W4386607677,https://openalex.org/A5048072583,Hyun Uk Kim
https://openalex.org/W4386607677,https://openalex.org/A5077818118,Rolf Müller
https://openalex.org/W4386607677,https://openalex.org/A5091052284,Gilles P. van Wezel
https://openalex.org/W4386607677,https://openalex.org/A5088996741,Gerard J. P. van Westen
https://openalex.org/W4386607677,https://openalex.org/A5082528019,Anna K. H. Hirsch
https://openalex.org/W4386607677,https://openalex.org/A5015133560,Roger G. Linington
https://openalex.org/W4386607677,https://openalex.org/A5004798651,Serina L. Robinson
https://openalex.org/W4386607677,https://openalex.org/A5034845813,Marnix H. Medema
https://openalex.org/W4362704894,https://openalex.org/A5057354021,Ramanpreet Kaur
https://openalex.org/W4362704894,https://openalex.org/A5109332668,Dušan Gabrijelčič
https://openalex.org/W4362704894,https://openalex.org/A5036098867,Tomaž Klobučar
https://openalex.org/W4229376924,https://openalex.org/A5054856064,Zachari Swiecki
https://openalex.org/W4229376924,https://openalex.org/A5007067645,Hassan Khosravi
https://openalex.org/W4229376924,https://openalex.org/A5074575547,Guanliang Chen
https://openalex.org/W4229376924,https://openalex.org/A5052017575,Roberto Martínez‐Maldonado
https://openalex.org/W4229376924,https://openalex.org/A5069874026,Jason M. Lodge
https://openalex.org/W4229376924,https://openalex.org/A5017363000,Sandra Milligan
https://openalex.org/W4229376924,https://openalex.org/A5003881064,Neil Selwyn
https://openalex.org/W4229376924,https://openalex.org/A5036855560,Dragan Gašević
https://openalex.org/W3123176014,https://openalex.org/A5012301204,Daron Acemoğlu
https://openalex.org/W3123176014,https://openalex.org/A5011062401,Pascual Restrepo
https://openalex.org/W2947151330,https://openalex.org/A5091413872,James Shaw
https://openalex.org/W2947151330,https://openalex.org/A5056256317,Frank Rudzicz
https://openalex.org/W2947151330,https://openalex.org/A5056882175,Trevor Jamieson
https://openalex.org/W2947151330,https://openalex.org/A5053397554,Avi Goldfarb
https://openalex.org/W3139363371,https://openalex.org/A5057024015,Anneke Zuiderwijk
https://openalex.org/W3139363371,https://openalex.org/A5049811950,Yu‐Che Chen
https://openalex.org/W3139363371,https://openalex.org/A5036413433,Fadi Salem
https://openalex.org/W4313527987,https://openalex.org/A5062903281,Özlem Özmen Garibay
https://openalex.org/W4313527987,https://openalex.org/A5058724676,Brent D. Winslow
https://openalex.org/W4313527987,https://openalex.org/A5051078868,Salvatore Andolina
https://openalex.org/W4313527987,https://openalex.org/A5016653929,Margherita Antona
https://openalex.org/W4313527987,https://openalex.org/A5024970701,Anja Bodenschatz
https://openalex.org/W4313527987,https://openalex.org/A5001589359,Constantinos K. Coursaris
https://openalex.org/W4313527987,https://openalex.org/A5052907259,Gregory J. Falco
https://openalex.org/W4313527987,https://openalex.org/A5040965331,Stephen M. Fiore
https://openalex.org/W4313527987,https://openalex.org/A5001663885,Ivan I. Garibay
https://openalex.org/W4313527987,https://openalex.org/A5007158173,Keri Grieman
https://openalex.org/W4313527987,https://openalex.org/A5006024485,John C. Havens
https://openalex.org/W4313527987,https://openalex.org/A5023741875,Marina Denise Jirotka
https://openalex.org/W4313527987,https://openalex.org/A5009475920,Hernisa Kacorri
https://openalex.org/W4313527987,https://openalex.org/A5068942141,Waldemar Karwowski
https://openalex.org/W4313527987,https://openalex.org/A5009147264,Joseph T. Kider
https://openalex.org/W4313527987,https://openalex.org/A5037387341,Joseph A. Konstan
https://openalex.org/W4313527987,https://openalex.org/A5069557536,Sean Koon
https://openalex.org/W4313527987,https://openalex.org/A5062849275,Mónica López-González
https://openalex.org/W4313527987,https://openalex.org/A5029972430,Iliana Maifeld-Carucci
https://openalex.org/W4313527987,https://openalex.org/A5030293975,Sean McGregor
https://openalex.org/W4313527987,https://openalex.org/A5109938578,Gavriel Salvendy
https://openalex.org/W4313527987,https://openalex.org/A5052623072,Ben Shneiderman
https://openalex.org/W4313527987,https://openalex.org/A5009270487,Constantine Stephanidis
https://openalex.org/W4313527987,https://openalex.org/A5051897790,Christina Strobel
https://openalex.org/W4313527987,https://openalex.org/A5012821517,Carolyn Ten Holter
https://openalex.org/W4390711247,https://openalex.org/A5100364149,Peng Zhang
https://openalex.org/W4390711247,https://openalex.org/A5025367353,Dingfan Zhang
https://openalex.org/W4390711247,https://openalex.org/A5044708050,Wuai Zhou
https://openalex.org/W4390711247,https://openalex.org/A5008244632,Lan Wang
https://openalex.org/W4390711247,https://openalex.org/A5100725038,Boyang Wang
https://openalex.org/W4390711247,https://openalex.org/A5100654803,Tingyu Zhang
https://openalex.org/W4390711247,https://openalex.org/A5076576399,Shao Li
https://openalex.org/W1892629070,https://openalex.org/A5108508284,Bruce G. Buchanan
https://openalex.org/W2969117470,https://openalex.org/A5051270771,Catherine Prentice
https://openalex.org/W2969117470,https://openalex.org/A5017673135,Xuequn Wang
https://openalex.org/W2166400110,https://openalex.org/A5026465320,Vincent C. Müller
https://openalex.org/W2166400110,https://openalex.org/A5027943191,Nick Bostrom
https://openalex.org/W2904000786,https://openalex.org/A5029134161,Jacques Bughin
https://openalex.org/W2904000786,https://openalex.org/A5027064666,Eric J. Hazan
https://openalex.org/W2904000786,https://openalex.org/A5103728143,Sree Ramaswamy
https://openalex.org/W2904000786,https://openalex.org/A5060977795,Michael Chui
https://openalex.org/W2904000786,https://openalex.org/A5084374483,Tera Allas
https://openalex.org/W2904000786,https://openalex.org/A5090847773,Peter Dahlström
https://openalex.org/W2904000786,https://openalex.org/A5079501241,Nicolaus Henke
https://openalex.org/W2904000786,https://openalex.org/A5081842080,Monica Trench
https://openalex.org/W4284898480,https://openalex.org/A5035661072,Anastassia Fedyk
https://openalex.org/W4284898480,https://openalex.org/A5076178296,James Hodson
https://openalex.org/W4284898480,https://openalex.org/A5063833611,Natalya V. Khimich
https://openalex.org/W4284898480,https://openalex.org/A5012658762,Tatiana Fedyk
https://openalex.org/W4200613736,https://openalex.org/A5063867123,Emily Allen
https://openalex.org/W4200613736,https://openalex.org/A5091176226,Ghislain St-Yves
https://openalex.org/W4200613736,https://openalex.org/A5102859232,Yihan Wu
https://openalex.org/W4200613736,https://openalex.org/A5077997412,Jesse L. Breedlove
https://openalex.org/W4200613736,https://openalex.org/A5020651119,Jacob S. Prince
https://openalex.org/W4200613736,https://openalex.org/A5012778867,Logan Thorne Dowdle
https://openalex.org/W4200613736,https://openalex.org/A5059564085,Matthias Nau
https://openalex.org/W4200613736,https://openalex.org/A5076230258,Bradley A. Caron
https://openalex.org/W4200613736,https://openalex.org/A5070135653,Franco Pestilli
https://openalex.org/W4200613736,https://openalex.org/A5086611624,Ian Charest
https://openalex.org/W4200613736,https://openalex.org/A5071599724,Ben Hutchinson
https://openalex.org/W4200613736,https://openalex.org/A5075909735,Thomas Naselaris
https://openalex.org/W4200613736,https://openalex.org/A5073966731,Kendrick Kay
https://openalex.org/W4297399257,https://openalex.org/A5027610555,Hui Wen Loh
https://openalex.org/W4297399257,https://openalex.org/A5056744112,Chui Ping Ooi
https://openalex.org/W4297399257,https://openalex.org/A5073818119,Silvia Seoni
https://openalex.org/W4297399257,https://openalex.org/A5016221020,Prabal Datta Barua
https://openalex.org/W4297399257,https://openalex.org/A5047035994,Filippo Molinari
https://openalex.org/W4297399257,https://openalex.org/A5074179735,U. Rajendra Acharya
https://openalex.org/W2785645041,https://openalex.org/A5017167212,James H. Thrall
https://openalex.org/W2785645041,https://openalex.org/A5100331094,Xiang Li
https://openalex.org/W2785645041,https://openalex.org/A5058429770,Quanzheng Li
https://openalex.org/W2785645041,https://openalex.org/A5081970642,Cinthia Cruz del Castillo
https://openalex.org/W2785645041,https://openalex.org/A5091480554,Synho Do
https://openalex.org/W2785645041,https://openalex.org/A5007809176,Keith J. Dreyer
https://openalex.org/W2785645041,https://openalex.org/A5082669859,James A. Brink
https://openalex.org/W3152594952,https://openalex.org/A5039869643,Charlene Ronquillo
https://openalex.org/W3152594952,https://openalex.org/A5076198521,Lisiane Pruinelli
https://openalex.org/W3152594952,https://openalex.org/A5072994743,Charlene H. Chu
https://openalex.org/W3152594952,https://openalex.org/A5038579832,Suzanne R. Bakken
https://openalex.org/W3152594952,https://openalex.org/A5066382090,Ana Beduschi
https://openalex.org/W3152594952,https://openalex.org/A5048937462,Kenrick Cato
https://openalex.org/W3152594952,https://openalex.org/A5075893463,Nicholas R. Hardiker
https://openalex.org/W3152594952,https://openalex.org/A5037129956,Alain Junger
https://openalex.org/W3152594952,https://openalex.org/A5074088845,Martin Michalowski
https://openalex.org/W3152594952,https://openalex.org/A5022347019,Rune Nyrup
https://openalex.org/W3152594952,https://openalex.org/A5024597650,Samira Abbasgholizadeh Rahimi
https://openalex.org/W3152594952,https://openalex.org/A5019140636,Donald Nigel Reed
https://openalex.org/W3152594952,https://openalex.org/A5105839982,Tapio Salakoski
https://openalex.org/W3152594952,https://openalex.org/A5077864708,Sanna Salanterä
https://openalex.org/W3152594952,https://openalex.org/A5040348364,Nancy A. Walton
https://openalex.org/W3152594952,https://openalex.org/A5101753067,Patrick Weber
https://openalex.org/W3152594952,https://openalex.org/A5034084717,Thomas Wiegand
https://openalex.org/W3152594952,https://openalex.org/A5021465135,Maxim Topaz
https://openalex.org/W3027201985,https://openalex.org/A5100644664,Wenzhong Shi
https://openalex.org/W3027201985,https://openalex.org/A5012727269,Min Zhang
https://openalex.org/W3027201985,https://openalex.org/A5100421978,Rui Zhang
https://openalex.org/W3027201985,https://openalex.org/A5101949052,Shanxiong Chen
https://openalex.org/W3027201985,https://openalex.org/A5101585032,Zhao Zhan
https://openalex.org/W4322761615,https://openalex.org/A5032622638,Günther Eysenbach
https://openalex.org/W3038002524,https://openalex.org/A5033299848,W. Holmes
https://openalex.org/W3180969989,https://openalex.org/A5047675331,Michael Veale
https://openalex.org/W3180969989,https://openalex.org/A5024850801,Frederik Zuiderveen Borgesius
https://openalex.org/W2241862190,https://openalex.org/A5110621904,Jöerg Hoffmann
https://openalex.org/W2241862190,https://openalex.org/A5105461279,Bart Selman
https://openalex.org/W2915292867,https://openalex.org/A5042431726,Alex John London
https://openalex.org/W4229447215,https://openalex.org/A5065953780,Yujie You
https://openalex.org/W4229447215,https://openalex.org/A5010224302,Xin Lai
https://openalex.org/W4229447215,https://openalex.org/A5101465265,Yi Feng Pan
https://openalex.org/W4229447215,https://openalex.org/A5024401909,Huiru Zheng
https://openalex.org/W4229447215,https://openalex.org/A5067743298,Julio Vera
https://openalex.org/W4229447215,https://openalex.org/A5081639692,Suran Liu
https://openalex.org/W4229447215,https://openalex.org/A5004289873,Senyi Deng
https://openalex.org/W4229447215,https://openalex.org/A5100350625,Le Zhang
https://openalex.org/W3085537935,https://openalex.org/A5109246682,Philipp S. Schmidt
https://openalex.org/W3085537935,https://openalex.org/A5024953386,Felix Bießmann
https://openalex.org/W3085537935,https://openalex.org/A5032379397,Timm Teubner
https://openalex.org/W1441180700,https://openalex.org/A5055919278,Matthew U. Scherer
https://openalex.org/W4247767351,https://openalex.org/A5069634632,Jerry Kaplan
https://openalex.org/W3157202711,https://openalex.org/A5018154366,Benjamin Harris Kann
https://openalex.org/W3157202711,https://openalex.org/A5057166759,Ahmed Hosny
https://openalex.org/W3157202711,https://openalex.org/A5001452511,Hugo J.W.L. Aerts
https://openalex.org/W4280572991,https://openalex.org/A5032536669,Baptiste Vasey
https://openalex.org/W4280572991,https://openalex.org/A5044695496,Myura Nagendran
https://openalex.org/W4280572991,https://openalex.org/A5017416460,Bruce K Campbell
https://openalex.org/W4280572991,https://openalex.org/A5040302008,David Andrew Clifton
https://openalex.org/W4280572991,https://openalex.org/A5060891981,Professor Gary S. Collins
https://openalex.org/W4280572991,https://openalex.org/A5073010916,Spiros Denaxas
https://openalex.org/W4280572991,https://openalex.org/A5074056939,Alastair Keith Denniston
https://openalex.org/W4280572991,https://openalex.org/A5047970595,Livia Faes
https://openalex.org/W4280572991,https://openalex.org/A5047718304,Bart Geerts
https://openalex.org/W4280572991,https://openalex.org/A5036491098,Mudathir Ibrahim
https://openalex.org/W4280572991,https://openalex.org/A5041641749,Xiaoxuan Liu
https://openalex.org/W4280572991,https://openalex.org/A5080362125,Bilal Akhter Mateen
https://openalex.org/W4280572991,https://openalex.org/A5050110511,Piyush Mathur
https://openalex.org/W4280572991,https://openalex.org/A5063981686,Melissa D. McCradden
https://openalex.org/W4280572991,https://openalex.org/A5022476075,Lauren J. Morgan
https://openalex.org/W4280572991,https://openalex.org/A5070657084,Johan Ordish
https://openalex.org/W4280572991,https://openalex.org/A5043589105,Campbell Rogers
https://openalex.org/W4280572991,https://openalex.org/A5055371276,Suchi Saria
https://openalex.org/W4280572991,https://openalex.org/A5032625133,Daniel Shu Wei Ting
https://openalex.org/W4280572991,https://openalex.org/A5013117957,Peter Watkinson
https://openalex.org/W4280572991,https://openalex.org/A5080724415,Wim Weber
https://openalex.org/W4280572991,https://openalex.org/A5007617782,Peter Wheatstone
https://openalex.org/W4280572991,https://openalex.org/A5090239291,Peter G. McCulloch
https://openalex.org/W4280572991,https://openalex.org/A5029283104,Aaron Lee
https://openalex.org/W4280572991,https://openalex.org/A5046380772,Alan G. Fraser
https://openalex.org/W4280572991,https://openalex.org/A5089974038,Ali Connell
https://openalex.org/W4280572991,https://openalex.org/A5007013067,Alykhan Vira
https://openalex.org/W4280572991,https://openalex.org/A5070015743,Andre Esteva
https://openalex.org/W4280572991,https://openalex.org/A5013083237,Andrew D. Althouse
https://openalex.org/W4280572991,https://openalex.org/A5077007622,Andrew L. Beam
https://openalex.org/W4280572991,https://openalex.org/A5079724469,Anne de Hond
https://openalex.org/W4280572991,https://openalex.org/A5015152016,Anne‐Laure Boulesteix
https://openalex.org/W4280572991,https://openalex.org/A5011027259,Anthony Bradlow
https://openalex.org/W4280572991,https://openalex.org/A5027793258,Ari Ercole
https://openalex.org/W4280572991,https://openalex.org/A5030765551,Arsenio Páez
https://openalex.org/W4280572991,https://openalex.org/A5076281912,Athanasios Tsanas
https://openalex.org/W4280572991,https://openalex.org/A5060180528,Barry Kirby
https://openalex.org/W4280572991,https://openalex.org/A5007222325,Ben Glocker
https://openalex.org/W4280572991,https://openalex.org/A5013847118,Carmelo Velardo
https://openalex.org/W4280572991,https://openalex.org/A5089624618,Chang Min Park
https://openalex.org/W4280572991,https://openalex.org/A5011187635,Charisma Hehakaya
https://openalex.org/W4280572991,https://openalex.org/A5080376515,Chris Baber
https://openalex.org/W4280572991,https://openalex.org/A5064467412,Chris Paton
https://openalex.org/W4280572991,https://openalex.org/A5018912516,Christian Johner
https://openalex.org/W4280572991,https://openalex.org/A5026540467,Christopher J. Kelly
https://openalex.org/W4280572991,https://openalex.org/A5084571119,Christopher Yau
https://openalex.org/W4280572991,https://openalex.org/A5029472496,Clare McGenity
https://openalex.org/W4280572991,https://openalex.org/A5111944357,Constantine Gatsonis
https://openalex.org/W4280572991,https://openalex.org/A5007868555,Corinne Faivre Finn
https://openalex.org/W4280572991,https://openalex.org/A5032723717,Crispin Simon
https://openalex.org/W4280572991,https://openalex.org/A5024225122,Danielle Sent
https://openalex.org/W4280572991,https://openalex.org/A5051587217,Danilo Bzdok
https://openalex.org/W4280572991,https://openalex.org/A5001235418,Darren E. Treanor
https://openalex.org/W4280572991,https://openalex.org/A5035842420,David C. M. Wong
https://openalex.org/W4280572991,https://openalex.org/A5003475212,David F. Steiner
https://openalex.org/W4280572991,https://openalex.org/A5002313261,David Higgins
https://openalex.org/W4280572991,https://openalex.org/A5027021421,Dawn Benson
https://openalex.org/W4280572991,https://openalex.org/A5068696789,Declan P. O’Regan
https://openalex.org/W4280572991,https://openalex.org/A5047420764,Dinesh V. Gunasekaran
https://openalex.org/W4280572991,https://openalex.org/A5059874653,Dominic Danks
https://openalex.org/W4280572991,https://openalex.org/A5052715111,Emanuele Neri
https://openalex.org/W4280572991,https://openalex.org/A5009391751,Evangelia Kyrimi
https://openalex.org/W4280572991,https://openalex.org/A5063934370,Falk Schwendicke
https://openalex.org/W4280572991,https://openalex.org/A5036279488,Farah Magrabi
https://openalex.org/W4280572991,https://openalex.org/A5046325385,Frances Ives
https://openalex.org/W4280572991,https://openalex.org/A5018345998,Frank E Rademakers
https://openalex.org/W4280572991,https://openalex.org/A5040128556,G Fowler
https://openalex.org/W4280572991,https://openalex.org/A5087088811,Giuseppe Frau
https://openalex.org/W4280572991,https://openalex.org/A5043873483,Henry David Jeffry Hogg
https://openalex.org/W4280572991,https://openalex.org/A5076899222,Hani Joseph Marcus
https://openalex.org/W4280572991,https://openalex.org/A5027247097,Heang‐Ping Chan
https://openalex.org/W4280572991,https://openalex.org/A5006116210,Henry Xiang
https://openalex.org/W4280572991,https://openalex.org/A5035278944,Hugh Farrell McIntyre
https://openalex.org/W4280572991,https://openalex.org/A5010957359,Hugh Harvey
https://openalex.org/W4280572991,https://openalex.org/A5100684518,Hyungjin Kim
https://openalex.org/W4280572991,https://openalex.org/A5017840476,Ibrahim Habli
https://openalex.org/W4280572991,https://openalex.org/A5002209208,James C. Fackler
https://openalex.org/W4280572991,https://openalex.org/A5091413872,James Shaw
https://openalex.org/W4280572991,https://openalex.org/A5000787662,Janet Higham
https://openalex.org/W4280572991,https://openalex.org/A5050280415,Jared M. Wohlgemut
https://openalex.org/W4280572991,https://openalex.org/A5075528447,Jaron Chong
https://openalex.org/W4280572991,https://openalex.org/A5066864566,Jean‐Emmanuel Bibault
https://openalex.org/W4280572991,https://openalex.org/A5053261079,Jérémie F. Cohen
https://openalex.org/W4280572991,https://openalex.org/A5016991213,Jesper Kers
https://openalex.org/W4280572991,https://openalex.org/A5014136509,Jessica Morley
https://openalex.org/W4280572991,https://openalex.org/A5065895211,Joachim Krois
https://openalex.org/W4280572991,https://openalex.org/A5090804716,João Monteiro
https://openalex.org/W4280572991,https://openalex.org/A5074007145,Joel Horovitz
https://openalex.org/W4280572991,https://openalex.org/A5032105571,John Fletcher
https://openalex.org/W4280572991,https://openalex.org/A5036194594,Jonathan W. Taylor
https://openalex.org/W4280572991,https://openalex.org/A5065194895,Jung Hyun Yoon
https://openalex.org/W4280572991,https://openalex.org/A5005447484,Karandeep Singh
https://openalex.org/W4280572991,https://openalex.org/A5083104697,Karel G.M. Moons
https://openalex.org/W4280572991,https://openalex.org/A5089344753,Kassandra Karpathakis
https://openalex.org/W4280572991,https://openalex.org/A5079492026,Ken Catchpole
https://openalex.org/W4280572991,https://openalex.org/A5002227290,Kerenza Hood
https://openalex.org/W4280572991,https://openalex.org/A5015881286,Konstantinos Balaskas
https://openalex.org/W4280572991,https://openalex.org/A5001104721,Konstantinos Kamnitsas
https://openalex.org/W4297093142,https://openalex.org/A5013041617,Matthias Carl Laupichler
https://openalex.org/W4297093142,https://openalex.org/A5019405964,Alexandra Aster
https://openalex.org/W4297093142,https://openalex.org/A5079064382,Jana Schirch
https://openalex.org/W4297093142,https://openalex.org/A5035935031,Tobias Raupach
https://openalex.org/W4315880904,https://openalex.org/A5100436646,Jie Zhang
https://openalex.org/W4315880904,https://openalex.org/A5103246273,Zongming Zhang
https://openalex.org/W3036453007,https://openalex.org/A5059680425,Arun Das
https://openalex.org/W3036453007,https://openalex.org/A5114027757,Paul Rad
https://openalex.org/W2985900875,https://openalex.org/A5101664770,Kevin D. Ashley
https://openalex.org/W4319790168,https://openalex.org/A5023880578,Thomas K. F. Chiu
https://openalex.org/W4319790168,https://openalex.org/A5025111510,Benjamin Luke Moorhouse
https://openalex.org/W4319790168,https://openalex.org/A5035167001,Ching Sing Chai
https://openalex.org/W4319790168,https://openalex.org/A5032548859,Murod Ismailov
https://openalex.org/W4319454440,https://openalex.org/A5084408739,Bangul Khan
https://openalex.org/W4319454440,https://openalex.org/A5020326670,Hajira Fatima
https://openalex.org/W4319454440,https://openalex.org/A5018196325,Ayatullah Qureshi
https://openalex.org/W4319454440,https://openalex.org/A5080151888,Sanjay Kumar
https://openalex.org/W4319454440,https://openalex.org/A5051360478,Abdul Hanan
https://openalex.org/W4319454440,https://openalex.org/A5100733098,Jawad S. Hussain
https://openalex.org/W4319454440,https://openalex.org/A5011395252,Saad Abdullah
https://openalex.org/W3037880470,https://openalex.org/A5017837767,Arnaud De Bruyn
https://openalex.org/W3037880470,https://openalex.org/A5083338507,Vijay Viswanathan
https://openalex.org/W3037880470,https://openalex.org/A5051548449,Yean Shan Beh
https://openalex.org/W3037880470,https://openalex.org/A5071810855,Jürgen Kai‐Uwe Brock
https://openalex.org/W3037880470,https://openalex.org/A5060761466,Florian von Wangenheim
https://openalex.org/W3093718041,https://openalex.org/A5070433751,Roberto Confalonieri
https://openalex.org/W3093718041,https://openalex.org/A5060454956,Ludovik Çoba
https://openalex.org/W3093718041,https://openalex.org/A5039431217,B.J. Wagner
https://openalex.org/W3093718041,https://openalex.org/A5009626533,Tarek R. Besold
https://openalex.org/W2977797911,https://openalex.org/A5078359928,Meng Hao
https://openalex.org/W2977797911,https://openalex.org/A5100325334,Hongwei Li
https://openalex.org/W2977797911,https://openalex.org/A5066189295,Xizhao Luo
https://openalex.org/W2977797911,https://openalex.org/A5046950426,Guowen Xu
https://openalex.org/W2977797911,https://openalex.org/A5048390686,Haomiao Yang
https://openalex.org/W2977797911,https://openalex.org/A5100358497,Sen Liu
https://openalex.org/W3029881688,https://openalex.org/A5044037386,Davide Cirillo
https://openalex.org/W3029881688,https://openalex.org/A5015502598,Silvina Catuara‐Solarz
https://openalex.org/W3029881688,https://openalex.org/A5005168719,Czuee Morey
https://openalex.org/W3029881688,https://openalex.org/A5005406523,Emre Güney
https://openalex.org/W3029881688,https://openalex.org/A5042895080,Laia Subirats
https://openalex.org/W3029881688,https://openalex.org/A5031324327,Simona Mellino
https://openalex.org/W3029881688,https://openalex.org/A5068988087,Annalisa Gigante
https://openalex.org/W3029881688,https://openalex.org/A5015217651,Alfonso Valencia
https://openalex.org/W3029881688,https://openalex.org/A5006463369,María José Rementeria
https://openalex.org/W3029881688,https://openalex.org/A5030966278,Antonella Santuccione Chadha
https://openalex.org/W3029881688,https://openalex.org/A5000536361,Nikolaos Mavridis
https://openalex.org/W3025370095,https://openalex.org/A5025924166,Yuqi Guo
https://openalex.org/W3025370095,https://openalex.org/A5102929918,Zhichao Hao
https://openalex.org/W3025370095,https://openalex.org/A5074823224,Shichong Zhao
https://openalex.org/W3025370095,https://openalex.org/A5032219874,Jiaqi Gong
https://openalex.org/W3025370095,https://openalex.org/A5028076343,Fan Yang
https://openalex.org/W2595724883,https://openalex.org/A5012483737,Matthew Crosby
https://openalex.org/W2595724883,https://openalex.org/A5085737296,Ronald P. A. Petrick
https://openalex.org/W3204013916,https://openalex.org/A5008634169,Vipul A. Baxi
https://openalex.org/W3204013916,https://openalex.org/A5074629137,Robin H. Edwards
https://openalex.org/W3204013916,https://openalex.org/A5079058585,Michael Montalto
https://openalex.org/W3204013916,https://openalex.org/A5064653671,Saurabh Saha
https://openalex.org/W3176680278,https://openalex.org/A5100364113,Peng Zhang
https://openalex.org/W3176680278,https://openalex.org/A5040192894,Zhiling Guo
https://openalex.org/W3176680278,https://openalex.org/A5087122144,Sami Ullah
https://openalex.org/W3176680278,https://openalex.org/A5053054748,Georgia Melagraki
https://openalex.org/W3176680278,https://openalex.org/A5088194977,Antreas Afantitis
https://openalex.org/W3176680278,https://openalex.org/A5085054719,Iseult Lynch
https://openalex.org/W2901743512,https://openalex.org/A5090308906,Alejandro Rodríguez‐Ruiz
https://openalex.org/W2901743512,https://openalex.org/A5060896454,Elizabeth Anne Krupinski
https://openalex.org/W2901743512,https://openalex.org/A5090335151,Jan‐Jurre Mordang
https://openalex.org/W2901743512,https://openalex.org/A5055564029,Kathy J. Schilling
https://openalex.org/W2901743512,https://openalex.org/A5066609446,Sylvia Helen Heywang-Köbrunner
https://openalex.org/W2901743512,https://openalex.org/A5079270012,Ioannis Sechopoulos
https://openalex.org/W2901743512,https://openalex.org/A5073381909,Ritse M. Mann
https://openalex.org/W4401587065,https://openalex.org/A5045245219,Sandeep Singh Sengar
https://openalex.org/W4401587065,https://openalex.org/A5056590849,Affan Bin Hasan
https://openalex.org/W4401587065,https://openalex.org/A5100741896,Sanjay Kumar
https://openalex.org/W4401587065,https://openalex.org/A5066690479,Fiona Carroll
https://openalex.org/W2899314786,https://openalex.org/A5009857138,Martin J. Willemink
https://openalex.org/W2899314786,https://openalex.org/A5050134612,Peter Benjamin Noël
https://openalex.org/W2806834952,https://openalex.org/A5015595343,Nic Fleming
https://openalex.org/W4386693657,https://openalex.org/A5081442873,Stefan Feuerriegel
https://openalex.org/W4386693657,https://openalex.org/A5062843383,Jochen Hartmann
https://openalex.org/W4386693657,https://openalex.org/A5048865769,Christian Janiesch
https://openalex.org/W4386693657,https://openalex.org/A5045400933,Patrick Zschech
https://openalex.org/W4384464487,https://openalex.org/A5079685686,Cecilia Ka Yuk Chan
https://openalex.org/W4384464487,https://openalex.org/A5018198927,Wenjie Hu
https://openalex.org/W4366817968,https://openalex.org/A5038255653,Erik Brynjolfsson
https://openalex.org/W4366817968,https://openalex.org/A5026868319,Danielle Li
https://openalex.org/W4366817968,https://openalex.org/A5088662762,Lindsey Raymond
https://openalex.org/W4407142724,https://openalex.org/A5038255653,Erik Brynjolfsson
https://openalex.org/W4407142724,https://openalex.org/A5026868319,Danielle Li
https://openalex.org/W4407142724,https://openalex.org/A5088662762,Lindsey Raymond
https://openalex.org/W4385071300,https://openalex.org/A5061450492,Fiona Fui‐Hoon Nah
https://openalex.org/W4385071300,https://openalex.org/A5103156292,Ruilin Zheng
https://openalex.org/W4385071300,https://openalex.org/A5101816829,Jingyuan Cai
https://openalex.org/W4385071300,https://openalex.org/A5013335372,Keng Leng Siau
https://openalex.org/W4385071300,https://openalex.org/A5049585534,Langtao Chen
https://openalex.org/W4322617812,https://openalex.org/A5045594204,Weng Marc Lim
https://openalex.org/W4322617812,https://openalex.org/A5006318512,Asanka N. Gunasekara
https://openalex.org/W4322617812,https://openalex.org/A5079637636,Jessica Leigh Pallant
https://openalex.org/W4322617812,https://openalex.org/A5088789396,Jason Ian Pallant
https://openalex.org/W4322617812,https://openalex.org/A5086275283,Ekaterina Pechenkina
https://openalex.org/W4360620450,https://openalex.org/A5048622877,Yogesh Kumar Dwivedi
https://openalex.org/W4360620450,https://openalex.org/A5025481201,Nir Kshetri
https://openalex.org/W4360620450,https://openalex.org/A5072512285,Laurie Hughes
https://openalex.org/W4360620450,https://openalex.org/A5081524121,Emma Louise Slade
https://openalex.org/W4360620450,https://openalex.org/A5057695278,Anand Jeyaraj
https://openalex.org/W4360620450,https://openalex.org/A5061235109,Arpan Kumar Kar
https://openalex.org/W4360620450,https://openalex.org/A5017453435,Abdullah Mohammed Baabdullah
https://openalex.org/W4360620450,https://openalex.org/A5008571658,Alex A. Koohang
https://openalex.org/W4360620450,https://openalex.org/A5050603102,Vishnupriya Raghavan
https://openalex.org/W4360620450,https://openalex.org/A5018408477,Manju K. Ahuja
https://openalex.org/W4360620450,https://openalex.org/A5078874795,Hanaa Albanna
https://openalex.org/W4360620450,https://openalex.org/A5019826465,Mousa Ahmad Albashrawi
https://openalex.org/W4360620450,https://openalex.org/A5057159975,Adil S. Al-Busaidi
https://openalex.org/W4360620450,https://openalex.org/A5033683059,Janarthanan Balakrishnan
https://openalex.org/W4360620450,https://openalex.org/A5041516869,Yves Barlette
https://openalex.org/W4360620450,https://openalex.org/A5056774275,Sriparna Basu
https://openalex.org/W4360620450,https://openalex.org/A5045996720,Indranil Bose
https://openalex.org/W4360620450,https://openalex.org/A5049268821,Laurence Brooks
https://openalex.org/W4360620450,https://openalex.org/A5068663980,Dimitrios Buhalis
https://openalex.org/W4360620450,https://openalex.org/A5067377847,Lemuria D. Carter
https://openalex.org/W4360620450,https://openalex.org/A5067653484,Soumyadeb Chowdhury
https://openalex.org/W4360620450,https://openalex.org/A5015452463,Tom Crick
https://openalex.org/W4360620450,https://openalex.org/A5000045142,Scott W. Cunningham
https://openalex.org/W4360620450,https://openalex.org/A5104108927,Gareth H. Davies
https://openalex.org/W4360620450,https://openalex.org/A5006120288,Robert M. Davison
https://openalex.org/W4360620450,https://openalex.org/A5113796817,Rahul Dé
https://openalex.org/W4360620450,https://openalex.org/A5083528596,Denis Dennehy
https://openalex.org/W4360620450,https://openalex.org/A5032994640,Yanqing Duan
https://openalex.org/W4360620450,https://openalex.org/A5074611888,Rameshwar Dubey
https://openalex.org/W4360620450,https://openalex.org/A5070017829,Rohita Dwivedi
https://openalex.org/W4360620450,https://openalex.org/A5007695310,John Steven Edwards
https://openalex.org/W4360620450,https://openalex.org/A5044113079,Carlos Flavián
https://openalex.org/W4360620450,https://openalex.org/A5065964282,Robin D. C. Gauld
https://openalex.org/W4360620450,https://openalex.org/A5103134481,Varun Grover
https://openalex.org/W4360620450,https://openalex.org/A5112818613,Mei‐Chih Hu
https://openalex.org/W4360620450,https://openalex.org/A5062073470,Marijn Janssen
https://openalex.org/W4360620450,https://openalex.org/A5080152304,Paul Jones
https://openalex.org/W4360620450,https://openalex.org/A5001364826,Iris A. Junglas
https://openalex.org/W4360620450,https://openalex.org/A5086148004,Sangeeta Khorana
https://openalex.org/W4360620450,https://openalex.org/A5055158022,Sascha Kraus
https://openalex.org/W4360620450,https://openalex.org/A5075496480,Kai R. T. Larsen
https://openalex.org/W4360620450,https://openalex.org/A5109602539,Paul Latreille
https://openalex.org/W4360620450,https://openalex.org/A5107936554,Sven Laumer
https://openalex.org/W4360620450,https://openalex.org/A5090009163,Tegwen Malik
https://openalex.org/W4360620450,https://openalex.org/A5033150664,Abbas Mardani
https://openalex.org/W4360620450,https://openalex.org/A5108091448,Marcello Mariani
https://openalex.org/W4360620450,https://openalex.org/A5086635152,Sunil Mithas
https://openalex.org/W4360620450,https://openalex.org/A5082000265,Emmanuel Mogaji
https://openalex.org/W4360620450,https://openalex.org/A5070124847,Jeretta Horn Nord
https://openalex.org/W4360620450,https://openalex.org/A5067043429,Siobhan M. O'Connor
https://openalex.org/W4360620450,https://openalex.org/A5049773475,Fevzi Okumuş
https://openalex.org/W4360620450,https://openalex.org/A5074068450,Margherita Pagani
https://openalex.org/W4360620450,https://openalex.org/A5035078504,Neeraj Pandey
https://openalex.org/W4360620450,https://openalex.org/A5006679927,Savvas Papagiannidis
https://openalex.org/W4360620450,https://openalex.org/A5080505347,Ilias O. Pappas
https://openalex.org/W4360620450,https://openalex.org/A5108072182,Nishith Pathak
https://openalex.org/W4360620450,https://openalex.org/A5074257477,Jan Pries‐Heje
https://openalex.org/W4360620450,https://openalex.org/A5072261829,Ramakrishnan Raman
https://openalex.org/W4360620450,https://openalex.org/A5034248834,Nripendra Pratap Rana
https://openalex.org/W4360620450,https://openalex.org/A5011882746,Sven‐Volker Rehm
https://openalex.org/W4360620450,https://openalex.org/A5006215958,Samuel Ribeiro Navarrete
https://openalex.org/W4360620450,https://openalex.org/A5061717541,Alexander Richter
https://openalex.org/W4360620450,https://openalex.org/A5056984467,Frantz Rowe
https://openalex.org/W4360620450,https://openalex.org/A5060897112,Suprateek Sarker
https://openalex.org/W4360620450,https://openalex.org/A5042194412,Bernd Carsten Stahl
https://openalex.org/W4360620450,https://openalex.org/A5101785022,Manoj Kumar Tiwari
https://openalex.org/W4360620450,https://openalex.org/A5066883978,Wil. M. P. van der Aalst
https://openalex.org/W4360620450,https://openalex.org/A5065568454,Giampaolo Viglia
https://openalex.org/W4360620450,https://openalex.org/A5008575290,Michael R. Wade
https://openalex.org/W4360620450,https://openalex.org/A5109157215,Paul Walton
https://openalex.org/W4360620450,https://openalex.org/A5064998398,Jochen Wirtz
https://openalex.org/W4360620450,https://openalex.org/A5060691228,Ryan T. Wright
https://openalex.org/W4383346782,https://openalex.org/A5064145018,Bertalan Meskó
https://openalex.org/W4383346782,https://openalex.org/A5084515381,Eric J. Topol
https://openalex.org/W4399083018,https://openalex.org/A5101381944,Anjanava Biswas
https://openalex.org/W4399083018,https://openalex.org/A5098910558,Wrick Talukdar
https://openalex.org/W4380769213,https://openalex.org/A5076651767,Ziv Epstein
https://openalex.org/W4380769213,https://openalex.org/A5061237128,Aaron Hertzmann
https://openalex.org/W4380769213,https://openalex.org/A5000514476,Memo Akten
https://openalex.org/W4380769213,https://openalex.org/A5102969395,Hany Farid
https://openalex.org/W4380769213,https://openalex.org/A5039967262,Jessica Fjeld
https://openalex.org/W4380769213,https://openalex.org/A5012787401,Morgan R. Frank
https://openalex.org/W4380769213,https://openalex.org/A5042355795,Matthew Groh
https://openalex.org/W4380769213,https://openalex.org/A5036678671,Laura Mariah Herman
https://openalex.org/W4380769213,https://openalex.org/A5022899547,Neil Leach
https://openalex.org/W4380769213,https://openalex.org/A5028144841,Robert Mahari
https://openalex.org/W4380769213,https://openalex.org/A5007176508,Alex Pentland
https://openalex.org/W4380769213,https://openalex.org/A5022811687,Olga Russakovsky
https://openalex.org/W4380769213,https://openalex.org/A5018646665,Hope Schroeder
https://openalex.org/W4380769213,https://openalex.org/A5057379107,Amy Smith
https://openalex.org/W4386098991,https://openalex.org/A5077933411,Rosario Michel‐Villarreal
https://openalex.org/W4386098991,https://openalex.org/A5022657282,Eliseo Luis Vilalta-perdomo
https://openalex.org/W4386098991,https://openalex.org/A5063068737,David Ernesto Salinas-Navarro
https://openalex.org/W4386098991,https://openalex.org/A5068726068,Ricardo Thierry-Aguilera
https://openalex.org/W4386098991,https://openalex.org/A5009987074,Flor Silvestre Gerardou
https://openalex.org/W4319332853,https://openalex.org/A5083775697,Chris Stokel-Walker
https://openalex.org/W4319332853,https://openalex.org/A5109902915,Richard Van Noorden
https://openalex.org/W4400578758,https://openalex.org/A5011170431,Anil Rajnikant Doshi
https://openalex.org/W4400578758,https://openalex.org/A5027074094,Oliver Hauser
https://openalex.org/W4385452929,https://openalex.org/A5047952246,Maanak Gupta
https://openalex.org/W4385452929,https://openalex.org/A5092401086,Charankumar Akiri
https://openalex.org/W4385452929,https://openalex.org/A5005398538,Kshitiz Aryal
https://openalex.org/W4385452929,https://openalex.org/A5112952983,Eli Parker
https://openalex.org/W4385452929,https://openalex.org/A5034235259,Lopamudra Praharaj
https://openalex.org/W4392168151,https://openalex.org/A5081166809,Haotian Cui
https://openalex.org/W4392168151,https://openalex.org/A5010534603,Hassaan Maan
https://openalex.org/W4392168151,https://openalex.org/A5065649249,Kuan Pang
https://openalex.org/W4392168151,https://openalex.org/A5101237456,Fengning Luo
https://openalex.org/W4392168151,https://openalex.org/A5042018181,Nan Duan
https://openalex.org/W4392168151,https://openalex.org/A5100408160,Bo Wang
https://openalex.org/W4321368061,https://openalex.org/A5009660887,Damian Eke
https://openalex.org/W4377227441,https://openalex.org/A5037574053,Junaid Qadir
https://openalex.org/W4366489368,https://openalex.org/A5012595132,Jiahong Su
https://openalex.org/W4366489368,https://openalex.org/A5018039023,Weipeng Yang
https://openalex.org/W4386069852,https://openalex.org/A5069102532,Punya Mishra
https://openalex.org/W4386069852,https://openalex.org/A5052064659,Melissa Warr
https://openalex.org/W4386069852,https://openalex.org/A5092675353,Rezwana Islam
https://openalex.org/W4385416665,https://openalex.org/A5047345391,Ajay Bandi
https://openalex.org/W4385416665,https://openalex.org/A5092780821,Pydi Venkata Satya Ramesh Adapa
https://openalex.org/W4385416665,https://openalex.org/A5092780822,Yudu Eswar Vinay Pratap Kumar Kuchi
https://openalex.org/W4402128637,https://openalex.org/A5029977269,Michail N. Giannakos
https://openalex.org/W4402128637,https://openalex.org/A5019212451,Roger Azevedo
https://openalex.org/W4402128637,https://openalex.org/A5037674585,Peter L. Brusilovsky
https://openalex.org/W4402128637,https://openalex.org/A5010726815,Mutlu Cukurova
https://openalex.org/W4402128637,https://openalex.org/A5091148039,Yannis A. Dimitriadis
https://openalex.org/W4402128637,https://openalex.org/A5032351358,Davinia Hernández‐Leo
https://openalex.org/W4402128637,https://openalex.org/A5054198262,Sanna Järvelä
https://openalex.org/W4402128637,https://openalex.org/A5001848205,Manolis Mavrikis
https://openalex.org/W4402128637,https://openalex.org/A5008962923,Bart Rienties
https://openalex.org/W4386417345,https://openalex.org/A5023880578,Thomas K. F. Chiu
https://openalex.org/W4386141641,https://openalex.org/A5100364185,Peng Zhang
https://openalex.org/W4386141641,https://openalex.org/A5065974086,Maged N. Kamel Boulos
https://openalex.org/W4392851477,https://openalex.org/A5018021666,Sandeep Reddy
https://openalex.org/W4380319827,https://openalex.org/A5021479029,Philipp Hacker
https://openalex.org/W4380319827,https://openalex.org/A5101894147,Andreas Engel
https://openalex.org/W4380319827,https://openalex.org/A5048488480,Marco Mauer
https://openalex.org/W4383498485,https://openalex.org/A5036461290,Christof Ebert
https://openalex.org/W4383498485,https://openalex.org/A5065365299,Πάνος Λουρίδας
https://openalex.org/W4399567248,https://openalex.org/A5074001163,Ming Y. Lu
https://openalex.org/W4399567248,https://openalex.org/A5100675173,Bowen Chen
https://openalex.org/W4399567248,https://openalex.org/A5050925115,Drew F. K. Williamson
https://openalex.org/W4399567248,https://openalex.org/A5054665212,Richard J. Chen
https://openalex.org/W4399567248,https://openalex.org/A5033150413,Melissa M. Zhao
https://openalex.org/W4399567248,https://openalex.org/A5047915338,Aaron K. Chow
https://openalex.org/W4399567248,https://openalex.org/A5035905820,Kenji Ikemura
https://openalex.org/W4399567248,https://openalex.org/A5031275956,Ahrong Kim
https://openalex.org/W4399567248,https://openalex.org/A5031556491,Dimitra Pouli
https://openalex.org/W4399567248,https://openalex.org/A5002141677,Ankush Patel
https://openalex.org/W4399567248,https://openalex.org/A5101377314,Amr Soliman
https://openalex.org/W4399567248,https://openalex.org/A5032079635,Chengkuan Chen
https://openalex.org/W4399567248,https://openalex.org/A5043308359,Tong Ding
https://openalex.org/W4399567248,https://openalex.org/A5046842875,Judy Jiaqi Wang
https://openalex.org/W4399567248,https://openalex.org/A5021626481,Georg K. Gerber
https://openalex.org/W4399567248,https://openalex.org/A5006520100,Ivy Liang
https://openalex.org/W4399567248,https://openalex.org/A5078810229,Long P. Le
https://openalex.org/W4399567248,https://openalex.org/A5079652585,Anil Vasdev Parwani
https://openalex.org/W4399567248,https://openalex.org/A5016374079,Luca Leon Weishaupt
https://openalex.org/W4399567248,https://openalex.org/A5080050834,Faisal Mahmood
https://openalex.org/W4402892487,https://openalex.org/A5104161972,Uday Mittal
https://openalex.org/W4402892487,https://openalex.org/A5080357343,Siva Sai
https://openalex.org/W4402892487,https://openalex.org/A5005020243,Vinay Chamola
https://openalex.org/W4402892487,https://openalex.org/A5108154623,Devika Sangwan
https://openalex.org/W4390278281,https://openalex.org/A5023880578,Thomas K. F. Chiu
https://openalex.org/W4386629414,https://openalex.org/A5069697954,Henrik Skaug Sætra
https://openalex.org/W4385303098,https://openalex.org/A5050034912,Eman A. Alasadi
https://openalex.org/W4385303098,https://openalex.org/A5078096234,Carlos R. Baiz
https://openalex.org/W4390315357,https://openalex.org/A5065053503,James E. Prather
https://openalex.org/W4390315357,https://openalex.org/A5032890999,Paul C. Denny
https://openalex.org/W4390315357,https://openalex.org/A5041367899,Juho Leinonen
https://openalex.org/W4390315357,https://openalex.org/A5054692443,Brett A. Becker
https://openalex.org/W4390315357,https://openalex.org/A5019774144,Ibrahim Albluwi
https://openalex.org/W4390315357,https://openalex.org/A5076439311,Michelle L. Craig
https://openalex.org/W4390315357,https://openalex.org/A5052659996,Hieke Keuning
https://openalex.org/W4390315357,https://openalex.org/A5039250881,Natalie Kiesler
https://openalex.org/W4390315357,https://openalex.org/A5046797489,Tobias Kohn
https://openalex.org/W4390315357,https://openalex.org/A5061895558,Andrew Luxton-Reilly
https://openalex.org/W4390315357,https://openalex.org/A5042822346,Stephen MacNeil
https://openalex.org/W4390315357,https://openalex.org/A5047964559,Andrew K. Petersen
https://openalex.org/W4390315357,https://openalex.org/A5008353242,Raymond Pettit
https://openalex.org/W4390315357,https://openalex.org/A5071345488,Brent N. Reeves
https://openalex.org/W4390315357,https://openalex.org/A5077762937,Jaromír Šavelka
https://openalex.org/W4396781199,https://openalex.org/A5023997241,Christopher A. Bail
https://openalex.org/W4401509761,https://openalex.org/A5029864476,Mousa Al-kfairy
https://openalex.org/W4401509761,https://openalex.org/A5039073374,Dheya Mustafa
https://openalex.org/W4401509761,https://openalex.org/A5025481201,Nir Kshetri
https://openalex.org/W4401509761,https://openalex.org/A5098684630,Mazen Insiew
https://openalex.org/W4401509761,https://openalex.org/A5047026330,Omar Alfandi
https://openalex.org/W4392599656,https://openalex.org/A5100378046,Yan Chen
https://openalex.org/W4392599656,https://openalex.org/A5051918746,Pouyan Esmaeilzadeh
https://openalex.org/W4384155024,https://openalex.org/A5111562753,Pamela Samuelson
https://openalex.org/W4323706279,https://openalex.org/A5071710022,Yihan Cao
https://openalex.org/W4323706279,https://openalex.org/A5100436439,Siyu Li
https://openalex.org/W4323706279,https://openalex.org/A5100386690,Yixin Liu
https://openalex.org/W4323706279,https://openalex.org/A5100551577,Zhiling Yan
https://openalex.org/W4323706279,https://openalex.org/A5027179087,Yutong Dai
https://openalex.org/W4323706279,https://openalex.org/A5036357902,Philip S. Yu
https://openalex.org/W4323706279,https://openalex.org/A5015105117,Lichao Sun
https://openalex.org/W4407087968,https://openalex.org/A5072083988,Araz Taeihagh
https://openalex.org/W4396832139,https://openalex.org/A5061320164,Lev Tankelevitch
https://openalex.org/W4396832139,https://openalex.org/A5079460660,Viktor Nikolaus Kewenig
https://openalex.org/W4396832139,https://openalex.org/A5039419417,Auste Simkute
https://openalex.org/W4396832139,https://openalex.org/A5061981740,Ava Elizabeth Scott
https://openalex.org/W4396832139,https://openalex.org/A5025427198,Advait Sarkar
https://openalex.org/W4396832139,https://openalex.org/A5054544784,Abigail J. Sellen
https://openalex.org/W4396832139,https://openalex.org/A5038706435,Sean Rintel
https://openalex.org/W4401171937,https://openalex.org/A5100376592,Jinhee Kim
https://openalex.org/W4401171937,https://openalex.org/A5101411870,Seongryeong Yu
https://openalex.org/W4401171937,https://openalex.org/A5106015652,Rita Detrick
https://openalex.org/W4401171937,https://openalex.org/A5100368195,Na Li
https://openalex.org/W4390985631,https://openalex.org/A5032890999,Paul C. Denny
https://openalex.org/W4390985631,https://openalex.org/A5065053503,James E. Prather
https://openalex.org/W4390985631,https://openalex.org/A5054692443,Brett A. Becker
https://openalex.org/W4390985631,https://openalex.org/A5077537139,James Finnie-Ansley
https://openalex.org/W4390985631,https://openalex.org/A5076828114,Arto Hellas
https://openalex.org/W4390985631,https://openalex.org/A5041367899,Juho Leinonen
https://openalex.org/W4390985631,https://openalex.org/A5061895558,Andrew Luxton-Reilly
https://openalex.org/W4390985631,https://openalex.org/A5071345488,Brent N. Reeves
https://openalex.org/W4390985631,https://openalex.org/A5048601698,Eddie Antonio Santos
https://openalex.org/W4390985631,https://openalex.org/A5064114707,Sami Sarsa
https://openalex.org/W4391334978,https://openalex.org/A5011883289,Justin D. Weisz
https://openalex.org/W4391334978,https://openalex.org/A5063132352,Jessica He
https://openalex.org/W4391334978,https://openalex.org/A5026028381,Michael J. Muller
https://openalex.org/W4391334978,https://openalex.org/A5000822039,Gabriela Hoefer
https://openalex.org/W4391334978,https://openalex.org/A5103157700,Rachel Miles
https://openalex.org/W4391334978,https://openalex.org/A5022799238,Werner Geyer
https://openalex.org/W4387873511,https://openalex.org/A5025111510,Benjamin Luke Moorhouse
https://openalex.org/W4387873511,https://openalex.org/A5054010320,Marie Alina Yeo
https://openalex.org/W4387873511,https://openalex.org/A5056952698,Yuwei Wan
https://openalex.org/W4388701278,https://openalex.org/A5079685686,Cecilia Ka Yuk Chan
https://openalex.org/W4388701278,https://openalex.org/A5029794226,Katherine K. W. Lee
https://openalex.org/W4389615177,https://openalex.org/A5009882421,Anton Korinek
https://openalex.org/W4383812952,https://openalex.org/A5044709857,IpKin Anthony Wong
https://openalex.org/W4383812952,https://openalex.org/A5070608822,Qi Lilith Lian
https://openalex.org/W4383812952,https://openalex.org/A5068806219,Danni Sun
https://openalex.org/W4405586205,https://openalex.org/A5079899006,Yueqiao Jin
https://openalex.org/W4405586205,https://openalex.org/A5041301106,Lixiang Yan
https://openalex.org/W4405586205,https://openalex.org/A5067966650,Vanessa Echeverría
https://openalex.org/W4405586205,https://openalex.org/A5036855560,Dragan Gašević
https://openalex.org/W4405586205,https://openalex.org/A5052017575,Roberto Martínez‐Maldonado
https://openalex.org/W4393993191,https://openalex.org/A5027701673,Ivica Pesovski
https://openalex.org/W4393993191,https://openalex.org/A5048558692,Ricardo Santos
https://openalex.org/W4393993191,https://openalex.org/A5090687409,Roberto Henriques
https://openalex.org/W4393993191,https://openalex.org/A5014364236,Vladimir Trajkovik
https://openalex.org/W4385340890,https://openalex.org/A5041622615,Kalyan Prasad Agrawal
https://openalex.org/W4392783116,https://openalex.org/A5074924719,Muhammad Abbas
https://openalex.org/W4392783116,https://openalex.org/A5091320417,Farooq Ahmed Jam
https://openalex.org/W4392783116,https://openalex.org/A5040261389,Tariq Iqbal Khan
https://openalex.org/W4393149408,https://openalex.org/A5081011219,Stanislav Hristov Ivanov
https://openalex.org/W4393149408,https://openalex.org/A5082727055,Mohammad S.A. Soliman
https://openalex.org/W4393149408,https://openalex.org/A5015949368,Aarni Tuomi
https://openalex.org/W4393149408,https://openalex.org/A5022351508,Nasser Alhamar Alkathiri
https://openalex.org/W4393149408,https://openalex.org/A5005734215,Alamir N. Al-Alawi
https://openalex.org/W4313313935,https://openalex.org/A5037574053,Junaid Qadir
https://openalex.org/W4392658848,https://openalex.org/A5079685686,Cecilia Ka Yuk Chan
https://openalex.org/W4392658848,https://openalex.org/A5060773803,Tom Colloton
https://openalex.org/W4388602745,https://openalex.org/A5031833695,Wenjie Liao
https://openalex.org/W4388602745,https://openalex.org/A5091489017,Xinzheng Lu
https://openalex.org/W4388602745,https://openalex.org/A5090077498,Yifan Fei
https://openalex.org/W4388602745,https://openalex.org/A5100621682,Yi Gu
https://openalex.org/W4388602745,https://openalex.org/A5049097498,Yuli Huang
https://openalex.org/W4391644905,https://openalex.org/A5026548376,Joseph Amankwah‐Amoah
https://openalex.org/W4391644905,https://openalex.org/A5015447100,Samar Abdalla
https://openalex.org/W4391644905,https://openalex.org/A5082000265,Emmanuel Mogaji
https://openalex.org/W4391644905,https://openalex.org/A5002439885,Amany R. Elbanna
https://openalex.org/W4391644905,https://openalex.org/A5048622877,Yogesh Kumar Dwivedi
https://openalex.org/W4401533174,https://openalex.org/A5036794043,Léonard Boussioux
https://openalex.org/W4401533174,https://openalex.org/A5032184525,Jacqueline N. Lane
https://openalex.org/W4401533174,https://openalex.org/A5029293421,Miaomiao Zhang
https://openalex.org/W4401533174,https://openalex.org/A5037070600,Vladimir Jaćimović
https://openalex.org/W4401533174,https://openalex.org/A5089560559,Karim R. Lakhani
https://openalex.org/W4405400150,https://openalex.org/A5076693618,Dhruv Grewal
https://openalex.org/W4405400150,https://openalex.org/A5001395828,Cinthia Beccacece Satornino
https://openalex.org/W4405400150,https://openalex.org/A5018910159,Thomas H. Davenport
https://openalex.org/W4405400150,https://openalex.org/A5101532092,Abhijit Ranjan Guha
https://openalex.org/W4400770292,https://openalex.org/A5075456619,Hamsa Bastani
https://openalex.org/W4400770292,https://openalex.org/A5029243071,Osbert Bastani
https://openalex.org/W4400770292,https://openalex.org/A5011118717,Alp Sungu
https://openalex.org/W4400770292,https://openalex.org/A5111053084,Haosen Ge
https://openalex.org/W4400770292,https://openalex.org/A5104747352,Özge Kabakcı
https://openalex.org/W4400770292,https://openalex.org/A5096521232,Rei Mariman
https://openalex.org/W4387169527,https://openalex.org/A5034349871,Geesje van den Berg
https://openalex.org/W4387169527,https://openalex.org/A5101480124,Du Plessis
https://openalex.org/W4372055459,https://openalex.org/A5011439559,Volker Bilgram
https://openalex.org/W4372055459,https://openalex.org/A5018593718,Felix Laarmann
https://openalex.org/W3003906593,https://openalex.org/A5109449235,W. Patrick Walters
https://openalex.org/W3003906593,https://openalex.org/A5034115392,Mark A. Murcko
https://openalex.org/W4409885395,https://openalex.org/A5062891440,Hao-Ping Lee
https://openalex.org/W4409885395,https://openalex.org/A5025427198,Advait Sarkar
https://openalex.org/W4409885395,https://openalex.org/A5061320164,Lev Tankelevitch
https://openalex.org/W4409885395,https://openalex.org/A5016826392,Ian Drosos
https://openalex.org/W4409885395,https://openalex.org/A5038706435,Sean Rintel
https://openalex.org/W4409885395,https://openalex.org/A5108601104,Richard A. Banks
https://openalex.org/W4409885395,https://openalex.org/A5110117745,Nicholas Wilson
https://openalex.org/W4392153984,https://openalex.org/A5078693030,Sandra Matz
https://openalex.org/W4392153984,https://openalex.org/A5074129204,Jacob D. Teeny
https://openalex.org/W4392153984,https://openalex.org/A5036935284,Sumer Sumeet Vaid
https://openalex.org/W4392153984,https://openalex.org/A5109149450,H. Peters
https://openalex.org/W4392153984,https://openalex.org/A5032381602,Gabriella M. Harari
https://openalex.org/W4392153984,https://openalex.org/A5063987862,Moran Cerf
https://openalex.org/W4395483946,https://openalex.org/A5066956464,Abdullahi Yusuf
https://openalex.org/W4395483946,https://openalex.org/A5019268860,Nasrin Pervin
https://openalex.org/W4395483946,https://openalex.org/A5086620355,‪Marcos Román-González‬
https://openalex.org/W4411076153,https://openalex.org/A5070423757,Regina Kaplan‐Rakowski
https://openalex.org/W4411076153,https://openalex.org/A5019047307,Kimberly Grotewold
https://openalex.org/W4411076153,https://openalex.org/A5008635283,Peggy Hartwick
https://openalex.org/W4411076153,https://openalex.org/A5078795806,Kevin Papin
https://openalex.org/W4392462461,https://openalex.org/A5102973473,Jan Ole Krugmann
https://openalex.org/W4392462461,https://openalex.org/A5062843383,Jochen Hartmann
https://openalex.org/W4406199489,https://openalex.org/A5066698434,Nigel Francis
https://openalex.org/W4406199489,https://openalex.org/A5002297998,Sue Jones
https://openalex.org/W4406199489,https://openalex.org/A5037019694,David P. Smith
https://openalex.org/W4375852308,https://openalex.org/A5059753495,Andrea L. Eisfeldt
https://openalex.org/W4375852308,https://openalex.org/A5088498667,Gregor Schubert
https://openalex.org/W4375852308,https://openalex.org/A5077213398,Miao Ben Zhang
https://openalex.org/W4375852308,https://openalex.org/A5047234902,Bledi Taska
https://openalex.org/W4390828922,https://openalex.org/A5053209543,Minrui Xu
https://openalex.org/W4390828922,https://openalex.org/A5068782412,Hongyang Du
https://openalex.org/W4390828922,https://openalex.org/A5091266202,Dusit Tao Niyato
https://openalex.org/W4390828922,https://openalex.org/A5062761975,Jiawen Kang
https://openalex.org/W4390828922,https://openalex.org/A5005327587,Zehui Xiong
https://openalex.org/W4390828922,https://openalex.org/A5080122431,Shiwen Mao
https://openalex.org/W4390828922,https://openalex.org/A5063667378,Zhu Han
https://openalex.org/W4390828922,https://openalex.org/A5086268677,Abbas Jamalipour
https://openalex.org/W4390828922,https://openalex.org/A5022649488,Dong In Kim
https://openalex.org/W4390828922,https://openalex.org/A5100773343,Xuemin Shen
https://openalex.org/W4390828922,https://openalex.org/A5035919267,Victor C. M. Leung
https://openalex.org/W4390828922,https://openalex.org/A5042307561,H. Vincent Poor
https://openalex.org/W4401988281,https://openalex.org/A5079685686,Cecilia Ka Yuk Chan
https://openalex.org/W4401988281,https://openalex.org/A5026510325,Louisa H.Y. Tsi
https://openalex.org/W4394934695,https://openalex.org/A5100392988,Daniel Lee
https://openalex.org/W4394934695,https://openalex.org/A5041211974,Matthew Arnold
https://openalex.org/W4394934695,https://openalex.org/A5022543578,Amit Srivastava
https://openalex.org/W4394934695,https://openalex.org/A5009866814,Katrina Plastow
https://openalex.org/W4394934695,https://openalex.org/A5040631066,Peter Strelan
https://openalex.org/W4394934695,https://openalex.org/A5062259076,Florian Ploeckl
https://openalex.org/W4394934695,https://openalex.org/A5033503517,Dimitra Lekkas
https://openalex.org/W4394934695,https://openalex.org/A5017838778,Edward J. Palmer
https://openalex.org/W4403843885,https://openalex.org/A5104423840,Steven Siddals
https://openalex.org/W4403843885,https://openalex.org/A5026523515,John Blake Torous
https://openalex.org/W4403843885,https://openalex.org/A5045512261,Astrid Coxon
https://openalex.org/W4401288535,https://openalex.org/A5067279833,Ravinithesh Reddy Annapureddy
https://openalex.org/W4401288535,https://openalex.org/A5092581384,Alessandro Fornaroli
https://openalex.org/W4401288535,https://openalex.org/A5012965551,Daniel Gática-Pérez
https://openalex.org/W4388834475,https://openalex.org/A5071903693,Janet Rafner
https://openalex.org/W4388834475,https://openalex.org/A5057424987,Roger E. Beaty
https://openalex.org/W4388834475,https://openalex.org/A5008736553,James C. Kaufman
https://openalex.org/W4388834475,https://openalex.org/A5063349066,Todd Lubart
https://openalex.org/W4388834475,https://openalex.org/A5080346697,Jacob Friis Sherson
https://openalex.org/W4393170828,https://openalex.org/A5094243982,Abenezer Golda
https://openalex.org/W4393170828,https://openalex.org/A5094243983,Kidus Abebe Mekonen
https://openalex.org/W4393170828,https://openalex.org/A5013182572,Amit Pandey
https://openalex.org/W4393170828,https://openalex.org/A5101731414,Anushka Singh
https://openalex.org/W4393170828,https://openalex.org/A5018894191,Vikas Hassija
https://openalex.org/W4393170828,https://openalex.org/A5005020243,Vinay Chamola
https://openalex.org/W4393170828,https://openalex.org/A5041189303,Biplab Sikdar
https://openalex.org/W4386913199,https://openalex.org/A5029145516,Jussi Sakari Jauhiainen
https://openalex.org/W4386913199,https://openalex.org/A5103252224,Agustín Garagorry Guerra
https://openalex.org/W4392662613,https://openalex.org/A5084271169,Jaakko J. Sauvola
https://openalex.org/W4392662613,https://openalex.org/A5054443906,Sasu Tarkoma
https://openalex.org/W4392662613,https://openalex.org/A5062506183,Mika Klemettinen
https://openalex.org/W4392662613,https://openalex.org/A5009824133,Jukka P. Riekki
https://openalex.org/W4392662613,https://openalex.org/A5003875781,David Doermann
https://openalex.org/W4387809804,https://openalex.org/A5064032702,Ping Yu
https://openalex.org/W4387809804,https://openalex.org/A5084072550,Hua Xu
https://openalex.org/W4387809804,https://openalex.org/A5068477431,Xia Hu
https://openalex.org/W4387809804,https://openalex.org/A5040465739,Chao Deng
https://openalex.org/W4396685186,https://openalex.org/A5078134397,Staphord Bengesi
https://openalex.org/W4396685186,https://openalex.org/A5029700043,Hoda El-Sayed
https://openalex.org/W4396685186,https://openalex.org/A5058553720,Md Kamruzzaman Sarker
https://openalex.org/W4396685186,https://openalex.org/A5092050082,Yao Houkpati
https://openalex.org/W4396685186,https://openalex.org/A5062361272,John Irungu
https://openalex.org/W4396685186,https://openalex.org/A5035151181,Timothy Oladunni
https://openalex.org/W4388194725,https://openalex.org/A5009128737,Julian De Freitas
https://openalex.org/W4388194725,https://openalex.org/A5039014942,Ahmet Kaan Uğuralp
https://openalex.org/W4388194725,https://openalex.org/A5092725617,Zeliha Oğuz‐Uğuralp
https://openalex.org/W4388194725,https://openalex.org/A5086883230,Stefano Puntoni
https://openalex.org/W4220962633,https://openalex.org/A5102793227,Jiao Sun
https://openalex.org/W4220962633,https://openalex.org/A5024320659,Q. Vera Liao
https://openalex.org/W4220962633,https://openalex.org/A5026028381,Michael J. Muller
https://openalex.org/W4220962633,https://openalex.org/A5076160843,Mayank Agarwal
https://openalex.org/W4220962633,https://openalex.org/A5074805097,Stephanie Houde
https://openalex.org/W4220962633,https://openalex.org/A5060691179,Kartik Talamadupula
https://openalex.org/W4220962633,https://openalex.org/A5011883289,Justin D. Weisz
https://openalex.org/W4399681501,https://openalex.org/A5071126071,Bayode Ogunleye
https://openalex.org/W4399681501,https://openalex.org/A5041727712,Kudirat Ibilola Zakariyyah
https://openalex.org/W4399681501,https://openalex.org/A5047025794,Oluwaseun Ajao
https://openalex.org/W4399681501,https://openalex.org/A5023724656,Olakunle Olayinka
https://openalex.org/W4399681501,https://openalex.org/A5101578400,Hemlata Sharma
https://openalex.org/W4384662087,https://openalex.org/A5092492200,Adele Smolansky
https://openalex.org/W4384662087,https://openalex.org/A5082116724,Andrew Cram
https://openalex.org/W4384662087,https://openalex.org/A5064388220,Corina Raduescu
https://openalex.org/W4384662087,https://openalex.org/A5070525155,Sandris Zeivots
https://openalex.org/W4384662087,https://openalex.org/A5080781883,Elaine Huber
https://openalex.org/W4384662087,https://openalex.org/A5071778778,René F. Kizilcec
https://openalex.org/W4388265963,https://openalex.org/A5049629485,Mike Sharples
https://openalex.org/W4389804697,https://openalex.org/A5032191905,Meilu Liu
https://openalex.org/W4389804697,https://openalex.org/A5073211389,Lawrence Jun Zhang
https://openalex.org/W4389804697,https://openalex.org/A5058685682,Christine Biebricher
https://openalex.org/W4316116392,https://openalex.org/A5032020453,Roberto Gozalo-Brizuela
https://openalex.org/W4316116392,https://openalex.org/A5070783543,Eduardo C. Garrido‐Merchán
https://openalex.org/W4386724197,https://openalex.org/A5100616808,Ömer Aydın
https://openalex.org/W4386724197,https://openalex.org/A5051304181,Enis Karaarslan
https://openalex.org/W4386170955,https://openalex.org/A5092017420,Paweł Gmyrek
https://openalex.org/W4386170955,https://openalex.org/A5039288973,Janine Berg
https://openalex.org/W4386170955,https://openalex.org/A5092695979,David Bescond
https://openalex.org/W4392972228,https://openalex.org/A5094196469,Samangi Wadinambiarachchi
https://openalex.org/W4392972228,https://openalex.org/A5068876307,Ryan Kelly
https://openalex.org/W4392972228,https://openalex.org/A5095742136,Saumya Pareek
https://openalex.org/W4392972228,https://openalex.org/A5019932243,Qiushi Zhou
https://openalex.org/W4392972228,https://openalex.org/A5087672786,Eduardo Velloso
https://openalex.org/W4392977114,https://openalex.org/A5025111510,Benjamin Luke Moorhouse
https://openalex.org/W4392977114,https://openalex.org/A5069098428,Lucas Kohnke
https://openalex.org/W4392094166,https://openalex.org/A5103155487,Jonny Holmström
https://openalex.org/W4392094166,https://openalex.org/A5007883957,Noël Carroll
https://openalex.org/W4402736895,https://openalex.org/A5102827031,Alexander Bick
https://openalex.org/W4402736895,https://openalex.org/A5111336807,Adam Blandin
https://openalex.org/W4402736895,https://openalex.org/A5113396094,David J. Deming
https://openalex.org/W4385070262,https://openalex.org/A5035109393,Krzysztof Walczak
https://openalex.org/W4385070262,https://openalex.org/A5002004307,Wojciech Cellary
https://openalex.org/W4377291442,https://openalex.org/A5091731762,Javier Cámara
https://openalex.org/W4377291442,https://openalex.org/A5055078557,Javier Troya
https://openalex.org/W4377291442,https://openalex.org/A5037353994,Loli Burgueño
https://openalex.org/W4377291442,https://openalex.org/A5003199242,Antonio Vallecillo
https://openalex.org/W4408886672,https://openalex.org/A5042790830,Michael V. Heinz
https://openalex.org/W4408886672,https://openalex.org/A5040056129,Daniel M. Mackin
https://openalex.org/W4408886672,https://openalex.org/A5069637925,Brianna M. Trudeau
https://openalex.org/W4408886672,https://openalex.org/A5080871328,Sukanya Bhattacharya
https://openalex.org/W4408886672,https://openalex.org/A5090710665,Yinzhou Wang
https://openalex.org/W4408886672,https://openalex.org/A5099133965,Haley A. Banta
https://openalex.org/W4408886672,https://openalex.org/A5099133966,Abi D. Jewett
https://openalex.org/W4408886672,https://openalex.org/A5093318294,Abigail J. Salzhauer
https://openalex.org/W4408886672,https://openalex.org/A5042004366,Tess Z. Griffin
https://openalex.org/W4408886672,https://openalex.org/A5080623810,Nicholas C. Jacobson
https://openalex.org/W4386056951,https://openalex.org/A5061026797,Samuel Fosso Wamba
https://openalex.org/W4386056951,https://openalex.org/A5051809482,Maciel Manoel de Queiroz
https://openalex.org/W4386056951,https://openalex.org/A5090726146,Charbel José Chiappetta Jabbour
https://openalex.org/W4386056951,https://openalex.org/A5112105016,Chunming Shi
https://openalex.org/W4409269614,https://openalex.org/A5117078481,Kyle Bittle
https://openalex.org/W4409269614,https://openalex.org/A5049030119,Omar El-Gayar
https://openalex.org/W4393278146,https://openalex.org/A5051068084,Daniel J. Russo
https://openalex.org/W4383648115,https://openalex.org/A5004016093,Yun Dai
https://openalex.org/W4383648115,https://openalex.org/A5100690922,Ang Liu
https://openalex.org/W4383648115,https://openalex.org/A5008537532,Cher Ping Lim
https://openalex.org/W4395053803,https://openalex.org/A5089489436,Amit Gangwal
https://openalex.org/W4395053803,https://openalex.org/A5083327774,Antonio Lavecchia
https://openalex.org/W4398231583,https://openalex.org/A5043199158,Erik Hermann
https://openalex.org/W4398231583,https://openalex.org/A5086883230,Stefano Puntoni
https://openalex.org/W4393071062,https://openalex.org/A5051386362,Xianghan O’Dea
https://openalex.org/W4386337496,https://openalex.org/A5050368394,Francisco José García‐Peñalvo
https://openalex.org/W4386337496,https://openalex.org/A5036114382,Andrea Vázquez‐Ingelmo
https://openalex.org/W4317882610,https://openalex.org/A5011140250,Hazem Zohny
https://openalex.org/W4317882610,https://openalex.org/A5043821989,John R McMillan
https://openalex.org/W4317882610,https://openalex.org/A5016007589,Mike R. King
https://openalex.org/W4390050383,https://openalex.org/A5019793062,Nicholas G. Otis
https://openalex.org/W4390050383,https://openalex.org/A5002651535,Rowan Philip Clarke
https://openalex.org/W4390050383,https://openalex.org/A5086990639,Solène Delecourt
https://openalex.org/W4390050383,https://openalex.org/A5072380083,David Holtz
https://openalex.org/W4390050383,https://openalex.org/A5049884349,Rembrand Michael Koning
https://openalex.org/W4385738962,https://openalex.org/A5100688830,Boyang Chen
https://openalex.org/W4385738962,https://openalex.org/A5083073545,Zongxiao Wu
https://openalex.org/W4385738962,https://openalex.org/A5046543002,Ruoran Zhao
https://openalex.org/W4379057711,https://openalex.org/A5029732099,Ting Wang
https://openalex.org/W4379057711,https://openalex.org/A5017599308,Brady Daniel Lund
https://openalex.org/W4379057711,https://openalex.org/A5006995271,Agostino Marengo
https://openalex.org/W4379057711,https://openalex.org/A5036584168,Alessandro Pagano
https://openalex.org/W4379057711,https://openalex.org/A5020459930,Nishith Reddy Mannuru
https://openalex.org/W4379057711,https://openalex.org/A5088310095,Zoë Abbie Teel
https://openalex.org/W4379057711,https://openalex.org/A5043571431,Jenny Pange
https://openalex.org/W4401926094,https://openalex.org/A5059359220,Hannes Cools
https://openalex.org/W4401926094,https://openalex.org/A5079222963,Nicholas A. Diakopoulos
https://openalex.org/W4388409187,https://openalex.org/A5064818149,Richard Watermeyer
https://openalex.org/W4388409187,https://openalex.org/A5065926516,Lawrie Phipps
https://openalex.org/W4388409187,https://openalex.org/A5025346040,Donna Lanclos
https://openalex.org/W4388409187,https://openalex.org/A5065836371,Cathryn Knight
https://openalex.org/W4385497035,https://openalex.org/A5005485711,Kadaruddin Kadaruddin
https://openalex.org/W4411166620,https://openalex.org/A5013096663,Yufeng Qian
https://openalex.org/W4396863502,https://openalex.org/A5018245743,Tarleton Gillespie
https://openalex.org/W4408070694,https://openalex.org/A5088732694,Sebastian Maximillian Krakowski
https://openalex.org/W4401554316,https://openalex.org/A5066956464,Abdullahi Yusuf
https://openalex.org/W4401554316,https://openalex.org/A5019268860,Nasrin Pervin
https://openalex.org/W4401554316,https://openalex.org/A5086620355,‪Marcos Román-González‬
https://openalex.org/W4401554316,https://openalex.org/A5034658537,Norah Md Noor
https://openalex.org/W4402230126,https://openalex.org/A5113367407,Mandeep Goyal
https://openalex.org/W4402230126,https://openalex.org/A5011840659,Qusay H. Mahmoud
https://openalex.org/W4411627694,https://openalex.org/A5075456619,Hamsa Bastani
https://openalex.org/W4411627694,https://openalex.org/A5029243071,Osbert Bastani
https://openalex.org/W4411627694,https://openalex.org/A5011118717,Alp Sungu
https://openalex.org/W4411627694,https://openalex.org/A5027287230,Haosen Ge
https://openalex.org/W4411627694,https://openalex.org/A5104747352,Özge Kabakcı
https://openalex.org/W4411627694,https://openalex.org/A5096521232,Rei Mariman
https://openalex.org/W4401929609,https://openalex.org/A5084551012,B. Mairéad Pratschke
https://openalex.org/W4391488437,https://openalex.org/A5074230777,Aras Bozkurt
https://openalex.org/W4393097303,https://openalex.org/A5005590626,Kyle Swanson
https://openalex.org/W4393097303,https://openalex.org/A5062558077,Gary Liu
https://openalex.org/W4393097303,https://openalex.org/A5104754722,Denise B. Catacutan
https://openalex.org/W4393097303,https://openalex.org/A5102639353,Autumn Arnold
https://openalex.org/W4393097303,https://openalex.org/A5005779176,James Zou
https://openalex.org/W4393097303,https://openalex.org/A5071072837,J Stokes
https://openalex.org/W4402680739,https://openalex.org/A5062843383,Jochen Hartmann
https://openalex.org/W4402680739,https://openalex.org/A5059627175,Yannick Exner
https://openalex.org/W4402680739,https://openalex.org/A5098533119,Samuel Domdey
https://openalex.org/W4389273449,https://openalex.org/A5101532092,Abhijit Ranjan Guha
https://openalex.org/W4389273449,https://openalex.org/A5076693618,Dhruv Grewal
https://openalex.org/W4389273449,https://openalex.org/A5072021764,Stephen Atlas
https://openalex.org/W4401359717,https://openalex.org/A5069777613,Attila Dabis
https://openalex.org/W4401359717,https://openalex.org/A5102987200,Csaba Csáki
https://openalex.org/W4366425800,https://openalex.org/A5108360806,Edward W. Felten
https://openalex.org/W4366425800,https://openalex.org/A5018390504,Manav Raj
https://openalex.org/W4366425800,https://openalex.org/A5050038373,Robert Seamans
https://openalex.org/W4391850264,https://openalex.org/A5101532207,Priyanka Gupta
https://openalex.org/W4391850264,https://openalex.org/A5015941893,Bosheng Ding
https://openalex.org/W4391850264,https://openalex.org/A5050422420,Chong Guan
https://openalex.org/W4391850264,https://openalex.org/A5100352100,Ding Ding
https://openalex.org/W4313313884,https://openalex.org/A5037574053,Junaid Qadir
https://openalex.org/W4378448767,https://openalex.org/A5006366672,Doraid M. Dalalah
https://openalex.org/W4378448767,https://openalex.org/A5092028970,Osama M.A. Dalalah
https://openalex.org/W4401379837,https://openalex.org/A5065053503,James E. Prather
https://openalex.org/W4401379837,https://openalex.org/A5071345488,Brent N. Reeves
https://openalex.org/W4401379837,https://openalex.org/A5041367899,Juho Leinonen
https://openalex.org/W4401379837,https://openalex.org/A5042822346,Stephen MacNeil
https://openalex.org/W4401379837,https://openalex.org/A5030533178,Arisoa S. Randrianasolo
https://openalex.org/W4401379837,https://openalex.org/A5054692443,Brett A. Becker
https://openalex.org/W4401379837,https://openalex.org/A5032143740,Bailey Kimmel
https://openalex.org/W4401379837,https://openalex.org/A5098937121,Jared Wright
https://openalex.org/W4401379837,https://openalex.org/A5098937122,Ben Briggs
https://openalex.org/W4402042413,https://openalex.org/A5020497675,Barbara Zepp Larson
https://openalex.org/W4402042413,https://openalex.org/A5046494400,Christine Möser
https://openalex.org/W4402042413,https://openalex.org/A5061631240,Arran Caza
https://openalex.org/W4402042413,https://openalex.org/A5027629626,Katrin Susanne Muehlfeld
https://openalex.org/W4402042413,https://openalex.org/A5007655323,Laura A. Colombo
https://openalex.org/W4401867536,https://openalex.org/A5085307896,Paola Cillo
https://openalex.org/W4401867536,https://openalex.org/A5008941173,Gaia Rubera
https://openalex.org/W4395462076,https://openalex.org/A5093776079,Isaias Ghebrehiwet
https://openalex.org/W4395462076,https://openalex.org/A5040640075,Nazar M. Zaki
https://openalex.org/W4395462076,https://openalex.org/A5079507190,Rafat Damseh
https://openalex.org/W4395462076,https://openalex.org/A5085034566,Mohd Saberi Mohamad
https://openalex.org/W4388599367,https://openalex.org/A5043614518,Bodong Chen
https://openalex.org/W4388599367,https://openalex.org/A5016939843,Xinran Zhu
https://openalex.org/W4388599367,https://openalex.org/A5094123779,Fernando Díaz del Castillo H.
https://openalex.org/W4404857974,https://openalex.org/A5074230777,Aras Bozkurt
https://openalex.org/W4404857974,https://openalex.org/A5034979488,Junhong Xiao
https://openalex.org/W4404857974,https://openalex.org/A5012975669,Robert Farrow
https://openalex.org/W4404857974,https://openalex.org/A5062692868,John Y. H. Bai
https://openalex.org/W4404857974,https://openalex.org/A5090146573,Chrissi Nerantzi
https://openalex.org/W4404857974,https://openalex.org/A5026370938,Stephanie L. Moore
https://openalex.org/W4404857974,https://openalex.org/A5063158409,Jon Dron
https://openalex.org/W4404857974,https://openalex.org/A5068425160,Christian M. Stracke
https://openalex.org/W4404857974,https://openalex.org/A5064556504,Lenandlar Singh
https://openalex.org/W4404857974,https://openalex.org/A5032778716,Helen Crompton
https://openalex.org/W4404857974,https://openalex.org/A5063976082,Apostolos Koutropoulos
https://openalex.org/W4404857974,https://openalex.org/A5087605850,Evgeniy Terentev
https://openalex.org/W4404857974,https://openalex.org/A5065936330,Angelica Pazurek
https://openalex.org/W4404857974,https://openalex.org/A5078423512,Mark A. Nichols
https://openalex.org/W4404857974,https://openalex.org/A5030960464,Alexander M. Sidorkin
https://openalex.org/W4404857974,https://openalex.org/A5050550867,Eamon Costello
https://openalex.org/W4404857974,https://openalex.org/A5033735629,Steven A. Watson
https://openalex.org/W4404857974,https://openalex.org/A5074223344,Dorothy Mulligan
https://openalex.org/W4404857974,https://openalex.org/A5081987409,Sarah Honeychurch
https://openalex.org/W4404857974,https://openalex.org/A5088255068,Charles B. Hodges
https://openalex.org/W4404857974,https://openalex.org/A5049629485,Mike Sharples
https://openalex.org/W4404857974,https://openalex.org/A5030536268,Andrew Swindell
https://openalex.org/W4404857974,https://openalex.org/A5052699983,Isak D. Froumin
https://openalex.org/W4404857974,https://openalex.org/A5067317041,Ahmed Tlili
https://openalex.org/W4404857974,https://openalex.org/A5106918547,Patricia J. Slagter van Tryon
https://openalex.org/W4404857974,https://openalex.org/A5086439158,Melissa Bond
https://openalex.org/W4404857974,https://openalex.org/A5069258598,Maha Bali
https://openalex.org/W4404857974,https://openalex.org/A5115604711,Jing Leng
https://openalex.org/W4404857974,https://openalex.org/A5104089148,Kai Zhang
https://openalex.org/W4404857974,https://openalex.org/A5010726815,Mutlu Cukurova
https://openalex.org/W4404857974,https://openalex.org/A5023880578,Thomas K. F. Chiu
https://openalex.org/W4404857974,https://openalex.org/A5023774870,Kyungmee Lee
https://openalex.org/W4404857974,https://openalex.org/A5060225681,Stefan Hrastinski
https://openalex.org/W4404857974,https://openalex.org/A5054124989,Manuel B. Garcia
https://openalex.org/W4404857974,https://openalex.org/A5077492293,Ramesh C. Sharma
https://openalex.org/W4404857974,https://openalex.org/A5101556608,Bryan Alexander
https://openalex.org/W4404857974,https://openalex.org/A5062601414,Olaf Zawacki‐Richter
https://openalex.org/W4404857974,https://openalex.org/A5084050047,Henk Huijser
https://openalex.org/W4404857974,https://openalex.org/A5040000092,Petar Jandrić
https://openalex.org/W4404857974,https://openalex.org/A5008365827,Chanjin Zheng
https://openalex.org/W4404857974,https://openalex.org/A5038103612,Peter J. Shea
https://openalex.org/W4404857974,https://openalex.org/A5014744005,Josep M. Duart
https://openalex.org/W4404857974,https://openalex.org/A5025967912,Chryssa Themelis
https://openalex.org/W4404857974,https://openalex.org/A5048418617,Anton Vorochkov
https://openalex.org/W4404857974,https://openalex.org/A5061496841,Sunagül Sani-Bozkurt
https://openalex.org/W4404857974,https://openalex.org/A5043260259,Robert L. Moore
https://openalex.org/W4404857974,https://openalex.org/A5026563629,Tutaleni Iita Asino
https://openalex.org/W4393335480,https://openalex.org/A5007509620,Mahyar Abbasian
https://openalex.org/W4393335480,https://openalex.org/A5003400590,Elahe Khatibi
https://openalex.org/W4393335480,https://openalex.org/A5084047638,Iman Azimi
https://openalex.org/W4393335480,https://openalex.org/A5048086803,David Oniani
https://openalex.org/W4393335480,https://openalex.org/A5036846358,Zahra Shakeri Hossein Abad
https://openalex.org/W4393335480,https://openalex.org/A5032002800,Alexander Henry Thieme
https://openalex.org/W4393335480,https://openalex.org/A5077880633,Ram Duvvuru Sriram
https://openalex.org/W4393335480,https://openalex.org/A5013382897,Zhongqi Yang
https://openalex.org/W4393335480,https://openalex.org/A5080116611,Yanshan Wang
https://openalex.org/W4393335480,https://openalex.org/A5080082088,Bryant Y. Lin
https://openalex.org/W4393335480,https://openalex.org/A5078274543,Olivier Gevaert
https://openalex.org/W4393335480,https://openalex.org/A5009049500,Li-Jia Li
https://openalex.org/W4393335480,https://openalex.org/A5010478919,Ramesh Chandra Jain
https://openalex.org/W4393335480,https://openalex.org/A5042140592,Amir Masoud Rahmani
https://openalex.org/W4399809828,https://openalex.org/A5032020453,Roberto Gozalo-Brizuela
https://openalex.org/W4399809828,https://openalex.org/A5099247634,Eduardo Eduardo Garrido Merchan
https://openalex.org/W4385481791,https://openalex.org/A5085538238,Andrew A. Chien
https://openalex.org/W4385481791,https://openalex.org/A5060870457,Liuzixuan Lin
https://openalex.org/W4385481791,https://openalex.org/A5101994317,Hai Thanh Nguyen
https://openalex.org/W4385481791,https://openalex.org/A5102835006,Varsha Rao
https://openalex.org/W4385481791,https://openalex.org/A5101555117,Tristan Sharma
https://openalex.org/W4385481791,https://openalex.org/A5092581026,Rajini Wijayawardana
https://openalex.org/W4399176345,https://openalex.org/A5054124989,Manuel B. Garcia
https://openalex.org/W4402553424,https://openalex.org/A5101711824,Johannes Schneider
https://openalex.org/W4225115543,https://openalex.org/A5026028381,Michael J. Muller
https://openalex.org/W4225115543,https://openalex.org/A5049173646,Lydia B. Chilton
https://openalex.org/W4225115543,https://openalex.org/A5070791787,Anna Kantosalo
https://openalex.org/W4225115543,https://openalex.org/A5065674172,Charles Patrick Martin
https://openalex.org/W4225115543,https://openalex.org/A5031162962,Greg Walsh
https://openalex.org/W4390561469,https://openalex.org/A5093034782,Fatima Alwahedi
https://openalex.org/W4390561469,https://openalex.org/A5091479586,Alyazia Aldhaheri
https://openalex.org/W4390561469,https://openalex.org/A5026903935,Mohamed Amine Ferrag
https://openalex.org/W4390561469,https://openalex.org/A5023386051,Ammar Ayman Battah
https://openalex.org/W4390561469,https://openalex.org/A5073042391,Norbert Tihanyi
https://openalex.org/W4385847553,https://openalex.org/A5022596467,María Teresa Baldassarre
https://openalex.org/W4385847553,https://openalex.org/A5015407119,Danilo Caivano
https://openalex.org/W4385847553,https://openalex.org/A5092645022,Berenice Fernández Nieto
https://openalex.org/W4385847553,https://openalex.org/A5075610476,D Gigante
https://openalex.org/W4385847553,https://openalex.org/A5038398326,Azzurra Ragone
https://openalex.org/W4394863715,https://openalex.org/A5010817838,Tojin Thomas Eapen
https://openalex.org/W4394863715,https://openalex.org/A5017140766,Daniel J. Finkenstadt
https://openalex.org/W4394863715,https://openalex.org/A5104282132,Josh Folk
https://openalex.org/W4394863715,https://openalex.org/A5037129829,Lokesh Venkataswamy
https://openalex.org/W4378390530,https://openalex.org/A5077777059,Anjana Susarla
https://openalex.org/W4378390530,https://openalex.org/A5083265781,Ram D. Gopal
https://openalex.org/W4378390530,https://openalex.org/A5028695671,Jason Bennett Thatcher
https://openalex.org/W4378390530,https://openalex.org/A5060897112,Suprateek Sarker
https://openalex.org/W4394949392,https://openalex.org/A5031141167,Mike Perkins
https://openalex.org/W4394949392,https://openalex.org/A5028231740,Leon Furze
https://openalex.org/W4394949392,https://openalex.org/A5005028333,Jasper Roe
https://openalex.org/W4394949392,https://openalex.org/A5030210943,Jason Alexander MacVaugh
https://openalex.org/W4318566811,https://openalex.org/A5100616808,Ömer Aydın
https://openalex.org/W4318566811,https://openalex.org/A5051304181,Enis Karaarslan
https://openalex.org/W4398185604,https://openalex.org/A5043737321,Nada Hashmi
https://openalex.org/W4398185604,https://openalex.org/A5000617346,Anjali Suniti Bal
https://openalex.org/W4402350838,https://openalex.org/A5049587970,Ruichen Zhang
https://openalex.org/W4402350838,https://openalex.org/A5068782412,Hongyang Du
https://openalex.org/W4402350838,https://openalex.org/A5091266202,Dusit Tao Niyato
https://openalex.org/W4402350838,https://openalex.org/A5062761975,Jiawen Kang
https://openalex.org/W4402350838,https://openalex.org/A5005327587,Zehui Xiong
https://openalex.org/W4402350838,https://openalex.org/A5086268677,Abbas Jamalipour
https://openalex.org/W4402350838,https://openalex.org/A5100405787,Ping Zhang
https://openalex.org/W4402350838,https://openalex.org/A5022649488,Dong In Kim
https://openalex.org/W4390621457,https://openalex.org/A5030211084,Cynthia Zastudil
https://openalex.org/W4390621457,https://openalex.org/A5051298877,Magdalena Rogalska
https://openalex.org/W4390621457,https://openalex.org/A5003872244,Christine Kapp
https://openalex.org/W4390621457,https://openalex.org/A5056937936,Jennifer A. Vaughn
https://openalex.org/W4390621457,https://openalex.org/A5042822346,Stephen MacNeil
https://openalex.org/W4402961932,https://openalex.org/A5110953659,Fangwei Huang
https://openalex.org/W4402961932,https://openalex.org/A5055120498,Yongliang Wang
https://openalex.org/W4402961932,https://openalex.org/A5101543319,Haijing Zhang
https://openalex.org/W4408736524,https://openalex.org/A5065409532,Hirotaka Takita
https://openalex.org/W4408736524,https://openalex.org/A5030028085,Daijiro Kabata
https://openalex.org/W4408736524,https://openalex.org/A5043523524,Shannon Leigh Walston
https://openalex.org/W4408736524,https://openalex.org/A5067103416,Hiroyuki Tatekawa
https://openalex.org/W4408736524,https://openalex.org/A5051890309,Kenichi Saito
https://openalex.org/W4408736524,https://openalex.org/A5017115362,Yasushi Tsujimoto
https://openalex.org/W4408736524,https://openalex.org/A5029030083,Yukio Miki
https://openalex.org/W4408736524,https://openalex.org/A5084103903,Daiju Ueda
https://openalex.org/W4396707866,https://openalex.org/A5015073654,Gila Kurtz
https://openalex.org/W4396707866,https://openalex.org/A5055001897,Meital Amzalag
https://openalex.org/W4396707866,https://openalex.org/A5069118034,Nava Shaked
https://openalex.org/W4396707866,https://openalex.org/A5039827541,Yanay Zaguri
https://openalex.org/W4396707866,https://openalex.org/A5092117372,Dan Kohen-Vacs
https://openalex.org/W4396707866,https://openalex.org/A5080866419,Eran Gal
https://openalex.org/W4396707866,https://openalex.org/A5096773160,Gideon Zailer
https://openalex.org/W4396707866,https://openalex.org/A5093351001,Eran Barak-Medina
https://openalex.org/W4403935384,https://openalex.org/A5117137724,Hui Wang
https://openalex.org/W4403935384,https://openalex.org/A5017788401,Anh Kim Dang
https://openalex.org/W4403935384,https://openalex.org/A5068480230,Zihao Wu
https://openalex.org/W4403935384,https://openalex.org/A5093470987,Son Mac
https://openalex.org/W4404024323,https://openalex.org/A5003484641,Georgios Feretzakis
https://openalex.org/W4404024323,https://openalex.org/A5114509260,Konstantinos Papaspyridis
https://openalex.org/W4404024323,https://openalex.org/A5081141966,Aris Gkoulalas-Divanis
https://openalex.org/W4404024323,https://openalex.org/A5085113815,Vassilios S. Verykios
https://openalex.org/W4392564669,https://openalex.org/A5032890999,Paul C. Denny
https://openalex.org/W4392564669,https://openalex.org/A5041367899,Juho Leinonen
https://openalex.org/W4392564669,https://openalex.org/A5065053503,James E. Prather
https://openalex.org/W4392564669,https://openalex.org/A5061895558,Andrew Luxton-Reilly
https://openalex.org/W4392564669,https://openalex.org/A5086518613,Thezyrie Amarouche
https://openalex.org/W4392564669,https://openalex.org/A5054692443,Brett A. Becker
https://openalex.org/W4392564669,https://openalex.org/A5071345488,Brent N. Reeves
https://openalex.org/W4391974599,https://openalex.org/A5080357343,Siva Sai
https://openalex.org/W4391974599,https://openalex.org/A5111142608,Aanchal Gaur
https://openalex.org/W4391974599,https://openalex.org/A5058656737,R Vijay Sai
https://openalex.org/W4391974599,https://openalex.org/A5005020243,Vinay Chamola
https://openalex.org/W4391974599,https://openalex.org/A5057916222,Mohsen Guizani
https://openalex.org/W4391974599,https://openalex.org/A5076776322,Joel J. P. C. Rodrigues
https://openalex.org/W4406818641,https://openalex.org/A5061992787,Davy Tsz Kit Ng
https://openalex.org/W4406818641,https://openalex.org/A5019334769,Chung Kwan Lo
https://openalex.org/W4389235056,https://openalex.org/A5058878381,Chris Zielinski
https://openalex.org/W4389235056,https://openalex.org/A5046747648,Margaret A. Winker
https://openalex.org/W4389235056,https://openalex.org/A5001428430,Rakesh Aggarwal
https://openalex.org/W4389235056,https://openalex.org/A5018866662,Lorraine E. Ferris
https://openalex.org/W4389235056,https://openalex.org/A5109574014,Markus Heinemann
https://openalex.org/W4389235056,https://openalex.org/A5020993104,José Florencio F. Lapeña
https://openalex.org/W4389235056,https://openalex.org/A5019608731,Sanjay A Pai
https://openalex.org/W4389235056,https://openalex.org/A5085242667,Edsel B. Ing
https://openalex.org/W4389235056,https://openalex.org/A5013970045,Leslie Citrome
https://openalex.org/W4389235056,https://openalex.org/A5080613931,Murad Alam
https://openalex.org/W4389235056,https://openalex.org/A5034802082,Michael L. Voight
https://openalex.org/W4389235056,https://openalex.org/A5019521750,Farrokh Habibzadeh
https://openalex.org/W4393003817,https://openalex.org/A5033766968,Donghee Shin
https://openalex.org/W4393003817,https://openalex.org/A5023072546,Amy Koerber
https://openalex.org/W4393003817,https://openalex.org/A5037240885,Joon Soo Lim
https://openalex.org/W4407498832,https://openalex.org/A5037945876,Nguyen Viet Khoa
https://openalex.org/W4399270915,https://openalex.org/A5071892501,Omid Noroozi
https://openalex.org/W4399270915,https://openalex.org/A5093796178,Saba Soleimani
https://openalex.org/W4399270915,https://openalex.org/A5009155906,Mohammadreza Farrokhnia
https://openalex.org/W4399270915,https://openalex.org/A5047691220,Seyyed Kazem Banihashem
https://openalex.org/W4366597496,https://openalex.org/A5087336998,Nanna Inie
https://openalex.org/W4366597496,https://openalex.org/A5004570803,Jeanette Falk
https://openalex.org/W4366597496,https://openalex.org/A5105354420,Steven L. Tanimoto
https://openalex.org/W4410600596,https://openalex.org/A5004387910,Seongyong Lee
https://openalex.org/W4410600596,https://openalex.org/A5038262205,Hohsung Choe
https://openalex.org/W4410600596,https://openalex.org/A5031335640,Di Zou
https://openalex.org/W4410600596,https://openalex.org/A5061948392,Jaeho Jeon
https://openalex.org/W4397049712,https://openalex.org/A5041599929,Pervaiz Akhtar
https://openalex.org/W4397049712,https://openalex.org/A5026446959,Arsalan Mujahid Ghouri
https://openalex.org/W4397049712,https://openalex.org/A5109683136,Aniqa Ashraf
https://openalex.org/W4397049712,https://openalex.org/A5069454512,Jia Jia Lim
https://openalex.org/W4397049712,https://openalex.org/A5019179495,Naveed R. Khan
https://openalex.org/W4397049712,https://openalex.org/A5072734226,Shuang Ma
https://openalex.org/W4399182459,https://openalex.org/A5043557866,Chaoran Wang
https://openalex.org/W4400241315,https://openalex.org/A5034248834,Nripendra Pratap Rana
https://openalex.org/W4400241315,https://openalex.org/A5014852456,Rajasshrie Pillai
https://openalex.org/W4400241315,https://openalex.org/A5033736464,Brijesh Sivathanu
https://openalex.org/W4400241315,https://openalex.org/A5054977547,Nishtha Malik
https://openalex.org/W4380479516,https://openalex.org/A5086706635,Ariel Han
https://openalex.org/W4380479516,https://openalex.org/A5048829792,Zhenyao Cai
https://openalex.org/W4402473949,https://openalex.org/A5049587970,Ruichen Zhang
https://openalex.org/W4402473949,https://openalex.org/A5068782412,Hongyang Du
https://openalex.org/W4402473949,https://openalex.org/A5068961034,Yinqiu Liu
https://openalex.org/W4402473949,https://openalex.org/A5091266202,Dusit Tao Niyato
https://openalex.org/W4402473949,https://openalex.org/A5062761975,Jiawen Kang
https://openalex.org/W4402473949,https://openalex.org/A5005327587,Zehui Xiong
https://openalex.org/W4402473949,https://openalex.org/A5086268677,Abbas Jamalipour
https://openalex.org/W4402473949,https://openalex.org/A5022649488,Dong In Kim
https://openalex.org/W4408866688,https://openalex.org/A5021906807,Vishwanatha Mitnala Rao
https://openalex.org/W4408866688,https://openalex.org/A5093661470,Michael Hla
https://openalex.org/W4408866688,https://openalex.org/A5021730842,Michael Moor
https://openalex.org/W4408866688,https://openalex.org/A5009152399,Subathra Adithan
https://openalex.org/W4408866688,https://openalex.org/A5101260677,Stephen Kwak
https://openalex.org/W4408866688,https://openalex.org/A5084515381,Eric J. Topol
https://openalex.org/W4408866688,https://openalex.org/A5001094226,Pranav Rajpurkar
https://openalex.org/W4377235854,https://openalex.org/A5081442873,Stefan Feuerriegel
https://openalex.org/W4377235854,https://openalex.org/A5062843383,Jochen Hartmann
https://openalex.org/W4377235854,https://openalex.org/A5048865769,Christian Janiesch
https://openalex.org/W4377235854,https://openalex.org/A5045400933,Patrick Zschech
https://openalex.org/W4391176904,https://openalex.org/A5067660877,Herman Aguinis
https://openalex.org/W4391176904,https://openalex.org/A5044503602,Jose R. Beltran
https://openalex.org/W4391176904,https://openalex.org/A5063533312,Amando Cope
https://openalex.org/W4391819899,https://openalex.org/A5101406435,Jeong Soo Kim
https://openalex.org/W4391819899,https://openalex.org/A5100666198,Minseong Kim
https://openalex.org/W4391819899,https://openalex.org/A5059384947,Tae Hyun Baek
https://openalex.org/W4396851234,https://openalex.org/A5051941811,Yilin Ye
https://openalex.org/W4396851234,https://openalex.org/A5013075379,Jianing Hao
https://openalex.org/W4396851234,https://openalex.org/A5036386822,Yihan Hou
https://openalex.org/W4396851234,https://openalex.org/A5100411928,Zhan Wang
https://openalex.org/W4396851234,https://openalex.org/A5075939839,Shishi Xiao
https://openalex.org/W4396851234,https://openalex.org/A5100614732,Yuyu Luo
https://openalex.org/W4396851234,https://openalex.org/A5100660205,Wei Zeng
https://openalex.org/W4394994526,https://openalex.org/A5049587970,Ruichen Zhang
https://openalex.org/W4394994526,https://openalex.org/A5042668908,Ke Xiong
https://openalex.org/W4394994526,https://openalex.org/A5068782412,Hongyang Du
https://openalex.org/W4394994526,https://openalex.org/A5091266202,Dusit Tao Niyato
https://openalex.org/W4394994526,https://openalex.org/A5062761975,Jiawen Kang
https://openalex.org/W4394994526,https://openalex.org/A5100773343,Xuemin Shen
https://openalex.org/W4394994526,https://openalex.org/A5042307561,H. Vincent Poor
https://openalex.org/W4409328807,https://openalex.org/A5061527292,Marina Belkina
https://openalex.org/W4409328807,https://openalex.org/A5040074852,Scott Daniel
https://openalex.org/W4409328807,https://openalex.org/A5046771870,Sasha Nikolic
https://openalex.org/W4409328807,https://openalex.org/A5091752329,Rezwanul Haque
https://openalex.org/W4409328807,https://openalex.org/A5017320430,Sarah Lyden
https://openalex.org/W4409328807,https://openalex.org/A5043580727,Peter R. Neal
https://openalex.org/W4409328807,https://openalex.org/A5066492681,Sarah Grundy
https://openalex.org/W4409328807,https://openalex.org/A5023496317,Ghulam Mubashar Hassan
https://openalex.org/W4410507481,https://openalex.org/A5088506012,Andy Clark
https://openalex.org/W4387495024,https://openalex.org/A5069874075,Paweł Korzyński
https://openalex.org/W4387495024,https://openalex.org/A5053922801,Grzegorz Mazurek
https://openalex.org/W4387495024,https://openalex.org/A5093035497,Pamela Krzypkowska
https://openalex.org/W4387495024,https://openalex.org/A5031574552,Artur Kurasiński
https://openalex.org/W4404643622,https://openalex.org/A5101417093,Chengyuan Li
https://openalex.org/W4404643622,https://openalex.org/A5100425841,Tianyu Zhang
https://openalex.org/W4404643622,https://openalex.org/A5110514509,Xusheng Du
https://openalex.org/W4404643622,https://openalex.org/A5100449293,Ye Zhang
https://openalex.org/W4404643622,https://openalex.org/A5103016566,Haoran Xie
https://openalex.org/W4387819669,https://openalex.org/A5082528196,Ulrike Creß
https://openalex.org/W4387819669,https://openalex.org/A5030143958,Joachim Kimmerle
https://openalex.org/W4385953328,https://openalex.org/A5019423716,Athanasios Karapantelakis
https://openalex.org/W4385953328,https://openalex.org/A5027553821,Pegah Alizadeh
https://openalex.org/W4385953328,https://openalex.org/A5074914506,Abdulrahman Al-Abassi
https://openalex.org/W4385953328,https://openalex.org/A5102882587,Kaushik Kumar Dey
https://openalex.org/W4385953328,https://openalex.org/A5005176879,Alexandros Nikou
https://openalex.org/W4398245384,https://openalex.org/A5086984924,Tara Templin
https://openalex.org/W4398245384,https://openalex.org/A5014902509,Monika W. Perez
https://openalex.org/W4398245384,https://openalex.org/A5098775243,Sean Sylvia
https://openalex.org/W4398245384,https://openalex.org/A5020868614,Jeffrey T. Leek
https://openalex.org/W4398245384,https://openalex.org/A5002455648,Nasa Sinnott-Armstrong
https://openalex.org/W4413183883,https://openalex.org/A5080437165,Robert Godwin‐Jones
https://openalex.org/W4385565289,https://openalex.org/A5002843568,Krishnaram Kenthapadi
https://openalex.org/W4385565289,https://openalex.org/A5015520086,Himabindu Lakkaraju
https://openalex.org/W4385565289,https://openalex.org/A5052900932,Nazneen Fatema Rajani
https://openalex.org/W4401955591,https://openalex.org/A5050017443,Pannee Suanpang
https://openalex.org/W4401955591,https://openalex.org/A5069466686,Pattanaphong Pothipassa
https://openalex.org/W4401074745,https://openalex.org/A5025304994,Jan Henrik Gruenhagen
https://openalex.org/W4401074745,https://openalex.org/A5063967133,Peter M. Sinclair
https://openalex.org/W4401074745,https://openalex.org/A5036821719,Julie‐Anne Carroll
https://openalex.org/W4401074745,https://openalex.org/A5007275882,Philip Baker
https://openalex.org/W4401074745,https://openalex.org/A5037413263,Ann Wilson
https://openalex.org/W4401074745,https://openalex.org/A5030758778,Daniel Demant
https://openalex.org/W4368362817,https://openalex.org/A5061593640,Sebastian Porsdam Mann
https://openalex.org/W4368362817,https://openalex.org/A5058038900,Brian David Earp
https://openalex.org/W4368362817,https://openalex.org/A5072438110,Sven Nyholm
https://openalex.org/W4368362817,https://openalex.org/A5057953350,John Danaher
https://openalex.org/W4368362817,https://openalex.org/A5063041454,Nikolaj Møller
https://openalex.org/W4368362817,https://openalex.org/A5047961834,Hilary Bowman‐Smart
https://openalex.org/W4368362817,https://openalex.org/A5024940057,Joshua James Hatherley
https://openalex.org/W4368362817,https://openalex.org/A5019064241,Julian J. Koplin
https://openalex.org/W4368362817,https://openalex.org/A5077453744,Monika Plozza
https://openalex.org/W4368362817,https://openalex.org/A5085492854,Daniel Rodger
https://openalex.org/W4368362817,https://openalex.org/A5078407221,Peter V. Treit
https://openalex.org/W4368362817,https://openalex.org/A5020347819,Grégory Renard
https://openalex.org/W4368362817,https://openalex.org/A5043821989,John R McMillan
https://openalex.org/W4368362817,https://openalex.org/A5018300444,Julian Savulescu
https://openalex.org/W4411527440,https://openalex.org/A5057696511,Michael Wessel
https://openalex.org/W4411527440,https://openalex.org/A5033330633,Martin Adam
https://openalex.org/W4411527440,https://openalex.org/A5082912598,Alexander Benlian
https://openalex.org/W4411527440,https://openalex.org/A5003690939,Ann Majchrzak
https://openalex.org/W4411527440,https://openalex.org/A5021967538,Ferdinand Thies
https://openalex.org/W4400659622,https://openalex.org/A5062386313,Lasse X Jensen
https://openalex.org/W4400659622,https://openalex.org/A5089738108,Alexandra Buhl
https://openalex.org/W4400659622,https://openalex.org/A5040509726,A. V. N. L. Sharma
https://openalex.org/W4400659622,https://openalex.org/A5083689982,Margaret Bearman
https://openalex.org/W4390880765,https://openalex.org/A5090776755,Prashnna Ghimire
https://openalex.org/W4390880765,https://openalex.org/A5044167337,Kyungki Kim
https://openalex.org/W4390880765,https://openalex.org/A5019134968,Manoj Acharya
https://openalex.org/W4403828883,https://openalex.org/A5100636450,Jo�ão Batista
https://openalex.org/W4403828883,https://openalex.org/A5005651703,Anabela Mesquita
https://openalex.org/W4403828883,https://openalex.org/A5017024705,Gonçalo Carnaz
https://openalex.org/W4407778399,https://openalex.org/A5017262847,Yunjo An
https://openalex.org/W4407778399,https://openalex.org/A5036076007,Ji Hyun Yu
https://openalex.org/W4380879558,https://openalex.org/A5024863972,Fadel M. Megahed
https://openalex.org/W4380879558,https://openalex.org/A5060346883,Ying‐Ju Chen
https://openalex.org/W4380879558,https://openalex.org/A5046830748,Joshua A. Ferris
https://openalex.org/W4380879558,https://openalex.org/A5048011909,Sven Knoth
https://openalex.org/W4380879558,https://openalex.org/A5041135198,L. Allison Jones‐Farmer
https://openalex.org/W4388291302,https://openalex.org/A5058462562,Risqo M. Wahid
https://openalex.org/W4388291302,https://openalex.org/A5063283407,Joel Mero
https://openalex.org/W4388291302,https://openalex.org/A5047360486,Paavo Ritala
https://openalex.org/W4394981780,https://openalex.org/A5074725887,Carla Ferraro
https://openalex.org/W4394981780,https://openalex.org/A5080879454,Vlad Demsar
https://openalex.org/W4394981780,https://openalex.org/A5061545870,Sean Sands
https://openalex.org/W4394981780,https://openalex.org/A5051004274,Mariluz Restrepo
https://openalex.org/W4394981780,https://openalex.org/A5029814989,Colin H. Campbell
https://openalex.org/W4390667862,https://openalex.org/A5022146415,Manar Hazaimeh
https://openalex.org/W4390667862,https://openalex.org/A5005502824,Abdullah M. Al‐Ansi
https://openalex.org/W4389524534,https://openalex.org/A5088355901,Kabir Ahuja
https://openalex.org/W4389524534,https://openalex.org/A5059967242,Harshita Diddee
https://openalex.org/W4389524534,https://openalex.org/A5041796484,Rishav Hada
https://openalex.org/W4389524534,https://openalex.org/A5089451523,Millicent Ochieng
https://openalex.org/W4389524534,https://openalex.org/A5066595937,Krithika Ramesh
https://openalex.org/W4389524534,https://openalex.org/A5107246163,Prachi Jain
https://openalex.org/W4389524534,https://openalex.org/A5089950211,Akshay Uttama Nambi
https://openalex.org/W4389524534,https://openalex.org/A5024685185,Tanuja Ganu
https://openalex.org/W4389524534,https://openalex.org/A5044744764,Sameer Segal
https://openalex.org/W4389524534,https://openalex.org/A5103897560,Mohamed Ahmed
https://openalex.org/W4389524534,https://openalex.org/A5013639574,Kalika Bali
https://openalex.org/W4389524534,https://openalex.org/A5005513786,Sunayana Sitaram
https://openalex.org/W4387968438,https://openalex.org/A5035413622,Danni Xu
https://openalex.org/W4387968438,https://openalex.org/A5100777508,Shaojing Fan
https://openalex.org/W4387968438,https://openalex.org/A5016415049,Mohan Kankanhalli
https://openalex.org/W4400438713,https://openalex.org/A5067604629,Tzu‐Yu Tai
https://openalex.org/W4400438713,https://openalex.org/A5004951634,Howard Hao-Jan Chen
https://openalex.org/W4399203757,https://openalex.org/A5019739552,Chetan Arora
https://openalex.org/W4399203757,https://openalex.org/A5111216631,John Grundy
https://openalex.org/W4399203757,https://openalex.org/A5068173669,Mohamed A. Abdelrazek
https://openalex.org/W3163054706,https://openalex.org/A5082648741,Minhyang Suh
https://openalex.org/W3163054706,https://openalex.org/A5030407019,Emily Youngblom
https://openalex.org/W3163054706,https://openalex.org/A5015483503,Michael A. Terry
https://openalex.org/W3163054706,https://openalex.org/A5065663195,Carrie Jun Cai
https://openalex.org/W4393392363,https://openalex.org/A5080513179,Edwin Creely
https://openalex.org/W4410358938,https://openalex.org/A5100727959,Jiacheng Wang
https://openalex.org/W4410358938,https://openalex.org/A5068782412,Hongyang Du
https://openalex.org/W4410358938,https://openalex.org/A5068961034,Yinqiu Liu
https://openalex.org/W4410358938,https://openalex.org/A5085514719,Geng Sun
https://openalex.org/W4410358938,https://openalex.org/A5091266202,Dusit Tao Niyato
https://openalex.org/W4410358938,https://openalex.org/A5080122431,Shiwen Mao
https://openalex.org/W4410358938,https://openalex.org/A5022649488,Dong In Kim
https://openalex.org/W4410358938,https://openalex.org/A5100773343,Xuemin Shen
https://openalex.org/W4402601985,https://openalex.org/A5054520530,Thilo Hagendorff
https://openalex.org/W4389438662,https://openalex.org/A5079685686,Cecilia Ka Yuk Chan
https://openalex.org/W4389438662,https://openalex.org/A5064687508,Wenxin Zhou
https://openalex.org/W4392173880,https://openalex.org/A5090134267,Jijian Lu
https://openalex.org/W4392173880,https://openalex.org/A5051001939,Ruxin Zheng
https://openalex.org/W4392173880,https://openalex.org/A5023057765,Zikun Gong
https://openalex.org/W4392173880,https://openalex.org/A5101140793,Huifen Xu
https://openalex.org/W4401691715,https://openalex.org/A5082635229,Desta Haileselassie Hagos
https://openalex.org/W4401691715,https://openalex.org/A5113340101,Rick Battle
https://openalex.org/W4401691715,https://openalex.org/A5046343080,Danda B. Rawat
https://openalex.org/W4402459565,https://openalex.org/A5031290903,Lixu Li
https://openalex.org/W4402459565,https://openalex.org/A5101474578,Wen-Wen Zhu
https://openalex.org/W4402459565,https://openalex.org/A5114429864,Lujie Chen
https://openalex.org/W4402459565,https://openalex.org/A5067896810,Yaoqi Liu
https://openalex.org/W4402467338,https://openalex.org/A5055711049,Clare Baek
https://openalex.org/W4402467338,https://openalex.org/A5078893954,Tamara Powell Tate
https://openalex.org/W4402467338,https://openalex.org/A5074661038,Mark Warschauer
https://openalex.org/W4404195142,https://openalex.org/A5100658075,Jiyeon Park
https://openalex.org/W4404195142,https://openalex.org/A5007076780,Sam Choo
https://openalex.org/W4405131138,https://openalex.org/A5080513179,Edwin Creely
https://openalex.org/W4405131138,https://openalex.org/A5090701950,Joanne Blannin
https://openalex.org/W4396833364,https://openalex.org/A5045188560,Allison Woodruff
https://openalex.org/W4396833364,https://openalex.org/A5063334612,Renee Marie Shelby
https://openalex.org/W4396833364,https://openalex.org/A5018021084,Patrick Gage Kelley
https://openalex.org/W4396833364,https://openalex.org/A5081697936,Steven Rousso-Schindler
https://openalex.org/W4396833364,https://openalex.org/A5010827180,Jamila Smith-Loud
https://openalex.org/W4396833364,https://openalex.org/A5043868130,Lauren G Wilcox
https://openalex.org/W4409039478,https://openalex.org/A5024857345,Alexander Kofinas
https://openalex.org/W4409039478,https://openalex.org/A5037319043,Crystal Han‐Huei Tsay
https://openalex.org/W4409039478,https://openalex.org/A5103257137,David A. Pike
https://openalex.org/W4401850697,https://openalex.org/A5067628540,Cormac McGrath
https://openalex.org/W4401850697,https://openalex.org/A5002612803,Alexandra Farazouli
https://openalex.org/W4401850697,https://openalex.org/A5022425580,Teresa Cerratto Pargman
https://openalex.org/W4384302129,https://openalex.org/A5004530445,Balagopal Ramdurai
https://openalex.org/W4384302129,https://openalex.org/A5092470185,Prasanna Adhithya
https://openalex.org/W4401846772,https://openalex.org/A5060321085,Muhammad Farrukh Shahzad
https://openalex.org/W4401846772,https://openalex.org/A5060199267,Shuo Xu
https://openalex.org/W4401846772,https://openalex.org/A5106638535,Hira Zahid
https://openalex.org/W4380629073,https://openalex.org/A5075500822,Changwei Gong
https://openalex.org/W4380629073,https://openalex.org/A5068387002,Changhong Jing
https://openalex.org/W4380629073,https://openalex.org/A5036370695,Xuhang Chen
https://openalex.org/W4380629073,https://openalex.org/A5005772506,Chi‐Man Pun
https://openalex.org/W4380629073,https://openalex.org/A5003104803,Guoli Huang
https://openalex.org/W4380629073,https://openalex.org/A5054599006,Ashirbani Saha
https://openalex.org/W4380629073,https://openalex.org/A5074184132,Martin Nieuwoudt
https://openalex.org/W4380629073,https://openalex.org/A5090216201,Han‐Xiong Li
https://openalex.org/W4380629073,https://openalex.org/A5042083053,Yong Hu
https://openalex.org/W4380629073,https://openalex.org/A5082547911,Shuqiang Wang
https://openalex.org/W4400344961,https://openalex.org/A5111249607,Dwayne Wood
https://openalex.org/W4400344961,https://openalex.org/A5151016113,Scott Moss
https://openalex.org/W4410317321,https://openalex.org/A5052531201,Michael Henderson
https://openalex.org/W4410317321,https://openalex.org/A5083689982,Margaret Bearman
https://openalex.org/W4410317321,https://openalex.org/A5012855920,Jennifer Chung
https://openalex.org/W4410317321,https://openalex.org/A5054182125,Tim Fawns
https://openalex.org/W4410317321,https://openalex.org/A5057774051,Simon Buckingham Shum
https://openalex.org/W4410317321,https://openalex.org/A5055715730,Kelly Matthews
https://openalex.org/W4410317321,https://openalex.org/A5091559852,Jimena de Mello Heredia
https://openalex.org/W4392856471,https://openalex.org/A5053902065,Bojan Obrenovic
https://openalex.org/W4392856471,https://openalex.org/A5054324883,Xiao Gu
https://openalex.org/W4392856471,https://openalex.org/A5102966200,Guoyu Wang
https://openalex.org/W4392856471,https://openalex.org/A5065590092,Danijela Godinić
https://openalex.org/W4392856471,https://openalex.org/A5078093050,Ilimdorjon Jakhongirov
https://openalex.org/W4398768358,https://openalex.org/A5043171814,Debarun Chakraborty
https://openalex.org/W4398768358,https://openalex.org/A5061235109,Arpan Kumar Kar
https://openalex.org/W4398768358,https://openalex.org/A5028450977,Smruti Patre
https://openalex.org/W4398768358,https://openalex.org/A5023290544,Shivam Gupta
https://openalex.org/W4396761934,https://openalex.org/A5016231501,Tomasz Hollanek
https://openalex.org/W4396761934,https://openalex.org/A5025679579,Katarzyna Nowaczyk-Basińska
https://openalex.org/W4386180266,https://openalex.org/A5064046791,Fangneng Zhan
https://openalex.org/W4386180266,https://openalex.org/A5090126397,Yingchen Yu
https://openalex.org/W4386180266,https://openalex.org/A5101182307,Rongliang Wu
https://openalex.org/W4386180266,https://openalex.org/A5100383594,Jiahui Zhang
https://openalex.org/W4386180266,https://openalex.org/A5023507910,Shijian Lu
https://openalex.org/W4386180266,https://openalex.org/A5087345525,Lingjie Liu
https://openalex.org/W4386180266,https://openalex.org/A5084928022,Adam Kortylewski
https://openalex.org/W4386180266,https://openalex.org/A5020664641,Christian Theobalt
https://openalex.org/W4386180266,https://openalex.org/A5009547049,Eric P. Xing
https://openalex.org/W4392542324,https://openalex.org/A5000974457,Matin Amoozadeh
https://openalex.org/W4392542324,https://openalex.org/A5086165859,David Daniels
https://openalex.org/W4392542324,https://openalex.org/A5040818628,Daye Nam
https://openalex.org/W4392542324,https://openalex.org/A5024703234,Aayush Kumar
https://openalex.org/W4392542324,https://openalex.org/A5011765923,Stella Chen
https://openalex.org/W4392542324,https://openalex.org/A5088362471,Michael L. Hilton
https://openalex.org/W4392542324,https://openalex.org/A5014639509,Sruti Srinivasa Ragavan
https://openalex.org/W4392542324,https://openalex.org/A5090034689,Mohammad Amin Alipour
https://openalex.org/W4401945042,https://openalex.org/A5031290903,Lixu Li
https://openalex.org/W4401945042,https://openalex.org/A5067896810,Yaoqi Liu
https://openalex.org/W4401945042,https://openalex.org/A5100447780,Yong Jimmy Jin
https://openalex.org/W4401945042,https://openalex.org/A5032676950,T.C.E. Cheng
https://openalex.org/W4401945042,https://openalex.org/A5108329134,Qianjun Zhang
https://openalex.org/W4407070057,https://openalex.org/A5026903935,Mohamed Amine Ferrag
https://openalex.org/W4407070057,https://openalex.org/A5093034782,Fatima Alwahedi
https://openalex.org/W4407070057,https://openalex.org/A5023386051,Ammar Ayman Battah
https://openalex.org/W4407070057,https://openalex.org/A5033900051,Bilel Cherif
https://openalex.org/W4407070057,https://openalex.org/A5098768017,Abdechakour Mechri
https://openalex.org/W4407070057,https://openalex.org/A5073042391,Norbert Tihanyi
https://openalex.org/W4407070057,https://openalex.org/A5052473439,Tamás Bisztray
https://openalex.org/W4407070057,https://openalex.org/A5056145687,Mérouane Debbah
https://openalex.org/W4398792098,https://openalex.org/A5074413801,Louise Amoore
https://openalex.org/W4398792098,https://openalex.org/A5030682390,Alexander Campolo
https://openalex.org/W4398792098,https://openalex.org/A5027419906,Benjamin N. Jacobsen
https://openalex.org/W4398792098,https://openalex.org/A5006542025,Ludovico Rella
https://openalex.org/W4401387030,https://openalex.org/A5102898516,Zhenyu Tao
https://openalex.org/W4401387030,https://openalex.org/A5013867024,Wei Xu
https://openalex.org/W4401387030,https://openalex.org/A5056225611,Yongming Huang
https://openalex.org/W4401387030,https://openalex.org/A5100447912,Xiaoyun Wang
https://openalex.org/W4401387030,https://openalex.org/A5072916702,Xiaohu You
https://openalex.org/W4408774046,https://openalex.org/A5025005731,Ana Elisa Sousa
https://openalex.org/W4408774046,https://openalex.org/A5064817617,Paula Freire Cardoso
https://openalex.org/W4393864550,https://openalex.org/A5085560176,Nguyễn Văn Huynh
https://openalex.org/W4393864550,https://openalex.org/A5100727959,Jiacheng Wang
https://openalex.org/W4393864550,https://openalex.org/A5068782412,Hongyang Du
https://openalex.org/W4393864550,https://openalex.org/A5007992576,Dinh Thai Hoang
https://openalex.org/W4393864550,https://openalex.org/A5091266202,Dusit Tao Niyato
https://openalex.org/W4393864550,https://openalex.org/A5100697893,Diep Ngoc Nguyen
https://openalex.org/W4393864550,https://openalex.org/A5022649488,Dong In Kim
https://openalex.org/W4393864550,https://openalex.org/A5079052203,Khaled B. Letaief
https://openalex.org/W4390490759,https://openalex.org/A5063159225,Irene Hou
https://openalex.org/W4390490759,https://openalex.org/A5093633769,Sophia Mettille
https://openalex.org/W4390490759,https://openalex.org/A5077978579,Owen Man
https://openalex.org/W4390490759,https://openalex.org/A5044220328,Zhuo Li
https://openalex.org/W4390490759,https://openalex.org/A5030211084,Cynthia Zastudil
https://openalex.org/W4390490759,https://openalex.org/A5042822346,Stephen MacNeil
https://openalex.org/W4410098916,https://openalex.org/A5101185329,Xiaoqing Xu
https://openalex.org/W4410098916,https://openalex.org/A5113750912,Lifang Qiao
https://openalex.org/W4410098916,https://openalex.org/A5111883158,Nuo Cheng
https://openalex.org/W4410098916,https://openalex.org/A5068212133,Hongxia Liu
https://openalex.org/W4410098916,https://openalex.org/A5109623321,Wei Zhao
https://openalex.org/W4391129140,https://openalex.org/A5045975804,Mohamed R. Shoaib
https://openalex.org/W4391129140,https://openalex.org/A5006945406,Zefan Wang
https://openalex.org/W4391129140,https://openalex.org/A5059571632,Milad Taleby Ahvanooey
https://openalex.org/W4391129140,https://openalex.org/A5071321132,Jun Zhao
https://openalex.org/W4411497629,https://openalex.org/A5113668949,Jie Lu
https://openalex.org/W4411497629,https://openalex.org/A5091255029,Lesley Luyang Song
https://openalex.org/W4411497629,https://openalex.org/A5063788561,Luxian Zhang
https://openalex.org/W4394857881,https://openalex.org/A5049393643,Jeandri Robertson
https://openalex.org/W4394857881,https://openalex.org/A5020504039,Caitlin Candice Ferreira
https://openalex.org/W4394857881,https://openalex.org/A5090375697,Elsamari Botha
https://openalex.org/W4394857881,https://openalex.org/A5051475823,Kim Oosthuizen
https://openalex.org/W4402118393,https://openalex.org/A5091402854,Sophia Soomin Lee
https://openalex.org/W4402118393,https://openalex.org/A5043260259,Robert L. Moore
https://openalex.org/W4392106982,https://openalex.org/A5056465944,Declan Humphreys
https://openalex.org/W4392106982,https://openalex.org/A5054372628,Abigail Koay
https://openalex.org/W4392106982,https://openalex.org/A5056942139,Dennis Desmond
https://openalex.org/W4392106982,https://openalex.org/A5012017583,Erica Mealy
https://openalex.org/W4401203858,https://openalex.org/A5015883703,Soraya Sedkaoui
https://openalex.org/W4401203858,https://openalex.org/A5073001133,Rafika Benaichouba
https://openalex.org/W4380360954,https://openalex.org/A5041785132,Irene Solaiman
https://openalex.org/W4386305288,https://openalex.org/A5080624294,Mohamad Koohi‐Moghadam
https://openalex.org/W4386305288,https://openalex.org/A5111505130,Kyongtae Ty Bae
https://openalex.org/W4400644893,https://openalex.org/A5100727959,Jiacheng Wang
https://openalex.org/W4400644893,https://openalex.org/A5068782412,Hongyang Du
https://openalex.org/W4400644893,https://openalex.org/A5091266202,Dusit Tao Niyato
https://openalex.org/W4400644893,https://openalex.org/A5062761975,Jiawen Kang
https://openalex.org/W4400644893,https://openalex.org/A5009164482,Shuguang Robert Cui
https://openalex.org/W4400644893,https://openalex.org/A5100773343,Xuemin Shen
https://openalex.org/W4400644893,https://openalex.org/A5100405787,Ping Zhang
https://openalex.org/W4388108480,https://openalex.org/A5031141167,Mike Perkins
https://openalex.org/W4388108480,https://openalex.org/A5005028333,Jasper Roe
https://openalex.org/W4388108480,https://openalex.org/A5092050353,Darius Postma
https://openalex.org/W4388108480,https://openalex.org/A5092050354,James McGaughran
https://openalex.org/W4388108480,https://openalex.org/A5092050355,Don Hickerson
https://openalex.org/W4401070271,https://openalex.org/A5010119057,Chengsi Liang
https://openalex.org/W4401070271,https://openalex.org/A5068782412,Hongyang Du
https://openalex.org/W4401070271,https://openalex.org/A5054764710,Yao Sun
https://openalex.org/W4401070271,https://openalex.org/A5091266202,Dusit Tao Niyato
https://openalex.org/W4401070271,https://openalex.org/A5062761975,Jiawen Kang
https://openalex.org/W4401070271,https://openalex.org/A5027569449,Dezong Zhao
https://openalex.org/W4401070271,https://openalex.org/A5100331811,Muhammad Ali Imran
https://openalex.org/W4410974018,https://openalex.org/A5113909225,Zuojun Xu
https://openalex.org/W4410974018,https://openalex.org/A5102920508,Feng Ren
https://openalex.org/W4410974018,https://openalex.org/A5100338632,Ping Wang
https://openalex.org/W4410974018,https://openalex.org/A5100626506,Jie Cao
https://openalex.org/W4410974018,https://openalex.org/A5106233782,Chunting Tan
https://openalex.org/W4410974018,https://openalex.org/A5031038465,Dedong Ma
https://openalex.org/W4410974018,https://openalex.org/A5012891207,Li Zhao
https://openalex.org/W4410974018,https://openalex.org/A5082363817,Jinghong Dai
https://openalex.org/W4410974018,https://openalex.org/A5083605474,Yipeng Ding
https://openalex.org/W4410974018,https://openalex.org/A5063777579,Haohui Fang
https://openalex.org/W4410974018,https://openalex.org/A5100605686,Huiping Li
https://openalex.org/W4410974018,https://openalex.org/A5100410279,Hong Liu
https://openalex.org/W4410974018,https://openalex.org/A5101517319,Fengming Luo
https://openalex.org/W4410974018,https://openalex.org/A5035258440,Ying Meng
https://openalex.org/W4410974018,https://openalex.org/A5016167992,Pinhua Pan
https://openalex.org/W4410974018,https://openalex.org/A5111498212,Pingchao Xiang
https://openalex.org/W4410974018,https://openalex.org/A5081793358,Zuke Xiao
https://openalex.org/W4410974018,https://openalex.org/A5104189753,Sujata Rao
https://openalex.org/W4410974018,https://openalex.org/A5110586233,Carol Ann Satler
https://openalex.org/W4410974018,https://openalex.org/A5042220332,Sang Liu
https://openalex.org/W4410974018,https://openalex.org/A5101495896,Yuan Lv
https://openalex.org/W4410974018,https://openalex.org/A5111500191,Heng Zhao
https://openalex.org/W4410974018,https://openalex.org/A5100369740,Shan Chen
https://openalex.org/W4410974018,https://openalex.org/A5111007168,Hui Fang Cui
https://openalex.org/W4410974018,https://openalex.org/A5082210585,Mikhail Korzinkin
https://openalex.org/W4410974018,https://openalex.org/A5032105186,David G. Gennert
https://openalex.org/W4410974018,https://openalex.org/A5036742375,Alex A. Zhavoronkov
https://openalex.org/W4389094616,https://openalex.org/A5053847761,Yunhao Zhang
https://openalex.org/W4389094616,https://openalex.org/A5080834117,Renée Gosline
https://openalex.org/W4411842024,https://openalex.org/A5092611926,Iván Miguel García-López
https://openalex.org/W4411842024,https://openalex.org/A5076022305,Laura Trujillo Liñán
https://openalex.org/W4394582147,https://openalex.org/A5002336206,Chih‐Chung Chien
https://openalex.org/W4394582147,https://openalex.org/A5041521414,Hung-Yu Chan
https://openalex.org/W4394582147,https://openalex.org/A5085454224,Huei‐Tse Hou
https://openalex.org/W4400070936,https://openalex.org/A5005020243,Vinay Chamola
https://openalex.org/W4400070936,https://openalex.org/A5027275085,Gaurang Bansal
https://openalex.org/W4400070936,https://openalex.org/A5074146831,Tridib Kumar Das
https://openalex.org/W4400070936,https://openalex.org/A5018894191,Vikas Hassija
https://openalex.org/W4400070936,https://openalex.org/A5080357343,Siva Sai
https://openalex.org/W4400070936,https://openalex.org/A5100727959,Jiacheng Wang
https://openalex.org/W4400070936,https://openalex.org/A5002810652,Sherali Zeadally
https://openalex.org/W4400070936,https://openalex.org/A5062211930,Amir Hussain
https://openalex.org/W4400070936,https://openalex.org/A5100420016,Fei Richard Yu
https://openalex.org/W4400070936,https://openalex.org/A5057916222,Mohsen Guizani
https://openalex.org/W4400070936,https://openalex.org/A5091266202,Dusit Tao Niyato
https://openalex.org/W4379416244,https://openalex.org/A5048622877,Yogesh Kumar Dwivedi
https://openalex.org/W4379416244,https://openalex.org/A5035078504,Neeraj Pandey
https://openalex.org/W4379416244,https://openalex.org/A5078186360,Wendy L. Currie
https://openalex.org/W4379416244,https://openalex.org/A5007855322,Adrian Micu
https://openalex.org/W4404490940,https://openalex.org/A5013379229,Xiaoming Zhaı
https://openalex.org/W4392557826,https://openalex.org/A5045670851,Marium M. Raza
https://openalex.org/W4392557826,https://openalex.org/A5046604438,Kaushik P. Venkatesh
https://openalex.org/W4392557826,https://openalex.org/A5059808008,Joseph C. Kvedar
https://openalex.org/W4366113120,https://openalex.org/A5083681237,Chris Berg
https://openalex.org/W4399070603,https://openalex.org/A5103564889,Yi Zheng
https://openalex.org/W4399070603,https://openalex.org/A5069140178,Yabing Wang
https://openalex.org/W4399070603,https://openalex.org/A5019219908,Kelly Shu-xia Liu
https://openalex.org/W4399070603,https://openalex.org/A5023103142,Michael Yi‐Chao Jiang
https://openalex.org/W4390432359,https://openalex.org/A5078414690,Durgesh M. Sharma
https://openalex.org/W4390432359,https://openalex.org/A5051032722,K. Venkata Ramana
https://openalex.org/W4390432359,https://openalex.org/A5101484501,R. Jothilakshmi
https://openalex.org/W4390432359,https://openalex.org/A5050592031,Rakesh M Verma
https://openalex.org/W4390432359,https://openalex.org/A5071520668,B. Uma Maheswari
https://openalex.org/W4390432359,https://openalex.org/A5030228684,Sampath Boopathi
https://openalex.org/W4390563453,https://openalex.org/A5025111510,Benjamin Luke Moorhouse
https://openalex.org/W4388455152,https://openalex.org/A5049935849,Martin Senftleben
https://openalex.org/W4385605341,https://openalex.org/A5033176798,Julian Varghese
https://openalex.org/W4385605341,https://openalex.org/A5008309831,Julius Chapiro
https://openalex.org/W4402197779,https://openalex.org/A5048087335,Cesare Giulio Ardito
https://openalex.org/W4403192861,https://openalex.org/A5022937213,Zuheir N. Khlaif
https://openalex.org/W4403192861,https://openalex.org/A5074098841,Abed Alkarim Ayyoub
https://openalex.org/W4403192861,https://openalex.org/A5014637245,Bilal Tawfiq Hamamra
https://openalex.org/W4403192861,https://openalex.org/A5059058018,Elias Bensalem
https://openalex.org/W4403192861,https://openalex.org/A5092625938,Mohamed A. A. Mitwally
https://openalex.org/W4403192861,https://openalex.org/A5092509111,Ahmad Ayyoub
https://openalex.org/W4403192861,https://openalex.org/A5063076612,Muayad Kamal Hattab
https://openalex.org/W4403192861,https://openalex.org/A5107814291,Fadi Shadid
https://openalex.org/W4396831955,https://openalex.org/A5061384575,DaEun Choi
https://openalex.org/W4396831955,https://openalex.org/A5015769135,Sumin Hong
https://openalex.org/W4396831955,https://openalex.org/A5035422398,Jeongeon Park
https://openalex.org/W4396831955,https://openalex.org/A5081068980,John Joon Young Chung
https://openalex.org/W4396831955,https://openalex.org/A5079709359,Juho Kim
https://openalex.org/W4404518333,https://openalex.org/A5052060244,Jackie Kay
https://openalex.org/W4404518333,https://openalex.org/A5047979305,Atoosa Kasirzadeh
https://openalex.org/W4404518333,https://openalex.org/A5084530286,Shakir Mohamed
https://openalex.org/W4383753323,https://openalex.org/A5053209543,Minrui Xu
https://openalex.org/W4383753323,https://openalex.org/A5091266202,Dusit Tao Niyato
https://openalex.org/W4383753323,https://openalex.org/A5102015812,Junlong Chen
https://openalex.org/W4383753323,https://openalex.org/A5100440579,Hongliang Zhang
https://openalex.org/W4383753323,https://openalex.org/A5062761975,Jiawen Kang
https://openalex.org/W4383753323,https://openalex.org/A5005327587,Zehui Xiong
https://openalex.org/W4383753323,https://openalex.org/A5080122431,Shiwen Mao
https://openalex.org/W4383753323,https://openalex.org/A5063667378,Zhu Han
https://openalex.org/W4387670572,https://openalex.org/A5009574178,Abdulrahman M. Al-Zahrani
https://openalex.org/W4407106354,https://openalex.org/A5022937213,Zuheir N. Khlaif
https://openalex.org/W4407106354,https://openalex.org/A5114997126,Wejdan Awadallah Alkouk
https://openalex.org/W4407106354,https://openalex.org/A5015005048,Nisreen Salama
https://openalex.org/W4407106354,https://openalex.org/A5114272044,Belal Abu Eideh
https://openalex.org/W4405628342,https://openalex.org/A5043199158,Erik Hermann
https://openalex.org/W4405628342,https://openalex.org/A5086883230,Stefano Puntoni
https://openalex.org/W4376652806,https://openalex.org/A5110976340,Anastasia Olga
https://openalex.org/W4376652806,https://openalex.org/A5014592645,Anastasia Olga Tzirides
https://openalex.org/W4376652806,https://openalex.org/A5016109937,Akash Saini
https://openalex.org/W4376652806,https://openalex.org/A5016984258,Gabriela Cecilia Zapata
https://openalex.org/W4376652806,https://openalex.org/A5062136869,Duane Searsmith
https://openalex.org/W4376652806,https://openalex.org/A5063499667,Bill Cope
https://openalex.org/W4376652806,https://openalex.org/A5044554581,Mary Kalantzis
https://openalex.org/W4376652806,https://openalex.org/A5075714203,Vania Carvalho de Castro
https://openalex.org/W4376652806,https://openalex.org/A5091957293,Theodora Kourkoulou
https://openalex.org/W4376652806,https://openalex.org/A5018668041,JOHN H. JONES
https://openalex.org/W4376652806,https://openalex.org/A5030001736,Rodrigo Abrantes da Silva
https://openalex.org/W4376652806,https://openalex.org/A5109623866,Jen Story Whiting
https://openalex.org/W4376652806,https://openalex.org/A5091957291,Nikoleta Polyxeni Kastania
https://openalex.org/W4383301640,https://openalex.org/A5062687991,Mindy Duffourc
https://openalex.org/W4383301640,https://openalex.org/A5000641874,Sara Gerke
https://openalex.org/W4395959984,https://openalex.org/A5009128737,Julian De Freitas
https://openalex.org/W4395959984,https://openalex.org/A5076810459,Ivan Glenn Cohen
https://openalex.org/W4401730946,https://openalex.org/A5027275085,Gaurang Bansal
https://openalex.org/W4401730946,https://openalex.org/A5094079084,Aditya Nawal
https://openalex.org/W4401730946,https://openalex.org/A5005020243,Vinay Chamola
https://openalex.org/W4401730946,https://openalex.org/A5062682055,Norbert Herencsár
https://openalex.org/W4390697894,https://openalex.org/A5093671138,NaYoung Song
https://openalex.org/W4400722369,https://openalex.org/A5034734584,Xinyue Hao
https://openalex.org/W4400722369,https://openalex.org/A5059391208,Emrah Demir
https://openalex.org/W4400722369,https://openalex.org/A5088749552,Daniel Roy Eyers
https://openalex.org/W4393145628,https://openalex.org/A5003895851,Safinah Ali
https://openalex.org/W4393145628,https://openalex.org/A5031300059,Prerna Ravi
https://openalex.org/W4393145628,https://openalex.org/A5034726901,Randi M. Williams
https://openalex.org/W4393145628,https://openalex.org/A5029252194,Daniella DiPaola
https://openalex.org/W4393145628,https://openalex.org/A5108541589,Cynthia Breazeal
https://openalex.org/W4388910605,https://openalex.org/A5074230777,Aras Bozkurt
https://openalex.org/W4408391877,https://openalex.org/A5060547968,Aya Shata
https://openalex.org/W4408391877,https://openalex.org/A5085283950,Kendall Hartley
https://openalex.org/W4389201667,https://openalex.org/A5059757179,Jeong Hyun Kim
https://openalex.org/W4389201667,https://openalex.org/A5030768871,Jungkeun Kim
https://openalex.org/W4389201667,https://openalex.org/A5100644678,Jooyoung Park
https://openalex.org/W4389201667,https://openalex.org/A5076425726,Changju Kim
https://openalex.org/W4389201667,https://openalex.org/A5018579721,Jihoon Jhang
https://openalex.org/W4389201667,https://openalex.org/A5027102522,Brian E. M. King
https://openalex.org/W4395673823,https://openalex.org/A5052787141,James Hutson
https://openalex.org/W4403714226,https://openalex.org/A5086677960,Claudio Novelli
https://openalex.org/W4403714226,https://openalex.org/A5052670679,Federico Casolari
https://openalex.org/W4403714226,https://openalex.org/A5021479029,Philipp Hacker
https://openalex.org/W4403714226,https://openalex.org/A5061114368,Giorgio Alfredo Spedicato
https://openalex.org/W4403714226,https://openalex.org/A5046574356,Luciano Floridi
https://openalex.org/W4408453984,https://openalex.org/A5084512940,Emilia Mikołajewska
https://openalex.org/W4408453984,https://openalex.org/A5086266633,Dariusz Mikołajewski
https://openalex.org/W4408453984,https://openalex.org/A5039427014,Tadeusz Mikołajczyk
https://openalex.org/W4408453984,https://openalex.org/A5011607122,Tomasz Paczkowski
https://openalex.org/W4367694193,https://openalex.org/A5079685686,Cecilia Ka Yuk Chan
https://openalex.org/W4367694193,https://openalex.org/A5018198927,Wenjie Hu
https://openalex.org/W4390660070,https://openalex.org/A5024225018,Lina Bariah
https://openalex.org/W4390660070,https://openalex.org/A5055773757,Qiyang Zhao
https://openalex.org/W4390660070,https://openalex.org/A5050232974,Hang Zou
https://openalex.org/W4390660070,https://openalex.org/A5072835438,Yu Ting Tian
https://openalex.org/W4390660070,https://openalex.org/A5019652901,Faouzi Bader
https://openalex.org/W4390660070,https://openalex.org/A5056145687,Mérouane Debbah
https://openalex.org/W4367602258,https://openalex.org/A5081166809,Haotian Cui
https://openalex.org/W4367602258,https://openalex.org/A5010534603,Hassaan Maan
https://openalex.org/W4367602258,https://openalex.org/A5065649249,Kuan Pang
https://openalex.org/W4367602258,https://openalex.org/A5101237456,Fengning Luo
https://openalex.org/W4367602258,https://openalex.org/A5100408160,Bo Wang
https://openalex.org/W4386719008,https://openalex.org/A5102762718,Tung Phung
https://openalex.org/W4386719008,https://openalex.org/A5017276574,Victor-Alexandru Pădurean
https://openalex.org/W4386719008,https://openalex.org/A5046282128,José Cambronero
https://openalex.org/W4386719008,https://openalex.org/A5011543162,Sumit Gulwani
https://openalex.org/W4386719008,https://openalex.org/A5046797489,Tobias Kohn
https://openalex.org/W4386719008,https://openalex.org/A5081010207,Rupak Majumdar
https://openalex.org/W4386719008,https://openalex.org/A5027711113,Adish Kumar Singla
https://openalex.org/W4386719008,https://openalex.org/A5025062647,Gustavo Soares
https://openalex.org/W4386248667,https://openalex.org/A5059384947,Tae Hyun Baek
https://openalex.org/W4393952013,https://openalex.org/A5011062485,Jiangang Hao
https://openalex.org/W4393952013,https://openalex.org/A5069338102,Alina A. von Davier
https://openalex.org/W4393952013,https://openalex.org/A5085816136,Victoria Yaneva
https://openalex.org/W4393952013,https://openalex.org/A5112762522,Susan M. Lottridge
https://openalex.org/W4393952013,https://openalex.org/A5034746997,Matthias von Davier
https://openalex.org/W4393952013,https://openalex.org/A5114015211,Deborah J. Harris
https://openalex.org/W4399765305,https://openalex.org/A5037169095,Kraisila Kanont
https://openalex.org/W4399765305,https://openalex.org/A5011519331,Pawarit Pingmuang
https://openalex.org/W4399765305,https://openalex.org/A5099177448,Thewawuth Simasathien
https://openalex.org/W4399765305,https://openalex.org/A5099177449,Suchaya Wisnuwong
https://openalex.org/W4399765305,https://openalex.org/A5099177450,Benz Wiwatsiripong
https://openalex.org/W4399765305,https://openalex.org/A5087075539,Kanitta Poonpirome
https://openalex.org/W4399765305,https://openalex.org/A5031177375,Noawanit Songkram
https://openalex.org/W4399765305,https://openalex.org/A5049760759,Jintavee Khlaisang
https://openalex.org/W4405205175,https://openalex.org/A5007717900,Wasswa Shafik
https://openalex.org/W4392376410,https://openalex.org/A5035513810,Amanda A. Alvarez
https://openalex.org/W4392376410,https://openalex.org/A5101545719,Aylin Caliskan
https://openalex.org/W4392376410,https://openalex.org/A5014931127,Molly J. Crockett
https://openalex.org/W4392376410,https://openalex.org/A5091389236,Shirley S. Ho
https://openalex.org/W4392376410,https://openalex.org/A5007779401,Lisa R. Messeri
https://openalex.org/W4392376410,https://openalex.org/A5046879461,Jevin D. West
https://openalex.org/W4385971163,https://openalex.org/A5092508911,Pan Singh Dhoni
https://openalex.org/W4385971163,https://openalex.org/A5050789819,Ravinder Kumar
https://openalex.org/W4390096766,https://openalex.org/A5068414997,Diem Thi Hong Vo
https://openalex.org/W4390096766,https://openalex.org/A5070432626,Minh Nguyen Nhat
https://openalex.org/W4390096766,https://openalex.org/A5076689444,Thi Thu Tra Pham
https://openalex.org/W4390096766,https://openalex.org/A5086620384,Hieu Thai Trung
https://openalex.org/W4390096766,https://openalex.org/A5020969364,Ha Xuan Son
https://openalex.org/W4400015499,https://openalex.org/A5025832645,Adam Shore
https://openalex.org/W4400015499,https://openalex.org/A5043315369,Manisha Tiwari
https://openalex.org/W4400015499,https://openalex.org/A5054173667,Priyanka Tandon
https://openalex.org/W4400015499,https://openalex.org/A5000351035,Cyril R. H. Foropon
https://openalex.org/W4400418528,https://openalex.org/A5066727909,Tasin Islam
https://openalex.org/W4400418528,https://openalex.org/A5073772227,Alina Miron
https://openalex.org/W4400418528,https://openalex.org/A5017695914,Monomita Nandy
https://openalex.org/W4400418528,https://openalex.org/A5036261076,Jyoti Choudrie
https://openalex.org/W4400418528,https://openalex.org/A5100375376,Xiaohui Liu
https://openalex.org/W4400418528,https://openalex.org/A5005447276,Yongmin Li
https://openalex.org/W4387245356,https://openalex.org/A5102766141,Yun-Cheng Wang
https://openalex.org/W4387245356,https://openalex.org/A5018676993,Jintang Xue
https://openalex.org/W4387245356,https://openalex.org/A5104138755,Chengwei Wei
https://openalex.org/W4387245356,https://openalex.org/A5001082656,C.‐C. Jay Kuo
https://openalex.org/W4371783954,https://openalex.org/A5039407616,Matthew Sag
https://openalex.org/W4400933825,https://openalex.org/A5031618552,Jiayuan Chen
https://openalex.org/W4400933825,https://openalex.org/A5077508069,You Shi
https://openalex.org/W4400933825,https://openalex.org/A5043939315,Changyan Yi
https://openalex.org/W4400933825,https://openalex.org/A5068782412,Hongyang Du
https://openalex.org/W4400933825,https://openalex.org/A5062761975,Jiawen Kang
https://openalex.org/W4400933825,https://openalex.org/A5091266202,Dusit Tao Niyato
https://openalex.org/W4391062409,https://openalex.org/A5100332722,Nan Wang
https://openalex.org/W4391062409,https://openalex.org/A5101405178,Xiao Wang
https://openalex.org/W4391062409,https://openalex.org/A5011372688,Yu-Sheng Su
https://openalex.org/W4400228959,https://openalex.org/A5068782412,Hongyang Du
https://openalex.org/W4400228959,https://openalex.org/A5091266202,Dusit Tao Niyato
https://openalex.org/W4400228959,https://openalex.org/A5062761975,Jiawen Kang
https://openalex.org/W4400228959,https://openalex.org/A5005327587,Zehui Xiong
https://openalex.org/W4400228959,https://openalex.org/A5100405787,Ping Zhang
https://openalex.org/W4400228959,https://openalex.org/A5009164482,Shuguang Robert Cui
https://openalex.org/W4400228959,https://openalex.org/A5100773343,Xuemin Shen
https://openalex.org/W4400228959,https://openalex.org/A5080122431,Shiwen Mao
https://openalex.org/W4400228959,https://openalex.org/A5063667378,Zhu Han
https://openalex.org/W4400228959,https://openalex.org/A5086268677,Abbas Jamalipour
https://openalex.org/W4400228959,https://openalex.org/A5042307561,H. Vincent Poor
https://openalex.org/W4400228959,https://openalex.org/A5022649488,Dong In Kim
https://openalex.org/W4392595892,https://openalex.org/A5101663381,Wenjuan Zhu
https://openalex.org/W4392595892,https://openalex.org/A5023516908,Lei Huang
https://openalex.org/W4392595892,https://openalex.org/A5102657493,Xinni Zhou
https://openalex.org/W4392595892,https://openalex.org/A5100651409,Xiaoya Li
https://openalex.org/W4392595892,https://openalex.org/A5062022221,Gaojun Shi
https://openalex.org/W4392595892,https://openalex.org/A5101314669,Jingxin Ying
https://openalex.org/W4392595892,https://openalex.org/A5101701657,Chaoyue Wang
https://openalex.org/W4381167958,https://openalex.org/A5079390205,Katja Thoring
https://openalex.org/W4381167958,https://openalex.org/A5075012595,Sebastian Huettemann
https://openalex.org/W4381167958,https://openalex.org/A5068271978,Roland M. Mueller
https://openalex.org/W4408612787,https://openalex.org/A5061433075,Mert Yüksekgönül
https://openalex.org/W4408612787,https://openalex.org/A5078515950,Federico Bianchi
https://openalex.org/W4408612787,https://openalex.org/A5097474344,Joseph Boen
https://openalex.org/W4408612787,https://openalex.org/A5013610415,Sheng Liu
https://openalex.org/W4408612787,https://openalex.org/A5112956808,P Y Lu
https://openalex.org/W4408612787,https://openalex.org/A5064652614,Zhi Huang
https://openalex.org/W4408612787,https://openalex.org/A5090739892,Carlos Guestrin
https://openalex.org/W4408612787,https://openalex.org/A5005779176,James Zou
https://openalex.org/W4400300778,https://openalex.org/A5081745403,Tao Zhou
https://openalex.org/W4400300778,https://openalex.org/A5100458068,Chunlei Zhang
https://openalex.org/W4396621688,https://openalex.org/A5082000265,Emmanuel Mogaji
https://openalex.org/W4396621688,https://openalex.org/A5024653552,Varsha K. Jain
https://openalex.org/W4386638865,https://openalex.org/A5083221329,Stefanus Christian Relmasira
https://openalex.org/W4386638865,https://openalex.org/A5112708451,Yiu Chi Lai
https://openalex.org/W4386638865,https://openalex.org/A5062643741,Jonan Phillip Donaldson
https://openalex.org/W4285227297,https://openalex.org/A5047557529,J.M.M. Smits
https://openalex.org/W4285227297,https://openalex.org/A5053539227,Tijn Borghuis
https://openalex.org/W4387633104,https://openalex.org/A5035779534,Felix M. Simon
https://openalex.org/W4387633104,https://openalex.org/A5112865513,Sacha Altay
https://openalex.org/W4387633104,https://openalex.org/A5072330860,Hugo Mercier
https://openalex.org/W4390427686,https://openalex.org/A5026551016,Olga Petrovska
https://openalex.org/W4390427686,https://openalex.org/A5015673405,Lee Clift
https://openalex.org/W4390427686,https://openalex.org/A5053563069,Faron Moller
https://openalex.org/W4390427686,https://openalex.org/A5032723234,Rebecca Pearsall
https://openalex.org/W4402772412,https://openalex.org/A5061836585,Zishan Ahmed
https://openalex.org/W4402772412,https://openalex.org/A5091998586,Shakib Sadat Shanto
https://openalex.org/W4402772412,https://openalex.org/A5055397091,Most. Humayra Khanom Rime
https://openalex.org/W4402772412,https://openalex.org/A5021919229,Md. Kishor Morol
https://openalex.org/W4402772412,https://openalex.org/A5092521378,Nafiz Fahad
https://openalex.org/W4402772412,https://openalex.org/A5041704835,Md. Jakir Hossen
https://openalex.org/W4402772412,https://openalex.org/A5013085859,Md. Abdullah-Al-Jubair
https://openalex.org/W4376504550,https://openalex.org/A5023997241,Christopher A. Bail
https://openalex.org/W4405316956,https://openalex.org/A5011187560,Johan van Niekerk
https://openalex.org/W4405316956,https://openalex.org/A5037484562,Petrus M.J. Delport
https://openalex.org/W4405316956,https://openalex.org/A5025535698,Iain Sutherland
https://openalex.org/W4387628939,https://openalex.org/A5062722345,Alice Cai
https://openalex.org/W4387628939,https://openalex.org/A5039926860,Steven Rick
https://openalex.org/W4387628939,https://openalex.org/A5047024571,Jennifer L. Heyman
https://openalex.org/W4387628939,https://openalex.org/A5103007862,Zhang YanXia
https://openalex.org/W4387628939,https://openalex.org/A5039210274,Alexandre L. S. Filipowicz
https://openalex.org/W4387628939,https://openalex.org/A5013352663,Matthew K. Hong
https://openalex.org/W4387628939,https://openalex.org/A5113022900,Matt Klenk
https://openalex.org/W4387628939,https://openalex.org/A5079825006,Thomas W. Malone
https://openalex.org/W4396832735,https://openalex.org/A5086706635,Ariel Han
https://openalex.org/W4396832735,https://openalex.org/A5008342464,Xiaofei Zhou
https://openalex.org/W4396832735,https://openalex.org/A5048829792,Zhenyao Cai
https://openalex.org/W4396832735,https://openalex.org/A5051049059,Shenshen Han
https://openalex.org/W4396832735,https://openalex.org/A5000697337,Ryan B. Ko
https://openalex.org/W4396832735,https://openalex.org/A5091768152,Seth Corrigan
https://openalex.org/W4396832735,https://openalex.org/A5059999110,Kylie Peppler
https://openalex.org/W4399660853,https://openalex.org/A5057579726,Mohammad Alkhalaf
https://openalex.org/W4399660853,https://openalex.org/A5064032702,Ping Yu
https://openalex.org/W4399660853,https://openalex.org/A5039340547,Mengyang Yin
https://openalex.org/W4399660853,https://openalex.org/A5040465739,Chao Deng
https://openalex.org/W4405021351,https://openalex.org/A5107946409,Yihao Liu
https://openalex.org/W4405021351,https://openalex.org/A5109671774,Jinhe Huang
https://openalex.org/W4405021351,https://openalex.org/A5100677179,Yanjie Li
https://openalex.org/W4405021351,https://openalex.org/A5100391417,Dong Wang
https://openalex.org/W4405021351,https://openalex.org/A5064113420,Bin Jie Xiao
https://openalex.org/W4388795035,https://openalex.org/A5005687881,Νικόλαος Πέλλας
https://openalex.org/W4408398045,https://openalex.org/A5041260237,Xin Zhao
https://openalex.org/W4408398045,https://openalex.org/A5037580930,Andrew Martin Cox
https://openalex.org/W4408398045,https://openalex.org/A5037858657,Xuanning Chen
https://openalex.org/W4398183095,https://openalex.org/A5105724677,Wolfgang Blau
https://openalex.org/W4398183095,https://openalex.org/A5083922056,Vinton G. Cerf
https://openalex.org/W4398183095,https://openalex.org/A5112019336,Juan Enriquez
https://openalex.org/W4398183095,https://openalex.org/A5029553936,Joseph S. Francisco
https://openalex.org/W4398183095,https://openalex.org/A5052258450,Urs Gasser
https://openalex.org/W4398183095,https://openalex.org/A5055422172,Mary L. Gray
https://openalex.org/W4398183095,https://openalex.org/A5004658471,Mark Greaves
https://openalex.org/W4398183095,https://openalex.org/A5015737731,Barbara J. Grosz
https://openalex.org/W4398183095,https://openalex.org/A5060508167,Kathleen Hall Jamieson
https://openalex.org/W4398183095,https://openalex.org/A5037998976,Gerald H. Haug
https://openalex.org/W4398183095,https://openalex.org/A5022706180,John LeRoy Hennessy
https://openalex.org/W4398183095,https://openalex.org/A5043228682,Eric Horvitz
https://openalex.org/W4398183095,https://openalex.org/A5072742224,David I. Kaiser
https://openalex.org/W4398183095,https://openalex.org/A5042431726,Alex John London
https://openalex.org/W4398183095,https://openalex.org/A5005885916,Robin Howard Lovell-Badge
https://openalex.org/W4398183095,https://openalex.org/A5018944455,Marcia K. Mcnutt
https://openalex.org/W4398183095,https://openalex.org/A5109923159,Martha Minow
https://openalex.org/W4398183095,https://openalex.org/A5102921433,Tom M. Mitchell
https://openalex.org/W4398183095,https://openalex.org/A5108934186,Susan Ness
https://openalex.org/W4398183095,https://openalex.org/A5059080037,Shobita Parthasarathy
https://openalex.org/W4398183095,https://openalex.org/A5030135192,S. Perlmutter
https://openalex.org/W4398183095,https://openalex.org/A5021973169,William H. Press
https://openalex.org/W4398183095,https://openalex.org/A5109185793,Jeannette M. Wing
https://openalex.org/W4398183095,https://openalex.org/A5055454477,M. S. Witherell
https://openalex.org/W4391547794,https://openalex.org/A5034034574,Abdulkadir Çelik
https://openalex.org/W4391547794,https://openalex.org/A5013660772,Ahmed M. Eltawil
https://openalex.org/W4384470461,https://openalex.org/A5007178522,Mohammed Salah
https://openalex.org/W4384470461,https://openalex.org/A5041645225,Hussam Al Halbusi
https://openalex.org/W4384470461,https://openalex.org/A5024054274,Fadi Abdelfattah
https://openalex.org/W4410522778,https://openalex.org/A5050278964,Shaofeng Wang
https://openalex.org/W4410522778,https://openalex.org/A5101223206,Hao Zhang
https://openalex.org/W4366550857,https://openalex.org/A5075566450,Mathias Peter Verheijden
https://openalex.org/W4366550857,https://openalex.org/A5048042181,Mathias Funk
https://openalex.org/W4391078387,https://openalex.org/A5006120288,Robert M. Davison
https://openalex.org/W4391078387,https://openalex.org/A5066731369,Hameed Chughtai
https://openalex.org/W4391078387,https://openalex.org/A5013005333,Petter Nielsen
https://openalex.org/W4391078387,https://openalex.org/A5076811550,Marco Marabelli
https://openalex.org/W4391078387,https://openalex.org/A5055956214,Federico Iannacci
https://openalex.org/W4391078387,https://openalex.org/A5069616017,van Marjolein Offenbeek
https://openalex.org/W4391078387,https://openalex.org/A5084265580,Monideepa Tarafdar
https://openalex.org/W4391078387,https://openalex.org/A5049441782,Manuel Trenz
https://openalex.org/W4391078387,https://openalex.org/A5003176625,Angsana A. Techatassanasoontorn
https://openalex.org/W4391078387,https://openalex.org/A5077724296,Antonio Díaz Andrade
https://openalex.org/W4391078387,https://openalex.org/A5028052282,Niki Panteli
https://openalex.org/W4396832192,https://openalex.org/A5024020429,Zhuoyan Li
https://openalex.org/W4396832192,https://openalex.org/A5058269050,Chen Liang
https://openalex.org/W4396832192,https://openalex.org/A5072128915,Jing Peng
https://openalex.org/W4396832192,https://openalex.org/A5071294124,Ming Yin
https://openalex.org/W4401907494,https://openalex.org/A5079382054,Muhammad Usman Tariq
https://openalex.org/W4408698328,https://openalex.org/A5050708271,Arash Rezazadeh
https://openalex.org/W4408698328,https://openalex.org/A5116732965,Marco Kohns
https://openalex.org/W4408698328,https://openalex.org/A5008709888,René Bohnsack
https://openalex.org/W4408698328,https://openalex.org/A5043008759,Nuno António
https://openalex.org/W4408698328,https://openalex.org/A5073031892,Paulo Rita
https://openalex.org/W4396979009,https://openalex.org/A5087663457,Kritish Pahi
https://openalex.org/W4396979009,https://openalex.org/A5098669854,Shiplu Hawlader
https://openalex.org/W4396979009,https://openalex.org/A5023601982,Eric Hicks
https://openalex.org/W4396979009,https://openalex.org/A5028068602,Alina Zaman
https://openalex.org/W4396979009,https://openalex.org/A5019979430,Vinhthuy Phan
https://openalex.org/W4393308240,https://openalex.org/A5016577458,Felipe Romero Moreno
https://openalex.org/W4390609372,https://openalex.org/A5023334847,Artur Strzelecki
https://openalex.org/W4390609372,https://openalex.org/A5093661304,Sara ElArabawy
https://openalex.org/W4392248134,https://openalex.org/A5036188615,Vuthea Chheang
https://openalex.org/W4392248134,https://openalex.org/A5009660539,Shayla Sharmin
https://openalex.org/W4392248134,https://openalex.org/A5092391915,Rommy Márquez-Hernández
https://openalex.org/W4392248134,https://openalex.org/A5101464587,Megha Snehal Patel
https://openalex.org/W4392248134,https://openalex.org/A5092391916,Danush Rajasekaran
https://openalex.org/W4392248134,https://openalex.org/A5092391917,Gavin Caulfield
https://openalex.org/W4392248134,https://openalex.org/A5092391918,Behdokht Kiafar
https://openalex.org/W4392248134,https://openalex.org/A5100653942,Jicheng Li
https://openalex.org/W4392248134,https://openalex.org/A5053195426,Pinar Kullu
https://openalex.org/W4392248134,https://openalex.org/A5011977440,Roghayeh Barmaki
https://openalex.org/W4401467912,https://openalex.org/A5007100622,Maria Moundridou
https://openalex.org/W4401467912,https://openalex.org/A5001174471,Nikolaos Matzakos
https://openalex.org/W4401467912,https://openalex.org/A5062339121,Spyridon Doukakis
https://openalex.org/W4399604220,https://openalex.org/A5071245023,Victor R. Lee
https://openalex.org/W4399604220,https://openalex.org/A5074548560,Denise Clark Pope
https://openalex.org/W4399604220,https://openalex.org/A5048157662,Sarah Miles
https://openalex.org/W4399604220,https://openalex.org/A5109808858,Rosalía C. Zárate
https://openalex.org/W4406330594,https://openalex.org/A5002543406,Tehseen Mazhar
https://openalex.org/W4406330594,https://openalex.org/A5088140645,Sunawar Khan
https://openalex.org/W4406330594,https://openalex.org/A5087742789,Tariq Shahzad
https://openalex.org/W4406330594,https://openalex.org/A5078317952,Muhammad Amir Khan
https://openalex.org/W4406330594,https://openalex.org/A5003003437,Mamoon Mohammed Ali Saeed
https://openalex.org/W4406330594,https://openalex.org/A5085915629,Joseph Bamidele Awotunde
https://openalex.org/W4406330594,https://openalex.org/A5091127899,Habib Hamam
https://openalex.org/W4366506973,https://openalex.org/A5083975882,Jim Euchner
https://openalex.org/W4396674231,https://openalex.org/A5057319034,Gordon Burtch
https://openalex.org/W4396674231,https://openalex.org/A5088913516,Dokyun Lee
https://openalex.org/W4396674231,https://openalex.org/A5059218889,Zhichen Chen
https://openalex.org/W4410109561,https://openalex.org/A5079637636,Jessica Leigh Pallant
https://openalex.org/W4410109561,https://openalex.org/A5067270301,Janneke Blijlevens
https://openalex.org/W4410109561,https://openalex.org/A5067957088,Alexander D. Campbell
https://openalex.org/W4410109561,https://openalex.org/A5064440127,Ryan Jopp
https://openalex.org/W4375861579,https://openalex.org/A5064770739,Jean‐Philippe Vert
https://openalex.org/W4406245425,https://openalex.org/A5100359025,Tong Li
https://openalex.org/W4406245425,https://openalex.org/A5077970490,Qingyue Long
https://openalex.org/W4406245425,https://openalex.org/A5037855353,Haoye Chai
https://openalex.org/W4406245425,https://openalex.org/A5006315499,Shiyuan Zhang
https://openalex.org/W4406245425,https://openalex.org/A5007003147,Fenyu Jiang
https://openalex.org/W4406245425,https://openalex.org/A5077914763,Haoqiang Liu
https://openalex.org/W4406245425,https://openalex.org/A5111794931,Wenzhen Huang
https://openalex.org/W4406245425,https://openalex.org/A5044100655,Depeng Jin
https://openalex.org/W4406245425,https://openalex.org/A5100355277,Yong Li
https://openalex.org/W4389834551,https://openalex.org/A5061551473,Adrien Berthelot
https://openalex.org/W4389834551,https://openalex.org/A5117823148,Eddy Caron
https://openalex.org/W4389834551,https://openalex.org/A5037835027,Mathilde Jay
https://openalex.org/W4389834551,https://openalex.org/A5086221846,Laurent Lefèvre
https://openalex.org/W4379386617,https://openalex.org/A5061646411,Peter Cotroneo
https://openalex.org/W4379386617,https://openalex.org/A5052787141,James Hutson
https://openalex.org/W4387485606,https://openalex.org/A5022147102,Mark Fenwick
https://openalex.org/W4387485606,https://openalex.org/A5032850302,Paulius Jurčys
https://openalex.org/W4384206993,https://openalex.org/A5064934089,Peter Robert Crosthwaite
https://openalex.org/W4384206993,https://openalex.org/A5087050126,Vít Baisa
https://openalex.org/W4391463878,https://openalex.org/A5012591331,Luhang Sun
https://openalex.org/W4391463878,https://openalex.org/A5103070334,Mian Wei
https://openalex.org/W4391463878,https://openalex.org/A5056681654,Yibing Sun
https://openalex.org/W4391463878,https://openalex.org/A5089178335,Yoo Ji Suh
https://openalex.org/W4391463878,https://openalex.org/A5111072544,Liwei Shen
https://openalex.org/W4391463878,https://openalex.org/A5027112658,Sijia Yang
https://openalex.org/W4393167311,https://openalex.org/A5069923620,Rahul C. Basole
https://openalex.org/W4393167311,https://openalex.org/A5071893913,Timothy Major
https://openalex.org/W4407365807,https://openalex.org/A5019483041,Okky Putra Barus
https://openalex.org/W4407365807,https://openalex.org/A5039198660,Achmad Nizar Hidayanto
https://openalex.org/W4407365807,https://openalex.org/A5055786286,Eko Yon Handri
https://openalex.org/W4407365807,https://openalex.org/A5042868568,Dana Indra Sensuse
https://openalex.org/W4407365807,https://openalex.org/A5069223402,Chairote Yaiprasert
https://openalex.org/W4398147071,https://openalex.org/A5025249325,Yuanyuan Gina Cui
https://openalex.org/W4398147071,https://openalex.org/A5030170320,Patrick van Esch
https://openalex.org/W4398147071,https://openalex.org/A5056231827,Steven E. Phelan
https://openalex.org/W4401326099,https://openalex.org/A5005541177,Changyuan Zhao
https://openalex.org/W4401326099,https://openalex.org/A5068782412,Hongyang Du
https://openalex.org/W4401326099,https://openalex.org/A5091266202,Dusit Tao Niyato
https://openalex.org/W4401326099,https://openalex.org/A5062761975,Jiawen Kang
https://openalex.org/W4401326099,https://openalex.org/A5005327587,Zehui Xiong
https://openalex.org/W4401326099,https://openalex.org/A5022649488,Dong In Kim
https://openalex.org/W4401326099,https://openalex.org/A5100773343,Xuemin Shen
https://openalex.org/W4401326099,https://openalex.org/A5079052203,Khaled B. Letaief
https://openalex.org/W4394894101,https://openalex.org/A5029145516,Jussi Sakari Jauhiainen
https://openalex.org/W4406211644,https://openalex.org/A5012111619,Xiahua Wei
https://openalex.org/W4406211644,https://openalex.org/A5124882764,Naveen Kumar
https://openalex.org/W4406211644,https://openalex.org/A5100399325,Han Zhang
https://openalex.org/W4384520713,https://openalex.org/A5091627990,Joel E. Fischer
https://openalex.org/W4407264485,https://openalex.org/A5028301126,Ron Darvin
https://openalex.org/W4400290365,https://openalex.org/A5100745161,Kong Chen
https://openalex.org/W4400290365,https://openalex.org/A5109498360,April Tallant
https://openalex.org/W4400290365,https://openalex.org/A5099985482,Ian Selig
https://openalex.org/W4400142550,https://openalex.org/A5085615200,Xiaohan Peng
https://openalex.org/W4400142550,https://openalex.org/A5048686389,Janin Koch
https://openalex.org/W4400142550,https://openalex.org/A5034680150,Wendy E. Mackay
https://openalex.org/W4409329396,https://openalex.org/A5036158005,Thomas M. Maddox
https://openalex.org/W4409329396,https://openalex.org/A5015307002,Peter J. Embí
https://openalex.org/W4409329396,https://openalex.org/A5004024116,Jennifer C. Goldsack
https://openalex.org/W4409329396,https://openalex.org/A5031769250,Ravi Bharat Parikh
https://openalex.org/W4409329396,https://openalex.org/A5087667601,Troy C. Sarich
https://openalex.org/W4403430763,https://openalex.org/A5039419417,Auste Simkute
https://openalex.org/W4403430763,https://openalex.org/A5061320164,Lev Tankelevitch
https://openalex.org/W4403430763,https://openalex.org/A5079460660,Viktor Nikolaus Kewenig
https://openalex.org/W4403430763,https://openalex.org/A5061981740,Ava Elizabeth Scott
https://openalex.org/W4403430763,https://openalex.org/A5054544784,Abigail J. Sellen
https://openalex.org/W4403430763,https://openalex.org/A5038706435,Sean Rintel
https://openalex.org/W4392015344,https://openalex.org/A5024497714,Hannes H. Loeffler
https://openalex.org/W4392015344,https://openalex.org/A5089237271,Jiazhen He
https://openalex.org/W4392015344,https://openalex.org/A5013544797,Alessandro Tibo
https://openalex.org/W4392015344,https://openalex.org/A5030485362,Jon Paul Janet
https://openalex.org/W4392015344,https://openalex.org/A5055735688,Alexey Voronov
https://openalex.org/W4392015344,https://openalex.org/A5088554828,Lewis Mervin
https://openalex.org/W4392015344,https://openalex.org/A5076975589,Ola Engkvist
https://openalex.org/W4410874231,https://openalex.org/A5064998398,Jochen Wirtz
https://openalex.org/W4410874231,https://openalex.org/A5040295958,Ruth Stock
https://openalex.org/W4379046986,https://openalex.org/A5025990925,Yi Wu
https://openalex.org/W4407106920,https://openalex.org/A5101691432,Cong Fang
https://openalex.org/W4407106920,https://openalex.org/A5068650712,Yujie Zhu
https://openalex.org/W4407106920,https://openalex.org/A5000950850,Le Fang
https://openalex.org/W4407106920,https://openalex.org/A5040473879,Yonghao Long
https://openalex.org/W4407106920,https://openalex.org/A5077166611,Huan Lin
https://openalex.org/W4407106920,https://openalex.org/A5048011859,Yangfan Cong
https://openalex.org/W4407106920,https://openalex.org/A5074594320,Stephen Jia Wang
https://openalex.org/W4406743598,https://openalex.org/A5100360494,Junghwan Kim
https://openalex.org/W4406743598,https://openalex.org/A5071268817,Michelle D. Klopfer
https://openalex.org/W4406743598,https://openalex.org/A5089711850,Jacob Grohs
https://openalex.org/W4406743598,https://openalex.org/A5038305381,Hoda Eldardiry
https://openalex.org/W4406743598,https://openalex.org/A5114443910,James Weichert
https://openalex.org/W4406743598,https://openalex.org/A5007423728,Larry Cox
https://openalex.org/W4406743598,https://openalex.org/A5104258910,D. R. Pike
https://openalex.org/W4385971619,https://openalex.org/A5092508911,Pan Singh Dhoni
https://openalex.org/W4385971619,https://openalex.org/A5050789819,Ravinder Kumar
https://openalex.org/W4390761031,https://openalex.org/A5059757179,Jeong Hyun Kim
https://openalex.org/W4390761031,https://openalex.org/A5030768871,Jungkeun Kim
https://openalex.org/W4390761031,https://openalex.org/A5076425726,Changju Kim
https://openalex.org/W4390761031,https://openalex.org/A5029343434,Seongseop Kim
https://openalex.org/W4399362671,https://openalex.org/A5025973741,Andreas Liesenfeld
https://openalex.org/W4399362671,https://openalex.org/A5026975478,Mark Dingemanse
https://openalex.org/W4404509460,https://openalex.org/A5029145516,Jussi Sakari Jauhiainen
https://openalex.org/W4404509460,https://openalex.org/A5103252224,Agustín Garagorry Guerra
https://openalex.org/W4404756518,https://openalex.org/A5089609668,Xue Fei Zhou
https://openalex.org/W4404756518,https://openalex.org/A5033386642,Da Teng
https://openalex.org/W4404756518,https://openalex.org/A5011362768,Hosam Al‐Samarraie
https://openalex.org/W4406665768,https://openalex.org/A5062073470,Marijn Janssen
https://openalex.org/W4386729081,https://openalex.org/A5020459930,Nishith Reddy Mannuru
https://openalex.org/W4386729081,https://openalex.org/A5040754771,Sakib Shahriar
https://openalex.org/W4386729081,https://openalex.org/A5088310095,Zoë Abbie Teel
https://openalex.org/W4386729081,https://openalex.org/A5029732099,Ting Wang
https://openalex.org/W4386729081,https://openalex.org/A5017599308,Brady Daniel Lund
https://openalex.org/W4386729081,https://openalex.org/A5066254860,Solomon Tijani
https://openalex.org/W4386729081,https://openalex.org/A5092867359,Chalermchai Oak Pohboon
https://openalex.org/W4386729081,https://openalex.org/A5061414277,Daniel A. Agbaji
https://openalex.org/W4386729081,https://openalex.org/A5113000719,Joy Alhassan
https://openalex.org/W4386729081,https://openalex.org/A5092867357,JaKLyn Galley
https://openalex.org/W4386729081,https://openalex.org/A5092867358,Raana Kousari
https://openalex.org/W4386729081,https://openalex.org/A5075387553,Lydia Ogbadu‐Oladapo
https://openalex.org/W4386729081,https://openalex.org/A5040421942,Shubham Saurav
https://openalex.org/W4386729081,https://openalex.org/A5091897403,Aishwarya Srivastava
https://openalex.org/W4386729081,https://openalex.org/A5092266203,Sai Priya Tummuru
https://openalex.org/W4386729081,https://openalex.org/A5113000718,Sravya Uppala
https://openalex.org/W4386729081,https://openalex.org/A5088012660,Praveenkumar Vaidya
https://openalex.org/W4285042490,https://openalex.org/A5073483894,Jakob Nikolas Kather
https://openalex.org/W4285042490,https://openalex.org/A5057475480,Narmin Ghaffari Laleh
https://openalex.org/W4285042490,https://openalex.org/A5073167797,Sebastian Foersch
https://openalex.org/W4285042490,https://openalex.org/A5016512818,Daniel Truhn
https://openalex.org/W4320711939,https://openalex.org/A5021479029,Philipp Hacker
https://openalex.org/W4320711939,https://openalex.org/A5052940235,Andreas H. Engel
https://openalex.org/W4320711939,https://openalex.org/A5048488480,Marco Mauer
https://openalex.org/W4406481047,https://openalex.org/A5088439422,Jamie L. Grigsby
https://openalex.org/W4406481047,https://openalex.org/A5114215770,Meg Michelsen
https://openalex.org/W4406481047,https://openalex.org/A5025212692,César Zamudio
https://openalex.org/W4390486238,https://openalex.org/A5102725428,C. Jeong
https://openalex.org/W4408718435,https://openalex.org/A5116716742,Samia Haroud
https://openalex.org/W4408718435,https://openalex.org/A5073827317,Nadia Saqri
https://openalex.org/W4387299593,https://openalex.org/A5030946609,Gilles-Maurice de Schryver
https://openalex.org/W4394564352,https://openalex.org/A5080357343,Siva Sai
https://openalex.org/W4394564352,https://openalex.org/A5095038760,Utkarsh Yashvardhan
https://openalex.org/W4394564352,https://openalex.org/A5005020243,Vinay Chamola
https://openalex.org/W4394564352,https://openalex.org/A5041189303,Biplab Sikdar
https://openalex.org/W4409877967,https://openalex.org/A5070793162,Tonya Boone
https://openalex.org/W4409877967,https://openalex.org/A5066151491,Behnam Fahimnia
https://openalex.org/W4409877967,https://openalex.org/A5026392610,Ram Ganeshan
https://openalex.org/W4409877967,https://openalex.org/A5018055716,David M. Herold
https://openalex.org/W4409877967,https://openalex.org/A5066787124,Nada R. Sanders
https://openalex.org/W4399306094,https://openalex.org/A5066267395,Ramandeep Singh Sandhu
https://openalex.org/W4399306094,https://openalex.org/A5080221119,Harpreet Kaur Channi
https://openalex.org/W4399306094,https://openalex.org/A5113259833,Deepika Ghai
https://openalex.org/W4399306094,https://openalex.org/A5070947499,Gagandeep Singh Cheema
https://openalex.org/W4399306094,https://openalex.org/A5080628432,Mandeep Kaur
https://openalex.org/W4391894693,https://openalex.org/A5084220255,Kuldeep Singh Kaswan
https://openalex.org/W4391894693,https://openalex.org/A5031562446,Jagjit Singh Dhatterwal
https://openalex.org/W4391894693,https://openalex.org/A5019826719,Kiran Malik
https://openalex.org/W4391894693,https://openalex.org/A5042077250,Anupam Baliyan
https://openalex.org/W4403247365,https://openalex.org/A5111504365,Andrew Cox
https://openalex.org/W4393192948,https://openalex.org/A5008994868,Alessandro Gabbiadini
https://openalex.org/W4393192948,https://openalex.org/A5068529617,Dimitri Ognibene
https://openalex.org/W4393192948,https://openalex.org/A5031296670,Cristina Baldissarri
https://openalex.org/W4393192948,https://openalex.org/A5107401558,Manfredi Anna
https://openalex.org/W4396948360,https://openalex.org/A5008348589,Nauman Khan
https://openalex.org/W4396948360,https://openalex.org/A5045455849,Zahid A. Khan
https://openalex.org/W4396948360,https://openalex.org/A5024626195,Anis Koubâa
https://openalex.org/W4396948360,https://openalex.org/A5072011650,Muhammad Khurram Khan
https://openalex.org/W4396948360,https://openalex.org/A5069933022,Rosli Salleh
https://openalex.org/W4390541060,https://openalex.org/A5012065554,Pola Qi Wang
https://openalex.org/W4403371192,https://openalex.org/A5114048515,Haowen Xu
https://openalex.org/W4403371192,https://openalex.org/A5066113226,Olufemi A. Omitaomu
https://openalex.org/W4403371192,https://openalex.org/A5084711804,Soheil Sabri
https://openalex.org/W4403371192,https://openalex.org/A5014080291,Sisi Zlatanova
https://openalex.org/W4403371192,https://openalex.org/A5082356225,Xiao Li
https://openalex.org/W4403371192,https://openalex.org/A5065865699,Yongze Song
https://openalex.org/W4390600121,https://openalex.org/A5064327074,Cathy H.C. Hsu
https://openalex.org/W4390600121,https://openalex.org/A5075931826,Guoxiong Tan
https://openalex.org/W4390600121,https://openalex.org/A5043963873,Bela Stantić
https://openalex.org/W4393216547,https://openalex.org/A5029390411,Shaleen Khanal
https://openalex.org/W4393216547,https://openalex.org/A5016981608,Hongzhou Zhang
https://openalex.org/W4393216547,https://openalex.org/A5072083988,Araz Taeihagh
https://openalex.org/W4353115070,https://openalex.org/A5057230698,Chaoning Zhang
https://openalex.org/W4353115070,https://openalex.org/A5034624628,Chenshuang Zhang
https://openalex.org/W4353115070,https://openalex.org/A5100578665,Sheng Zheng
https://openalex.org/W4353115070,https://openalex.org/A5100748135,Yu Qiao
https://openalex.org/W4353115070,https://openalex.org/A5100756593,Chenghao Li
https://openalex.org/W4353115070,https://openalex.org/A5016267801,Mengchun Zhang
https://openalex.org/W4353115070,https://openalex.org/A5060039425,Sumit Kumar Dam
https://openalex.org/W4353115070,https://openalex.org/A5005668963,Chu Myaet Thwal
https://openalex.org/W4353115070,https://openalex.org/A5040105725,Ye Lin Tun
https://openalex.org/W4353115070,https://openalex.org/A5089523057,Le Huy
https://openalex.org/W4353115070,https://openalex.org/A5050174152,Donguk kim
https://openalex.org/W4353115070,https://openalex.org/A5005200603,Sung‐Ho Bae
https://openalex.org/W4353115070,https://openalex.org/A5081811548,Lik‐Hang Lee
https://openalex.org/W4353115070,https://openalex.org/A5100397396,Yang Yang
https://openalex.org/W4353115070,https://openalex.org/A5052993469,Heng Tao Shen
https://openalex.org/W4353115070,https://openalex.org/A5012455275,In So Kweon
https://openalex.org/W4353115070,https://openalex.org/A5034052371,Choong Seon Hong
https://openalex.org/W4403087461,https://openalex.org/A5103116351,Minshuo Chen
https://openalex.org/W4403087461,https://openalex.org/A5021909041,Mei Song
https://openalex.org/W4403087461,https://openalex.org/A5100664286,Jianqing Fan
https://openalex.org/W4403087461,https://openalex.org/A5100707460,Mengdi Wang
https://openalex.org/W4386608988,https://openalex.org/A5091965894,Samuel Ariyo Okaiyeto
https://openalex.org/W4386608988,https://openalex.org/A5017673765,Junwen Bai
https://openalex.org/W4386608988,https://openalex.org/A5065068125,Hong‐Wei Xiao
https://openalex.org/W4406246343,https://openalex.org/A5086382599,Juli Sardi
https://openalex.org/W4406246343,https://openalex.org/A5084306309,Darmansyah Darmansyah
https://openalex.org/W4406246343,https://openalex.org/A5016445299,Oriza Candra
https://openalex.org/W4406246343,https://openalex.org/A5104650293,Devi Faizah Yuliana
https://openalex.org/W4406246343,https://openalex.org/A5101857545,Habibullah Habibullah
https://openalex.org/W4406246343,https://openalex.org/A5068687050,Doni Tri Putra Yanto
https://openalex.org/W4406246343,https://openalex.org/A5083295957,Fivia Eliza
https://openalex.org/W4404518338,https://openalex.org/A5074082280,Michael Feffer
https://openalex.org/W4404518338,https://openalex.org/A5093826591,Anusha Sinha
https://openalex.org/W4404518338,https://openalex.org/A5067411025,Wesley Hanwen Deng
https://openalex.org/W4404518338,https://openalex.org/A5029448258,Zachary C. Lipton
https://openalex.org/W4404518338,https://openalex.org/A5037735812,Hoda Heidari
https://openalex.org/W4410382764,https://openalex.org/A5009128737,Julian De Freitas
https://openalex.org/W4410382764,https://openalex.org/A5017391940,Gideon Nave
https://openalex.org/W4410382764,https://openalex.org/A5086883230,Stefano Puntoni
https://openalex.org/W4400136630,https://openalex.org/A5071097398,Christopher J. Jenks
https://openalex.org/W4379878854,https://openalex.org/A5039544334,Ramazan Yılmaz
https://openalex.org/W4379878854,https://openalex.org/A5101667532,Fatma Gizem Karaoğlan Yılmaz
https://openalex.org/W4388177220,https://openalex.org/A5011522850,Joohoon Kang
https://openalex.org/W4388177220,https://openalex.org/A5076988198,Youngjoo Yi
https://openalex.org/W4399703381,https://openalex.org/A5057823602,Victor Nikhil Antony
https://openalex.org/W4399703381,https://openalex.org/A5077873257,Chien-Ming Huang
https://openalex.org/W4389942342,https://openalex.org/A5081671056,Niall Curry
https://openalex.org/W4389942342,https://openalex.org/A5000893315,Paul Morgan Baker
https://openalex.org/W4389942342,https://openalex.org/A5049606008,Gavin Brookes
https://openalex.org/W4411146374,https://openalex.org/A5079899006,Yueqiao Jin
https://openalex.org/W4411146374,https://openalex.org/A5052017575,Roberto Martínez‐Maldonado
https://openalex.org/W4411146374,https://openalex.org/A5036855560,Dragan Gašević
https://openalex.org/W4411146374,https://openalex.org/A5041301106,Lixiang Yan
https://openalex.org/W4400772824,https://openalex.org/A5025111510,Benjamin Luke Moorhouse
https://openalex.org/W4400772824,https://openalex.org/A5056952698,Yuwei Wan
https://openalex.org/W4400772824,https://openalex.org/A5040294248,Chenze Wu
https://openalex.org/W4400772824,https://openalex.org/A5069098428,Lucas Kohnke
https://openalex.org/W4400772824,https://openalex.org/A5104724682,Tsz Ying Ho
https://openalex.org/W4400772824,https://openalex.org/A5036526311,Theresa Fuk Ning Kwong
https://openalex.org/W4396670539,https://openalex.org/A5063716572,Nicola Luigi Bragazzi
https://openalex.org/W4396670539,https://openalex.org/A5051588069,Sergio Garbarino
https://openalex.org/W4392592756,https://openalex.org/A5041840270,Leda Tortora
https://openalex.org/W4396835345,https://openalex.org/A5007605558,Gi Woong Choi
https://openalex.org/W4396835345,https://openalex.org/A5102881944,Soo Hyeon Kim
https://openalex.org/W4396835345,https://openalex.org/A5026352838,Daeyeoul Lee
https://openalex.org/W4396835345,https://openalex.org/A5079348611,Jewoong Moon
https://openalex.org/W4394698991,https://openalex.org/A5027520775,Belle Li
https://openalex.org/W4394698991,https://openalex.org/A5018804352,Curtis Jay Bonk
https://openalex.org/W4394698991,https://openalex.org/A5043557866,Chaoran Wang
https://openalex.org/W4394698991,https://openalex.org/A5064863710,Xiaojing Kou
https://openalex.org/W4327525621,https://openalex.org/A5034624628,Chenshuang Zhang
https://openalex.org/W4327525621,https://openalex.org/A5057230698,Chaoning Zhang
https://openalex.org/W4327525621,https://openalex.org/A5016267801,Mengchun Zhang
https://openalex.org/W4327525621,https://openalex.org/A5012455275,In So Kweon
https://openalex.org/W4414644854,https://openalex.org/A5100748198,Seyeon Park
https://openalex.org/W4414644854,https://openalex.org/A5088218802,Xiaoli Nan
https://openalex.org/W4404418369,https://openalex.org/A5024205210,Mitra Madanchian
https://openalex.org/W4392565345,https://openalex.org/A5103050705,Mullai Murugan
https://openalex.org/W4392565345,https://openalex.org/A5075790845,Bo Yuan
https://openalex.org/W4392565345,https://openalex.org/A5069797911,Eric Venner
https://openalex.org/W4392565345,https://openalex.org/A5052604218,Christie Mitchell Ballantyne
https://openalex.org/W4392565345,https://openalex.org/A5055368608,Katherine M. Robinson
https://openalex.org/W4392565345,https://openalex.org/A5080272094,James C. Coons
https://openalex.org/W4392565345,https://openalex.org/A5100374031,Liwen Wang
https://openalex.org/W4392565345,https://openalex.org/A5074313960,Philip E. Empey
https://openalex.org/W4392565345,https://openalex.org/A5059626751,Richard A. Gibbs
https://openalex.org/W4393933445,https://openalex.org/A5048903265,Bhupinder Singh
https://openalex.org/W4382567298,https://openalex.org/A5030589194,Daniel Leiker
https://openalex.org/W4382567298,https://openalex.org/A5037696577,Ashley A. Ricker
https://openalex.org/W4382567298,https://openalex.org/A5008395636,Ismail Eldesouky
https://openalex.org/W4382567298,https://openalex.org/A5010726815,Mutlu Cukurova
https://openalex.org/W4390343169,https://openalex.org/A5011781898,Janet Marie Reed
https://openalex.org/W4390343169,https://openalex.org/A5052887830,Tracy M. Dodson
https://openalex.org/W4400998898,https://openalex.org/A5074611888,Rameshwar Dubey
https://openalex.org/W4400998898,https://openalex.org/A5046110173,Angappa Gunasekaran
https://openalex.org/W4400998898,https://openalex.org/A5021867135,Θάνος Παπαδόπουλος
https://openalex.org/W4400720339,https://openalex.org/A5039663862,Kai Riemer
https://openalex.org/W4400720339,https://openalex.org/A5086231131,Sandra Peter
https://openalex.org/W4416008628,https://openalex.org/A5090240171,Ryan K. McBain
https://openalex.org/W4416008628,https://openalex.org/A5070223796,Robert N. Bozick
https://openalex.org/W4416008628,https://openalex.org/A5026120745,Melissa Kay Diliberti
https://openalex.org/W4416008628,https://openalex.org/A5074226700,Li Ang Zhang
https://openalex.org/W4416008628,https://openalex.org/A5100367217,Fang Zhang
https://openalex.org/W4416008628,https://openalex.org/A5015684869,Angela Burnett
https://openalex.org/W4416008628,https://openalex.org/A5029356597,Aaron Kofner
https://openalex.org/W4416008628,https://openalex.org/A5026438558,Benjamin M. Rader
https://openalex.org/W4416008628,https://openalex.org/A5017962237,Joshua A. Breslau
https://openalex.org/W4416008628,https://openalex.org/A5030511819,Bradley D. Stein
https://openalex.org/W4416008628,https://openalex.org/A5089231171,Ateev Mehrotra
https://openalex.org/W4416008628,https://openalex.org/A5120298808,Lori Uscher Pines
https://openalex.org/W4416008628,https://openalex.org/A5064139155,Jonathan Cantor
https://openalex.org/W4416008628,https://openalex.org/A5045949877,Hao Yu
https://openalex.org/W4400656170,https://openalex.org/A5108999586,Xiangru Tang
https://openalex.org/W4400656170,https://openalex.org/A5101305003,Howard Dai
https://openalex.org/W4400656170,https://openalex.org/A5082386535,Elizabeth Bronwen Knight
https://openalex.org/W4400656170,https://openalex.org/A5110689697,Fang Wu
https://openalex.org/W4400656170,https://openalex.org/A5113119454,Yunyang Li
https://openalex.org/W4400656170,https://openalex.org/A5100689730,Tianxiao Li
https://openalex.org/W4400656170,https://openalex.org/A5042321575,Mark Gerstein
https://openalex.org/W4399408840,https://openalex.org/A5083684300,Maximo Prescott
https://openalex.org/W4399408840,https://openalex.org/A5028660830,Samantha Yeager
https://openalex.org/W4399408840,https://openalex.org/A5024413051,Lillian Ham
https://openalex.org/W4399408840,https://openalex.org/A5026914535,Carlos D Rivera Saldana
https://openalex.org/W4399408840,https://openalex.org/A5072703676,Vanessa B. Serrano
https://openalex.org/W4399408840,https://openalex.org/A5099041161,Joey Narez
https://openalex.org/W4399408840,https://openalex.org/A5004473558,Dafna Paltin
https://openalex.org/W4399408840,https://openalex.org/A5008655170,Jorge R. Delgado
https://openalex.org/W4399408840,https://openalex.org/A5043052321,David J. Moore
https://openalex.org/W4399408840,https://openalex.org/A5013703777,Jessica L. Montoya
https://openalex.org/W4386836433,https://openalex.org/A5066209480,Unggi Lee
https://openalex.org/W4386836433,https://openalex.org/A5086706635,Ariel Han
https://openalex.org/W4386836433,https://openalex.org/A5101824064,Jeongjin Lee
https://openalex.org/W4386836433,https://openalex.org/A5059299367,Eunseo Lee
https://openalex.org/W4386836433,https://openalex.org/A5112356589,Jiwon Kim
https://openalex.org/W4386836433,https://openalex.org/A5021651278,Hyeoncheol Kim
https://openalex.org/W4386836433,https://openalex.org/A5102396771,Cheolil Lim
https://openalex.org/W4367676590,https://openalex.org/A5088431132,Erwin Loh
https://openalex.org/W4391589408,https://openalex.org/A5093875709,Andelyn Bedington
https://openalex.org/W4391589408,https://openalex.org/A5093875710,Emma F. Halcomb
https://openalex.org/W4391589408,https://openalex.org/A5109562446,Heidi A. McKee
https://openalex.org/W4391589408,https://openalex.org/A5002088217,Thomas J. Sargent
https://openalex.org/W4391589408,https://openalex.org/A5104240169,Adler Smith
https://openalex.org/W4404238463,https://openalex.org/A5085514719,Geng Sun
https://openalex.org/W4404238463,https://openalex.org/A5113380873,Wenwen Xie
https://openalex.org/W4404238463,https://openalex.org/A5091266202,Dusit Tao Niyato
https://openalex.org/W4404238463,https://openalex.org/A5068782412,Hongyang Du
https://openalex.org/W4404238463,https://openalex.org/A5062761975,Jiawen Kang
https://openalex.org/W4404238463,https://openalex.org/A5108056923,Jing Wu
https://openalex.org/W4404238463,https://openalex.org/A5100606009,Sumei Sun
https://openalex.org/W4404238463,https://openalex.org/A5100405787,Ping Zhang
https://openalex.org/W4393278592,https://openalex.org/A5021257793,Mark E. Glickman
https://openalex.org/W4393278592,https://openalex.org/A5100728379,Yi Zhang
https://openalex.org/W4384834994,https://openalex.org/A5026903935,Mohamed Amine Ferrag
https://openalex.org/W4384834994,https://openalex.org/A5056145687,Mérouane Debbah
https://openalex.org/W4384834994,https://openalex.org/A5008078679,Muna Sulieman Al-Hawawreh
https://openalex.org/W4401056196,https://openalex.org/A5071778778,René F. Kizilcec
https://openalex.org/W4401056196,https://openalex.org/A5080781883,Elaine Huber
https://openalex.org/W4401056196,https://openalex.org/A5086800940,Elena C. Papanastasiou
https://openalex.org/W4401056196,https://openalex.org/A5082116724,Andrew Cram
https://openalex.org/W4401056196,https://openalex.org/A5041747384,Christos Andreas Makridis
https://openalex.org/W4401056196,https://openalex.org/A5092492200,Adele Smolansky
https://openalex.org/W4401056196,https://openalex.org/A5070525155,Sandris Zeivots
https://openalex.org/W4401056196,https://openalex.org/A5064388220,Corina Raduescu
https://openalex.org/W4395113764,https://openalex.org/A5088462433,Leif Sundberg
https://openalex.org/W4395113764,https://openalex.org/A5103155487,Jonny Holmström
https://openalex.org/W4402118358,https://openalex.org/A5028583473,Haesol Bae
https://openalex.org/W4402118358,https://openalex.org/A5021622754,Jaesung Hur
https://openalex.org/W4402118358,https://openalex.org/A5014005450,Jaesung Park
https://openalex.org/W4402118358,https://openalex.org/A5007605558,Gi Woong Choi
https://openalex.org/W4402118358,https://openalex.org/A5079348611,Jewoong Moon
https://openalex.org/W4384344145,https://openalex.org/A5033631304,Euclides Lourenço Chuma
https://openalex.org/W4384344145,https://openalex.org/A5041232045,Gabriel Gomes de Oliveira
https://openalex.org/W4393941636,https://openalex.org/A5041626688,Hui‐Chin Yeh
https://openalex.org/W4395063502,https://openalex.org/A5085785345,Kuldeep Singh
https://openalex.org/W4395063502,https://openalex.org/A5034363461,Sheshadri Chatterjee
https://openalex.org/W4395063502,https://openalex.org/A5035826473,Marcello M. Mariani
https://openalex.org/W4406939854,https://openalex.org/A5069277616,João Pedro Quintais
https://openalex.org/W4409346353,https://openalex.org/A5032613467,Liuqing Chen
https://openalex.org/W4409346353,https://openalex.org/A5102926451,Yaxuan Song
https://openalex.org/W4409346353,https://openalex.org/A5024071874,Guo Jia
https://openalex.org/W4409346353,https://openalex.org/A5036387698,Lingyun Sun
https://openalex.org/W4409346353,https://openalex.org/A5047670467,Peter E Childs
https://openalex.org/W4409346353,https://openalex.org/A5000593091,Yuan Yin
https://openalex.org/W4406048539,https://openalex.org/A5073993927,Heni Mulyani
https://openalex.org/W4406048539,https://openalex.org/A5083197535,Mohammad Istiaq Azim
https://openalex.org/W4406048539,https://openalex.org/A5030684520,Elvia Rosantina Shauki
https://openalex.org/W4406048539,https://openalex.org/A5076110352,Fitrina Kurniati
https://openalex.org/W4406048539,https://openalex.org/A5047124748,Hanifia Arlinda
https://openalex.org/W4411179243,https://openalex.org/A5101513175,Shaofeng Li
https://openalex.org/W4385262278,https://openalex.org/A5074230777,Aras Bozkurt
https://openalex.org/W4385262278,https://openalex.org/A5077492293,Ramesh C. Sharma
https://openalex.org/W4401357555,https://openalex.org/A5025235658,Martin Andreoni Lopez
https://openalex.org/W4401357555,https://openalex.org/A5054363087,Willian T. Lunardi
https://openalex.org/W4401357555,https://openalex.org/A5007169240,George W. Lawton
https://openalex.org/W4401357555,https://openalex.org/A5114203848,Shreekant Thakkar
https://openalex.org/W4366277658,https://openalex.org/A5004136982,Arthur Spirling
https://openalex.org/W4401854290,https://openalex.org/A5034090688,Yael Feldman-Maggor
https://openalex.org/W4401854290,https://openalex.org/A5059957243,Ron Blonder
https://openalex.org/W4401854290,https://openalex.org/A5059416730,Giora Alexandron
https://openalex.org/W4391308216,https://openalex.org/A5007704613,Jun Liu
https://openalex.org/W4391308216,https://openalex.org/A5056702225,Cong Wang
https://openalex.org/W4391308216,https://openalex.org/A5069026205,Zile Liu
https://openalex.org/W4391308216,https://openalex.org/A5102022354,Minghui Gao
https://openalex.org/W4391308216,https://openalex.org/A5066392551,Yanhua Xu
https://openalex.org/W4391308216,https://openalex.org/A5084319436,Yichun Cheng
https://openalex.org/W4298289240,https://openalex.org/A5004271128,Ian Goodfellow
https://openalex.org/W4298289240,https://openalex.org/A5013723114,Jean Pouget-Abadie
https://openalex.org/W4298289240,https://openalex.org/A5112574070,Mehdi Mirza
https://openalex.org/W4298289240,https://openalex.org/A5101973034,Bing Xu
https://openalex.org/W4298289240,https://openalex.org/A5085746798,David Warde-Farley
https://openalex.org/W4298289240,https://openalex.org/A5049332971,Sherjil Ozair
https://openalex.org/W4298289240,https://openalex.org/A5112608251,Aaron C. Courville
https://openalex.org/W4298289240,https://openalex.org/A5086198262,Yoshua Bengio
https://openalex.org/W4390455781,https://openalex.org/A5040679040,Wen Jun Xie
https://openalex.org/W4390455781,https://openalex.org/A5088665303,Arieh Warshel
https://openalex.org/W4385068428,https://openalex.org/A5109604819,Tim R. Orchard
https://openalex.org/W4385068428,https://openalex.org/A5092516526,Leszek Tasiemski
https://openalex.org/W4389736946,https://openalex.org/A5026961968,Clark Barrett
https://openalex.org/W4389736946,https://openalex.org/A5114108929,Brad Boyd
https://openalex.org/W4389736946,https://openalex.org/A5058819105,Elie Bursztein
https://openalex.org/W4389736946,https://openalex.org/A5034257647,Nicholas Carlini
https://openalex.org/W4389736946,https://openalex.org/A5072557098,Brad Chen
https://openalex.org/W4389736946,https://openalex.org/A5101180723,Jihye Choi
https://openalex.org/W4389736946,https://openalex.org/A5101516679,Amrita Roy Chowdhury
https://openalex.org/W4389736946,https://openalex.org/A5050855162,Mihai Christodorescu
https://openalex.org/W4389736946,https://openalex.org/A5111177928,Anupam Datta
https://openalex.org/W4389736946,https://openalex.org/A5025450606,Soheil Feizi
https://openalex.org/W4389736946,https://openalex.org/A5056099984,Kathleen Fisher
https://openalex.org/W4389736946,https://openalex.org/A5015518638,Tatsunori Hashimoto
https://openalex.org/W4389736946,https://openalex.org/A5020400986,Dan Hendrycks
https://openalex.org/W4389736946,https://openalex.org/A5088826068,Somesh Jha
https://openalex.org/W4389736946,https://openalex.org/A5072348548,Daniel D. Kang
https://openalex.org/W4389736946,https://openalex.org/A5102985450,Florian Kerschbaum
https://openalex.org/W4389736946,https://openalex.org/A5074009646,Eric Mitchell
https://openalex.org/W4389736946,https://openalex.org/A5101897622,John C. Mitchell
https://openalex.org/W4389736946,https://openalex.org/A5020595585,Zulfikar Ramzan
https://openalex.org/W4389736946,https://openalex.org/A5104351514,Khawaja Shams
https://openalex.org/W4389736946,https://openalex.org/A5019426968,Dawn Xiaodong Song
https://openalex.org/W4389736946,https://openalex.org/A5069391199,Ankur Taly
https://openalex.org/W4389736946,https://openalex.org/A5089413311,Diyi Yang
https://openalex.org/W4391131274,https://openalex.org/A5071838055,Matthew Nyaaba
https://openalex.org/W4391131274,https://openalex.org/A5013379229,Xiaoming Zhaı
https://openalex.org/W4407043540,https://openalex.org/A5034285762,Aman Kumar
https://openalex.org/W4407043540,https://openalex.org/A5012592225,Amit Shankar
https://openalex.org/W4407043540,https://openalex.org/A5031126950,Abhishek Behl
https://openalex.org/W4407043540,https://openalex.org/A5043171814,Debarun Chakraborty
https://openalex.org/W4407043540,https://openalex.org/A5087445502,Raghava R. Gundala
https://openalex.org/W4390202391,https://openalex.org/A5028706339,Zohar Elyoseph
https://openalex.org/W4390202391,https://openalex.org/A5042400769,Elad Refoua
https://openalex.org/W4390202391,https://openalex.org/A5076165610,Kfir Asraf
https://openalex.org/W4390202391,https://openalex.org/A5092030295,Maya Lvovsky
https://openalex.org/W4390202391,https://openalex.org/A5093297550,Yoav Shimoni
https://openalex.org/W4390202391,https://openalex.org/A5064676661,Dorit Hadar‐Shoval
https://openalex.org/W4399917684,https://openalex.org/A5099382731,Reishiro Kawakami
https://openalex.org/W4399917684,https://openalex.org/A5007675088,Sukrit Venkatagiri
https://openalex.org/W4328123572,https://openalex.org/A5068513427,Jiafu An
https://openalex.org/W4328123572,https://openalex.org/A5016125669,Wenzhi Ding
https://openalex.org/W4328123572,https://openalex.org/A5100443786,Lin Chen
https://openalex.org/W4410988922,https://openalex.org/A5050199179,Galina Ilieva
https://openalex.org/W4410988922,https://openalex.org/A5054211196,Tania Yankova
https://openalex.org/W4410988922,https://openalex.org/A5068677765,Margarita Ruseva
https://openalex.org/W4410988922,https://openalex.org/A5066307486,Stanimir Ivanov Kabaivanov
https://openalex.org/W4396833147,https://openalex.org/A5091662550,Atefeh Mahdavi Goloujeh
https://openalex.org/W4396833147,https://openalex.org/A5019252133,Anne M. Sullivan
https://openalex.org/W4396833147,https://openalex.org/A5070099167,Brian Magerko
https://openalex.org/W4388823522,https://openalex.org/A5012578488,Kostis Giannakopoulos
https://openalex.org/W4388823522,https://openalex.org/A5064000361,Argyro Kavadella
https://openalex.org/W4388823522,https://openalex.org/A5092793030,Anas Aaqel Salim
https://openalex.org/W4388823522,https://openalex.org/A5033978109,Vassilis Stamatopoulos
https://openalex.org/W4388823522,https://openalex.org/A5041029570,Eleftherios G. Kaklamanos
https://openalex.org/W4409841223,https://openalex.org/A5075722117,Carol A. Chapelle
https://openalex.org/W4396807129,https://openalex.org/A5026972285,Elena Osadchaya
https://openalex.org/W4396807129,https://openalex.org/A5020140187,Ben Marder
https://openalex.org/W4396807129,https://openalex.org/A5055648774,Jennifer Anne Yule
https://openalex.org/W4396807129,https://openalex.org/A5051364123,Amy Yau
https://openalex.org/W4396807129,https://openalex.org/A5000205211,Laura Lavertu
https://openalex.org/W4396807129,https://openalex.org/A5039768316,Nikolaos D. Stylos
https://openalex.org/W4396807129,https://openalex.org/A5033691001,Sebastian Oliver
https://openalex.org/W4396807129,https://openalex.org/A5027975544,Robert J. Angell
https://openalex.org/W4396807129,https://openalex.org/A5072569075,Anouk de Regt
https://openalex.org/W4396807129,https://openalex.org/A5101351636,Liyu Gao
https://openalex.org/W4396807129,https://openalex.org/A5103364526,Kang Qi
https://openalex.org/W4396807129,https://openalex.org/A5031787119,Will Zhiyuan Zhang
https://openalex.org/W4396807129,https://openalex.org/A5100410218,Yiwei Zhang
https://openalex.org/W4396807129,https://openalex.org/A5108050321,Jiayuan Li
https://openalex.org/W4396807129,https://openalex.org/A5087862433,Sara AlRabiah
https://openalex.org/W4406798513,https://openalex.org/A5114353504,Ozge Demirci
https://openalex.org/W4406798513,https://openalex.org/A5114353505,Jonas Hannane
https://openalex.org/W4406798513,https://openalex.org/A5051898983,Xinrong Zhu
https://openalex.org/W4320561510,https://openalex.org/A5011883289,Justin D. Weisz
https://openalex.org/W4320561510,https://openalex.org/A5100725139,Michael M. Müller
https://openalex.org/W4320561510,https://openalex.org/A5063132352,Jessica He
https://openalex.org/W4320561510,https://openalex.org/A5074805097,Stephanie Houde
https://openalex.org/W4391367909,https://openalex.org/A5027976267,Dobin Yim
https://openalex.org/W4391367909,https://openalex.org/A5069228902,Jiban Khuntia
https://openalex.org/W4391367909,https://openalex.org/A5040466609,Vijaya Parameswaran
https://openalex.org/W4391367909,https://openalex.org/A5030943691,Arlen D. Meyers
https://openalex.org/W4407951611,https://openalex.org/A5111242137,Aashish Ghimire
https://openalex.org/W4407951611,https://openalex.org/A5116424947,James Pather
https://openalex.org/W4407951611,https://openalex.org/A5080249229,John Edwards
https://openalex.org/W4394722481,https://openalex.org/A5081745403,Tao Zhou
https://openalex.org/W4394722481,https://openalex.org/A5113175289,Songtao Li
https://openalex.org/W4391611354,https://openalex.org/A5109581981,Nia Nixon
https://openalex.org/W4391611354,https://openalex.org/A5101451084,Yiwen Lin
https://openalex.org/W4391611354,https://openalex.org/A5070310278,Lauren Edris Snow
https://openalex.org/W4401386320,https://openalex.org/A5025611211,Dara Tafazoli
https://openalex.org/W4403648106,https://openalex.org/A5048698430,Damilola Adeniyi Onatayo
https://openalex.org/W4403648106,https://openalex.org/A5026453936,Adetayo Olugbenga Onososen
https://openalex.org/W4403648106,https://openalex.org/A5058859955,Abiola Oluwasogo Oyediran
https://openalex.org/W4403648106,https://openalex.org/A5051769300,Hafiz Oyediran
https://openalex.org/W4403648106,https://openalex.org/A5064352908,Victor Adetunji Arowoiya
https://openalex.org/W4403648106,https://openalex.org/A5109018409,Eniola Onatayo
https://openalex.org/W4406872793,https://openalex.org/A5012593535,CJ Lin
https://openalex.org/W4386574345,https://openalex.org/A5019671244,Judy L. Lambert
https://openalex.org/W4386574345,https://openalex.org/A5033601413,Mark Stevens
https://openalex.org/W4391589471,https://openalex.org/A5021114368,Robert E. Cummings
https://openalex.org/W4391589471,https://openalex.org/A5056001858,Stephen M. Monroe
https://openalex.org/W4391589471,https://openalex.org/A5026516418,Marc Watkins
https://openalex.org/W4411241728,https://openalex.org/A5082002449,Mohamed Amin Abdel Gawad Mekheimer
https://openalex.org/W4406243364,https://openalex.org/A5048139186,Lee Cheng
https://openalex.org/W4403748753,https://openalex.org/A5050199179,Galina Ilieva
https://openalex.org/W4403748753,https://openalex.org/A5054211196,Tania Yankova
https://openalex.org/W4403748753,https://openalex.org/A5073449502,Stanislava Klisarova-Belcheva
https://openalex.org/W4383312437,https://openalex.org/A5079685686,Cecilia Ka Yuk Chan
https://openalex.org/W4403638699,https://openalex.org/A5015473899,Marcela Borge
https://openalex.org/W4403638699,https://openalex.org/A5038328386,Brian K. Smith
https://openalex.org/W4403638699,https://openalex.org/A5065786559,Tugce Aldemir
https://openalex.org/W4399389941,https://openalex.org/A5020219914,Zamara Mariam
https://openalex.org/W4399389941,https://openalex.org/A5054525075,Sarfaraz K. Niazi
https://openalex.org/W4399389941,https://openalex.org/A5092957796,Matthias Magoola
https://openalex.org/W4410554463,https://openalex.org/A5092017420,Paweł Gmyrek
https://openalex.org/W4410554463,https://openalex.org/A5039288973,Janine Berg
https://openalex.org/W4410554463,https://openalex.org/A5000044759,Karol Adam Kamiński
https://openalex.org/W4410554463,https://openalex.org/A5117619211,Filip Konopczyński
https://openalex.org/W4410554463,https://openalex.org/A5117619212,Agnieszka Ładna
https://openalex.org/W4410554463,https://openalex.org/A5117619213,Balint Nafradi
https://openalex.org/W4410554463,https://openalex.org/A5117619214,Konrad Rosłaniec
https://openalex.org/W4410554463,https://openalex.org/A5043052106,Marek Troszyński
https://openalex.org/W4396796552,https://openalex.org/A5101900283,Yi Xiang Shi
https://openalex.org/W4396796552,https://openalex.org/A5101882081,Lin Sun
https://openalex.org/W4387801479,https://openalex.org/A5056575786,Laura Weidinger
https://openalex.org/W4387801479,https://openalex.org/A5080160770,Maribeth Rauh
https://openalex.org/W4387801479,https://openalex.org/A5036582258,Nahema Marchal
https://openalex.org/W4387801479,https://openalex.org/A5025585747,Arianna Manzini
https://openalex.org/W4387801479,https://openalex.org/A5020758501,Lisa Anne Hendricks
https://openalex.org/W4387801479,https://openalex.org/A5020662239,Juan C Mateos-Garcia
https://openalex.org/W4387801479,https://openalex.org/A5000039831,Stevie Bergman
https://openalex.org/W4387801479,https://openalex.org/A5052060244,Jackie Kay
https://openalex.org/W4387801479,https://openalex.org/A5048091074,Conor Griffin
https://openalex.org/W4387801479,https://openalex.org/A5021920265,Ben Bariach
https://openalex.org/W4387801479,https://openalex.org/A5032814084,Iason Gabriel
https://openalex.org/W4387801479,https://openalex.org/A5076593865,Verena Rieser
https://openalex.org/W4387801479,https://openalex.org/A5048272174,William Isaac
https://openalex.org/W4388556598,https://openalex.org/A5028132068,Su‐Yen Chen
https://openalex.org/W4396832517,https://openalex.org/A5035509439,Yucheng Jin
https://openalex.org/W4396832517,https://openalex.org/A5032578120,Wanling Cai
https://openalex.org/W4396832517,https://openalex.org/A5100379262,Li Chen
https://openalex.org/W4396832517,https://openalex.org/A5015631466,Yizhe Zhang
https://openalex.org/W4396832517,https://openalex.org/A5072415254,Gavin J. Doherty
https://openalex.org/W4396832517,https://openalex.org/A5057609633,Tonglin Jiang
https://openalex.org/W4403383897,https://openalex.org/A5019793062,Nicholas G. Otis
https://openalex.org/W4403383897,https://openalex.org/A5086990639,Solène Delecourt
https://openalex.org/W4403383897,https://openalex.org/A5093269156,Katelyn Cranney
https://openalex.org/W4403383897,https://openalex.org/A5049884349,Rembrand Michael Koning
https://openalex.org/W4388461519,https://openalex.org/A5046811635,Alwyn Vwen Yen Lee
https://openalex.org/W4388461519,https://openalex.org/A5003655639,Seng Chee Tan
https://openalex.org/W4388461519,https://openalex.org/A5008219361,Chew Lee Teo
https://openalex.org/W4411922717,https://openalex.org/A5026115671,Uddalak Das
https://openalex.org/W4402928893,https://openalex.org/A5000988165,Kacper Łodzikowski
https://openalex.org/W4402928893,https://openalex.org/A5082669876,Peter W. Foltz
https://openalex.org/W4402928893,https://openalex.org/A5061435242,John T. Behrens
https://openalex.org/W4366962344,https://openalex.org/A5038255653,Erik Brynjolfsson
https://openalex.org/W4366962344,https://openalex.org/A5026868319,Danielle Li
https://openalex.org/W4366962344,https://openalex.org/A5088662762,Lindsey Raymond
https://openalex.org/W4389429620,https://openalex.org/A5093437652,Frank Kehoe
https://openalex.org/W4410322513,https://openalex.org/A5086006864,Zhihui Zhang
https://openalex.org/W4410322513,https://openalex.org/A5065562701,Scott Aubrey
https://openalex.org/W4410322513,https://openalex.org/A5052865881,Xiaomeng Huang
https://openalex.org/W4410322513,https://openalex.org/A5023880578,Thomas K. F. Chiu
https://openalex.org/W4392538241,https://openalex.org/A5100694753,Mi Zhou
https://openalex.org/W4392538241,https://openalex.org/A5046773689,Vibhanshu Abhishek
https://openalex.org/W4392538241,https://openalex.org/A5067091278,Timothy P. Derdenger
https://openalex.org/W4392538241,https://openalex.org/A5012727509,J.-H. Kim
https://openalex.org/W4392538241,https://openalex.org/A5101657647,Kannan Srinivasan
https://openalex.org/W4390705612,https://openalex.org/A5012885706,Lucija Gosak
https://openalex.org/W4390705612,https://openalex.org/A5076198521,Lisiane Pruinelli
https://openalex.org/W4390705612,https://openalex.org/A5021465135,Maxim Topaz
https://openalex.org/W4390705612,https://openalex.org/A5017783286,Gregor Štiglic
https://openalex.org/W4411443896,https://openalex.org/A5015368686,Ömer Faruk Ursavaş
https://openalex.org/W4411443896,https://openalex.org/A5001563918,Yasin Yalçın
https://openalex.org/W4411443896,https://openalex.org/A5020228247,Hakan İslamoğlu
https://openalex.org/W4411443896,https://openalex.org/A5086260367,Eda Bakır-Yalçın
https://openalex.org/W4411443896,https://openalex.org/A5010726815,Mutlu Cukurova
https://openalex.org/W4409042249,https://openalex.org/A5037974949,Noble Lo
https://openalex.org/W4409042249,https://openalex.org/A5001412004,Alan Wong
https://openalex.org/W4409042249,https://openalex.org/A5113531958,S. T. Chan
https://openalex.org/W4393229395,https://openalex.org/A5111684967,Mitchel Resnick
https://openalex.org/W4396596847,https://openalex.org/A5006716072,Jinbo Wen
https://openalex.org/W4396596847,https://openalex.org/A5048592975,Jiangtian Nie
https://openalex.org/W4396596847,https://openalex.org/A5062761975,Jiawen Kang
https://openalex.org/W4396596847,https://openalex.org/A5091266202,Dusit Tao Niyato
https://openalex.org/W4396596847,https://openalex.org/A5068782412,Hongyang Du
https://openalex.org/W4396596847,https://openalex.org/A5081840957,Yang Zhang
https://openalex.org/W4396596847,https://openalex.org/A5057916222,Mohsen Guizani
https://openalex.org/W4413495295,https://openalex.org/A5075471089,Mahsa Mohaghegh
https://openalex.org/W4413495295,https://openalex.org/A5008184865,Maryam Doborjeh
https://openalex.org/W4406931660,https://openalex.org/A5066364669,Kasim Rafiq
https://openalex.org/W4406931660,https://openalex.org/A5055165096,Sara Beery
https://openalex.org/W4406931660,https://openalex.org/A5024463603,Meredith S. Palmer
https://openalex.org/W4406931660,https://openalex.org/A5010613767,Zaïd Harchaoui
https://openalex.org/W4406931660,https://openalex.org/A5055582336,Briana L. Abrahms
https://openalex.org/W4380925337,https://openalex.org/A5080877527,Gregory Gondwe
https://openalex.org/W4386571283,https://openalex.org/A5083164598,Sencer Yeralan
https://openalex.org/W4385449797,https://openalex.org/A5101561897,Katherine Lee
https://openalex.org/W4385449797,https://openalex.org/A5064217008,A. Feder Cooper
https://openalex.org/W4385449797,https://openalex.org/A5065406908,James Grimmelmann
https://openalex.org/W4400484629,https://openalex.org/A5077193703,Mariana Coutinho
https://openalex.org/W4400484629,https://openalex.org/A5022919439,Lorena Marques
https://openalex.org/W4400484629,https://openalex.org/A5084052362,Anderson Santos
https://openalex.org/W4400484629,https://openalex.org/A5035066479,Márcio Dahia
https://openalex.org/W4400484629,https://openalex.org/A5058941737,César França
https://openalex.org/W4400484629,https://openalex.org/A5080161379,Ronnie de Souza Santos
https://openalex.org/W4365601249,https://openalex.org/A5057230698,Chaoning Zhang
https://openalex.org/W4365601249,https://openalex.org/A5034624628,Chenshuang Zhang
https://openalex.org/W4365601249,https://openalex.org/A5100756597,Chenghao Li
https://openalex.org/W4365601249,https://openalex.org/A5100748135,Yu Qiao
https://openalex.org/W4365601249,https://openalex.org/A5100578665,Sheng Zheng
https://openalex.org/W4365601249,https://openalex.org/A5060039425,Sumit Kumar Dam
https://openalex.org/W4365601249,https://openalex.org/A5016267801,Mengchun Zhang
https://openalex.org/W4365601249,https://openalex.org/A5036936141,Jung Uk Kim
https://openalex.org/W4365601249,https://openalex.org/A5100646692,Seong‐Tae Kim
https://openalex.org/W4365601249,https://openalex.org/A5032355516,Jin‐Woo Choi
https://openalex.org/W4365601249,https://openalex.org/A5031148632,Gyeong-Moon Park
https://openalex.org/W4365601249,https://openalex.org/A5005200603,Sung‐Ho Bae
https://openalex.org/W4365601249,https://openalex.org/A5081811548,Lik‐Hang Lee
https://openalex.org/W4365601249,https://openalex.org/A5012455275,In So Kweon
https://openalex.org/W4365601249,https://openalex.org/A5034052371,Choong Seon Hong
https://openalex.org/W4391754120,https://openalex.org/A5060434540,Simon Arthur Chesterman
https://openalex.org/W4404033890,https://openalex.org/A5111336807,Adam Blandin
https://openalex.org/W4404033890,https://openalex.org/A5102827031,Alexander Bick
https://openalex.org/W4404033890,https://openalex.org/A5113396094,David J. Deming
https://openalex.org/W4402474423,https://openalex.org/A5069874075,Paweł Korzyński
https://openalex.org/W4402474423,https://openalex.org/A5039762154,Susana Costa e Silva
https://openalex.org/W4402474423,https://openalex.org/A5041329458,Anna Maria Górska
https://openalex.org/W4402474423,https://openalex.org/A5053922801,Grzegorz Mazurek
https://openalex.org/W4392848643,https://openalex.org/A5094163539,Eric Hilario
https://openalex.org/W4392848643,https://openalex.org/A5062716310,Sami Azam
https://openalex.org/W4392848643,https://openalex.org/A5062722514,Jawahar Sundaram
https://openalex.org/W4392848643,https://openalex.org/A5038429014,Khwaja Imran Mohammed
https://openalex.org/W4392848643,https://openalex.org/A5004069000,Bharanidharan Shanmugam
https://openalex.org/W4394591980,https://openalex.org/A5050549669,Yuan Sun
https://openalex.org/W4394591980,https://openalex.org/A5002158916,Eunchae Jang
https://openalex.org/W4394591980,https://openalex.org/A5001030192,Fenglong Ma
https://openalex.org/W4394591980,https://openalex.org/A5100428026,Ting Wang
https://openalex.org/W4386612257,https://openalex.org/A5084353234,Tianchong Wang
https://openalex.org/W4386782021,https://openalex.org/A5100778367,Jie Yu
https://openalex.org/W4386782021,https://openalex.org/A5068242714,Yiwei Weng
https://openalex.org/W4386782021,https://openalex.org/A5033442401,Jiangtao Yu
https://openalex.org/W4386782021,https://openalex.org/A5069169048,Wenguang Chen
https://openalex.org/W4386782021,https://openalex.org/A5110368490,S Z Lu
https://openalex.org/W4386782021,https://openalex.org/A5087982944,Kequan Yu
https://openalex.org/W4390410228,https://openalex.org/A5063499667,Bill Cope
https://openalex.org/W4390410228,https://openalex.org/A5044554581,Mary Kalantzis
https://openalex.org/W1532325895,https://openalex.org/A5046006076,Christopher D. Manning
https://openalex.org/W1532325895,https://openalex.org/A5078491738,Prabhakar Raghavan
https://openalex.org/W1532325895,https://openalex.org/A5071144367,Hinrich Schütze
https://openalex.org/W1660390307,https://openalex.org/A5076204770,Ricardo A. Baeza-Yates
https://openalex.org/W1660390307,https://openalex.org/A5108556969,Berthier A. Ribeiro-Neto
https://openalex.org/W4213009331,https://openalex.org/A5046006076,Christopher D. Manning
https://openalex.org/W4213009331,https://openalex.org/A5078491738,Prabhakar Raghavan
https://openalex.org/W4213009331,https://openalex.org/A5071144367,Hinrich Schütze
https://openalex.org/W1956559956,https://openalex.org/A5109936506,Gerard Salton
https://openalex.org/W1956559956,https://openalex.org/A5060549013,Michael J. McGill
https://openalex.org/W2325227998,https://openalex.org/A5110356062,Martin C. Dillon
https://openalex.org/W2093390569,https://openalex.org/A5080625665,Jay M. Ponte
https://openalex.org/W2093390569,https://openalex.org/A5105659698,W. Bruce Croft
https://openalex.org/W2164547069,https://openalex.org/A5044412358,J. J. Rocchio
https://openalex.org/W1997841190,https://openalex.org/A5010569122,William B. Frakes
https://openalex.org/W1997841190,https://openalex.org/A5076204770,Ricardo A. Baeza-Yates
https://openalex.org/W1973435495,https://openalex.org/A5101884287,Tie‐Yan Liu
https://openalex.org/W2073346043,https://openalex.org/A5059847817,Benny Chor
https://openalex.org/W2073346043,https://openalex.org/A5036104549,Eyal Kushilevitz
https://openalex.org/W2073346043,https://openalex.org/A5013698877,Oded Goldreich
https://openalex.org/W2073346043,https://openalex.org/A5101519422,Madhu Sudan
https://openalex.org/W1924689489,https://openalex.org/A5020081385,David D. Lewis
https://openalex.org/W4206765718,https://openalex.org/A5080625665,Jay M. Ponte
https://openalex.org/W4206765718,https://openalex.org/A5105659698,W. Bruce Croft
https://openalex.org/W2149427297,https://openalex.org/A5101884287,Tie‐Yan Liu
https://openalex.org/W2147069236,https://openalex.org/A5107877141,Michael S. Lew
https://openalex.org/W2147069236,https://openalex.org/A5027171279,Nicu Sebe
https://openalex.org/W2147069236,https://openalex.org/A5109893760,Chabane Djeraba
https://openalex.org/W2147069236,https://openalex.org/A5010478919,Ramesh Chandra Jain
https://openalex.org/W8870360,https://openalex.org/A5086991902,Amit Kumar Singhal
https://openalex.org/W2106365165,https://openalex.org/A5000241132,Nicholas J. Belkin
https://openalex.org/W2106365165,https://openalex.org/A5105659698,W. Bruce Croft
https://openalex.org/W2068632118,https://openalex.org/A5109936506,Gerard Salton
https://openalex.org/W2068632118,https://openalex.org/A5049148461,Edward A. Fox
https://openalex.org/W2068632118,https://openalex.org/A5044669489,Harry Wu
https://openalex.org/W170732776,https://openalex.org/A5109881851,Meinard Müller
https://openalex.org/W2150307013,https://openalex.org/A5059847817,Benny Chor
https://openalex.org/W2150307013,https://openalex.org/A5013698877,Oded Goldreich
https://openalex.org/W2150307013,https://openalex.org/A5036104549,Eyal Kushilevitz
https://openalex.org/W2150307013,https://openalex.org/A5101519422,Madhu Sudan
https://openalex.org/W142212369,https://openalex.org/A5048332811,Stefano Ceri
https://openalex.org/W142212369,https://openalex.org/A5028101938,Alessandro Bozzon
https://openalex.org/W142212369,https://openalex.org/A5091879812,Marco Brambilla
https://openalex.org/W142212369,https://openalex.org/A5015694017,Emanuele Della Valle
https://openalex.org/W142212369,https://openalex.org/A5024296934,Piero Fraternali
https://openalex.org/W142212369,https://openalex.org/A5028178077,Silvia Quarteroni
https://openalex.org/W1553682320,https://openalex.org/A5110082888,Karen Spärck Jones
https://openalex.org/W1553682320,https://openalex.org/A5102885255,Peter Willett
https://openalex.org/W2072773380,https://openalex.org/A5075015473,Michael W. Berry
https://openalex.org/W2072773380,https://openalex.org/A5111638399,Susan Dumais
https://openalex.org/W2072773380,https://openalex.org/A5103966497,Gavin O'Brien
https://openalex.org/W1500117362,https://openalex.org/A5052211345,Gobinda G Chowdhury
https://openalex.org/W1993692165,https://openalex.org/A5089034149,Claudio Carpineto
https://openalex.org/W1993692165,https://openalex.org/A5036432554,Giovanni Romano
https://openalex.org/W2136542423,https://openalex.org/A5028518494,ChengXiang Zhai
https://openalex.org/W2136542423,https://openalex.org/A5060219657,John Lafferty
https://openalex.org/W2132314908,https://openalex.org/A5037737168,Charles L. A. Clarke
https://openalex.org/W2132314908,https://openalex.org/A5043211334,Maheedhar Kolla
https://openalex.org/W2132314908,https://openalex.org/A5084091807,Gordon V. Cormack
https://openalex.org/W2132314908,https://openalex.org/A5028031104,Olga Vechtomova
https://openalex.org/W2132314908,https://openalex.org/A5018753905,Azin Ashkan
https://openalex.org/W2132314908,https://openalex.org/A5033673650,Stefan Büttcher
https://openalex.org/W2132314908,https://openalex.org/A5010317851,Ian MacKinnon
https://openalex.org/W79139011,https://openalex.org/A5053670656,George M. Hripcsak
https://openalex.org/W2082729696,https://openalex.org/A5109788435,M. E. Maron
https://openalex.org/W2082729696,https://openalex.org/A5079374403,J. L. Kuhns
https://openalex.org/W4231934124,https://openalex.org/A5108370605,Ray R. Larson
https://openalex.org/W1972594981,https://openalex.org/A5028518494,ChengXiang Zhai
https://openalex.org/W1972594981,https://openalex.org/A5060219657,John Lafferty
https://openalex.org/W2066610120,https://openalex.org/A5057846313,Amarnath Gupta
https://openalex.org/W2066610120,https://openalex.org/A5010478919,Ramesh Chandra Jain
https://openalex.org/W1549014378,https://openalex.org/A5054225034,Andreas Hotho
https://openalex.org/W1549014378,https://openalex.org/A5033933860,Robert Jäschke
https://openalex.org/W1549014378,https://openalex.org/A5077726948,Christoph Schmitz
https://openalex.org/W1549014378,https://openalex.org/A5053751744,Gerd Stumme
https://openalex.org/W2020713996,https://openalex.org/A5020602355,David J. Ellis
https://openalex.org/W2148212498,https://openalex.org/A5067236943,Bruce W. Croft
https://openalex.org/W2148212498,https://openalex.org/A5000115067,Donald Metzler
https://openalex.org/W2148212498,https://openalex.org/A5048005364,Trevor Strohman
https://openalex.org/W1969340322,https://openalex.org/A5000241132,Nicholas J. Belkin
https://openalex.org/W1969340322,https://openalex.org/A5047881415,Robert N Oddy
https://openalex.org/W1969340322,https://openalex.org/A5006110539,Helen Brooks
https://openalex.org/W2101804984,https://openalex.org/A5043189413,A. Manjeshwar
https://openalex.org/W2101804984,https://openalex.org/A5050922407,Dharma Prakash Agrawal
https://openalex.org/W2154654620,https://openalex.org/A5036104549,Eyal Kushilevitz
https://openalex.org/W2154654620,https://openalex.org/A5020375635,Rafail Ostrovsky
https://openalex.org/W2046325278,https://openalex.org/A5022407047,Mei Kobayashi
https://openalex.org/W2046325278,https://openalex.org/A5000123568,Koichi Takeda
https://openalex.org/W1982114217,https://openalex.org/A5075015473,Michael W. Berry
https://openalex.org/W1982114217,https://openalex.org/A5068311458,Zlatko Drmač
https://openalex.org/W1982114217,https://openalex.org/A5041552096,Elizabeth R. Jessup
https://openalex.org/W2062270497,https://openalex.org/A5060963011,Adam L. Berger
https://openalex.org/W2062270497,https://openalex.org/A5060219657,John Lafferty
https://openalex.org/W2037140704,https://openalex.org/A5103282450,José Luis Vicedo González
https://openalex.org/W2037140704,https://openalex.org/A5101872455,Jaime Gómez
https://openalex.org/W2149945051,https://openalex.org/A5100639988,Dong Zhou
https://openalex.org/W2149945051,https://openalex.org/A5031300934,Mark Truran
https://openalex.org/W2149945051,https://openalex.org/A5113501081,Tim Brailsford
https://openalex.org/W2149945051,https://openalex.org/A5108370023,Vincent Wade
https://openalex.org/W2149945051,https://openalex.org/A5053740034,Helen Ashman
https://openalex.org/W1534714852,https://openalex.org/A5109839968,David A. Grossman
https://openalex.org/W1534714852,https://openalex.org/A5062591304,Ophir Frieder
https://openalex.org/W2153252192,https://openalex.org/A5110082888,Karen Spärck Jones
https://openalex.org/W2153252192,https://openalex.org/A5043596018,Steve Walker
https://openalex.org/W2153252192,https://openalex.org/A5081925956,Stephen E. Robertson
https://openalex.org/W1547082571,https://openalex.org/A5048311033,Peter Ingwersen
https://openalex.org/W1990190154,https://openalex.org/A5049222552,Mark D. Smucker
https://openalex.org/W1990190154,https://openalex.org/A5034070218,James W Allan
https://openalex.org/W1990190154,https://openalex.org/A5078123101,Ben Carterette
https://openalex.org/W2136583886,https://openalex.org/A5101668360,Fei Song
https://openalex.org/W2136583886,https://openalex.org/A5105659698,W. Bruce Croft
https://openalex.org/W2105157020,https://openalex.org/A5109122839,Cornelis J. van Rijsbergen
https://openalex.org/W2164856000,https://openalex.org/A5047170063,Ying Ding
https://openalex.org/W2164856000,https://openalex.org/A5052211345,Gobinda G Chowdhury
https://openalex.org/W2164856000,https://openalex.org/A5006167228,Schubert Shou-Boon Foo
https://openalex.org/W2162059449,https://openalex.org/A5063629854,Qiang Wu
https://openalex.org/W2162059449,https://openalex.org/A5034285513,Christopher J. C. Burges
https://openalex.org/W2162059449,https://openalex.org/A5019716296,Krysta M. Svore
https://openalex.org/W2162059449,https://openalex.org/A5047233371,Jianfeng Gao
https://openalex.org/W2035569891,https://openalex.org/A5069419532,Diane E Kelly
https://openalex.org/W1963094505,https://openalex.org/A5054120489,Christian Cachin
https://openalex.org/W1963094505,https://openalex.org/A5030198184,Silvio Micali
https://openalex.org/W1963094505,https://openalex.org/A5111425767,Markus A. Stadler
https://openalex.org/W2041565863,https://openalex.org/A5112503864,Nick Jardine
https://openalex.org/W2041565863,https://openalex.org/A5109132337,C. J. van Rijsbergen
https://openalex.org/W2068905009,https://openalex.org/A5060219657,John Lafferty
https://openalex.org/W2068905009,https://openalex.org/A5028518494,ChengXiang Zhai
https://openalex.org/W2599749253,https://openalex.org/A5016951190,Hua Sun
https://openalex.org/W2599749253,https://openalex.org/A5049553679,Syed A. Jafar
https://openalex.org/W256534578,https://openalex.org/A5103980035,Chua Tat-Seng
https://openalex.org/W256534578,https://openalex.org/A5047896491,Wai-Chee Low
https://openalex.org/W256534578,https://openalex.org/A5065478753,Terence Sim
https://openalex.org/W232533489,https://openalex.org/A5009879041,Jamie Callan
https://openalex.org/W2097802284,https://openalex.org/A5035365456,Robert Krovetz
https://openalex.org/W2097802284,https://openalex.org/A5105659698,W. Bruce Croft
https://openalex.org/W4211080241,https://openalex.org/A5109132337,C. J. van Rijsbergen
https://openalex.org/W1517590677,https://openalex.org/A5027947758,H. S. Heaps
https://openalex.org/W2131133093,https://openalex.org/A5108167267,Djoerd Hiemstra
https://openalex.org/W1964348731,https://openalex.org/A5028518494,ChengXiang Zhai
https://openalex.org/W1964348731,https://openalex.org/A5060219657,John Lafferty
https://openalex.org/W2008883775,https://openalex.org/A5048311033,Peter Ingwersen
https://openalex.org/W4302313152,https://openalex.org/A5101884287,Tie‐Yan Liu
https://openalex.org/W2038678505,https://openalex.org/A5066304807,Michael A. Casey
https://openalex.org/W2038678505,https://openalex.org/A5022137808,Remco C. Veltkamp
https://openalex.org/W2038678505,https://openalex.org/A5030650456,Masataka Goto
https://openalex.org/W2038678505,https://openalex.org/A5016185241,Marc Leman
https://openalex.org/W2038678505,https://openalex.org/A5113684415,Christophe Rhodes
https://openalex.org/W2038678505,https://openalex.org/A5046802864,Malcolm Slaney
https://openalex.org/W1556327471,https://openalex.org/A5032798767,Olivier Lartillot
https://openalex.org/W1556327471,https://openalex.org/A5028633802,Petri Toiviainen
https://openalex.org/W1556327471,https://openalex.org/A5039535349,Tuomas Eerola
https://openalex.org/W2075893676,https://openalex.org/A5041495909,Justin Zobel
https://openalex.org/W2145541974,https://openalex.org/A5005284404,Amy Nicole Langville
https://openalex.org/W2145541974,https://openalex.org/A5036092350,Carl Dean Meyer
https://openalex.org/W2095368471,https://openalex.org/A5037336212,David R. H. Miller
https://openalex.org/W2095368471,https://openalex.org/A5109834810,Tim Leek
https://openalex.org/W2095368471,https://openalex.org/A5110434216,Richard Schwartz
https://openalex.org/W4240913316,https://openalex.org/A5028518494,ChengXiang Zhai
https://openalex.org/W4240913316,https://openalex.org/A5060219657,John Lafferty
https://openalex.org/W1984681168,https://openalex.org/A5012367814,Fábio Crestani
https://openalex.org/W4245107743,https://openalex.org/A5060963011,Adam L. Berger
https://openalex.org/W4245107743,https://openalex.org/A5060219657,John Lafferty
https://openalex.org/W2131876387,https://openalex.org/A5101180037,Yelong Shen
https://openalex.org/W2131876387,https://openalex.org/A5101727205,Xiaodong He
https://openalex.org/W2131876387,https://openalex.org/A5114910293,Jianfeng Gao
https://openalex.org/W2131876387,https://openalex.org/A5100671324,Li Deng
https://openalex.org/W2131876387,https://openalex.org/A5036057896,Grégoire Mesnil
https://openalex.org/W104683279,https://openalex.org/A5112719862,Sean Breen
https://openalex.org/W104683279,https://openalex.org/A5052823397,Michel Manago
https://openalex.org/W104683279,https://openalex.org/A5060580856,Stefan Weß
https://openalex.org/W104683279,https://openalex.org/A5017348527,Wolfgang Wilke
https://openalex.org/W2028009320,https://openalex.org/A5032795547,Anastasios Tombros
https://openalex.org/W2028009320,https://openalex.org/A5072614956,Mark Sanderson
https://openalex.org/W2002306339,https://openalex.org/A5108487796,Jinxi Xu
https://openalex.org/W2002306339,https://openalex.org/A5105659698,W. Bruce Croft
https://openalex.org/W1965419851,https://openalex.org/A5016957740,John Stephen Downie
https://openalex.org/W2973631095,https://openalex.org/A5018481496,Anthea Sutton
https://openalex.org/W2973631095,https://openalex.org/A5058853190,Mark Clowes
https://openalex.org/W2973631095,https://openalex.org/A5065653034,Louise R. Preston
https://openalex.org/W2973631095,https://openalex.org/A5010647345,Andrew Booth
https://openalex.org/W2015338694,https://openalex.org/A5072614956,Mark Sanderson
https://openalex.org/W2015338694,https://openalex.org/A5041495909,Justin Zobel
https://openalex.org/W2046134527,https://openalex.org/A5087467671,Jonathan T. Foote
https://openalex.org/W1994306321,https://openalex.org/A5005772961,Lars Juhl Jensen
https://openalex.org/W1994306321,https://openalex.org/A5018533693,Jasmin Šarić
https://openalex.org/W1994306321,https://openalex.org/A5074309419,Peer Bork
https://openalex.org/W1594962278,https://openalex.org/A5020081385,David D. Lewis
https://openalex.org/W2073853190,https://openalex.org/A5044849571,Bernard J. Jim Jansen
https://openalex.org/W2073853190,https://openalex.org/A5108224935,Amanda Spink
https://openalex.org/W2073853190,https://openalex.org/A5047045000,Judy Bateman
https://openalex.org/W2073853190,https://openalex.org/A5059509085,Tefko Saračević
https://openalex.org/W2080068757,https://openalex.org/A5071016611,Moses Charikar
https://openalex.org/W2080068757,https://openalex.org/A5036503505,Chandra Chekuri
https://openalex.org/W2080068757,https://openalex.org/A5109192583,Tomás Feder
https://openalex.org/W2080068757,https://openalex.org/A5112649653,Rajeev Motwani
https://openalex.org/W2263798363,https://openalex.org/A5033673650,Stefan Büttcher
https://openalex.org/W2263798363,https://openalex.org/A5037737168,Charles L. A. Clarke
https://openalex.org/W2263798363,https://openalex.org/A5084091807,Gordon V. Cormack
https://openalex.org/W1515865104,https://openalex.org/A5075965914,Yufeng Jing
https://openalex.org/W1515865104,https://openalex.org/A5105659698,W. Bruce Croft
https://openalex.org/W2006604430,https://openalex.org/A5080478427,Romain Deveaud
https://openalex.org/W2006604430,https://openalex.org/A5078798965,Éric SanJuan
https://openalex.org/W2006604430,https://openalex.org/A5059940694,Patrice Bellot
https://openalex.org/W2053673723,https://openalex.org/A5063280401,Hans‐Michael Müller
https://openalex.org/W2053673723,https://openalex.org/A5046822527,Eimear E. Kenny
https://openalex.org/W2053673723,https://openalex.org/A5033624132,Paul W. Sternberg
https://openalex.org/W4243333943,https://openalex.org/A5060219657,John Lafferty
https://openalex.org/W4243333943,https://openalex.org/A5028518494,ChengXiang Zhai
https://openalex.org/W1845198550,https://openalex.org/A5079046603,Iadh Ounis
https://openalex.org/W1845198550,https://openalex.org/A5110866799,Vassilis Plachouras
https://openalex.org/W1845198550,https://openalex.org/A5109888639,Ben He
https://openalex.org/W1845198550,https://openalex.org/A5057643560,Craig Macdonald
https://openalex.org/W1845198550,https://openalex.org/A5045392571,Douglas A. Johnson
https://openalex.org/W3101023724,https://openalex.org/A5100384727,Jun Wang
https://openalex.org/W3101023724,https://openalex.org/A5068559249,Lantao Yu
https://openalex.org/W3101023724,https://openalex.org/A5090720315,Weinan Zhang
https://openalex.org/W3101023724,https://openalex.org/A5101399682,Yu Gong
https://openalex.org/W3101023724,https://openalex.org/A5110763379,Yinghui Xu
https://openalex.org/W3101023724,https://openalex.org/A5057282504,Benyou Wang
https://openalex.org/W3101023724,https://openalex.org/A5100364209,Peng Zhang
https://openalex.org/W3101023724,https://openalex.org/A5015784640,Dell Zhang
https://openalex.org/W2105981469,https://openalex.org/A5057347072,Xuehua Shen
https://openalex.org/W2105981469,https://openalex.org/A5103153443,Bin Tan
https://openalex.org/W2105981469,https://openalex.org/A5028518494,ChengXiang Zhai
https://openalex.org/W2110220994,https://openalex.org/A5070230554,Andrian Marcus
https://openalex.org/W2110220994,https://openalex.org/A5032251612,Andrey Sergeyev
https://openalex.org/W2110220994,https://openalex.org/A5087057748,Václav Rajlich
https://openalex.org/W2110220994,https://openalex.org/A5021222755,Jonathan I. Maletic
https://openalex.org/W2100279283,https://openalex.org/A5109122839,Cornelis J. van Rijsbergen
https://openalex.org/W2146037576,https://openalex.org/A5027200081,Philippe Salembier
https://openalex.org/W2146037576,https://openalex.org/A5107977303,Luís Garrido
https://openalex.org/W2033937535,https://openalex.org/A5044299923,Leah S. Larkey
https://openalex.org/W2033937535,https://openalex.org/A5073020024,Lisa A. Ballesteros
https://openalex.org/W2033937535,https://openalex.org/A5090532964,Margaret E. Connell
https://openalex.org/W2022995284,https://openalex.org/A5072614956,Mark Sanderson
https://openalex.org/W2126129257,https://openalex.org/A5026632851,Yoelle Maarek
https://openalex.org/W2126129257,https://openalex.org/A5047897975,Daniel M. Berry
https://openalex.org/W2126129257,https://openalex.org/A5090171418,Gail E. Kaiser
https://openalex.org/W2136729221,https://openalex.org/A5054035663,Norbert Fuhr
https://openalex.org/W1990589796,https://openalex.org/A5000115067,Donald Metzler
https://openalex.org/W1990589796,https://openalex.org/A5105659698,W. Bruce Croft
https://openalex.org/W1554394657,https://openalex.org/A5028019543,Ellen M. Voorhees
https://openalex.org/W4251504464,https://openalex.org/A5086292931,Christopher C. Yang
https://openalex.org/W2134557008,https://openalex.org/A5101716412,Hui Min Fang
https://openalex.org/W2134557008,https://openalex.org/A5100401500,Tao Tao
https://openalex.org/W2134557008,https://openalex.org/A5028518494,ChengXiang Zhai
https://openalex.org/W2031302834,https://openalex.org/A5019284698,Mark Levene
https://openalex.org/W4400191782,https://openalex.org/A5021115422,Lawrence Herbert Berul
https://openalex.org/W1994559819,https://openalex.org/A5114255343,William S. Cooper
https://openalex.org/W2007815473,https://openalex.org/A5020025718,Tao Qin
https://openalex.org/W2007815473,https://openalex.org/A5101884287,Tie‐Yan Liu
https://openalex.org/W2007815473,https://openalex.org/A5020766468,Jun Xu
https://openalex.org/W2007815473,https://openalex.org/A5100455135,Hang Li
https://openalex.org/W1746620543,https://openalex.org/A5074490213,Charles T. Meadow
https://openalex.org/W1746620543,https://openalex.org/A5079863517,Donald H. Kraft
https://openalex.org/W1746620543,https://openalex.org/A5111853930,Bert R. Boyce
https://openalex.org/W2110189854,https://openalex.org/A5072614956,Mark Sanderson
https://openalex.org/W2169606435,https://openalex.org/A5012483706,Xuerui Wang
https://openalex.org/W2169606435,https://openalex.org/A5107835063,Andrew McCallum
https://openalex.org/W2169606435,https://openalex.org/A5040886197,Xing Wei
https://openalex.org/W1985947101,https://openalex.org/A5088836481,Ripon K. Saha
https://openalex.org/W1985947101,https://openalex.org/A5023397430,Matthew Lease
https://openalex.org/W1985947101,https://openalex.org/A5102146282,Sarfraz Khurshid
https://openalex.org/W1985947101,https://openalex.org/A5110162124,Dewayne E. Perry
https://openalex.org/W2001014535,https://openalex.org/A5016957740,John Stephen Downie
https://openalex.org/W2108347737,https://openalex.org/A5052940596,Pablo Castells
https://openalex.org/W2108347737,https://openalex.org/A5090994054,Miriam Fernández
https://openalex.org/W2108347737,https://openalex.org/A5083922073,David Vallet
https://openalex.org/W1507424295,https://openalex.org/A5105369820,David C. Blair
https://openalex.org/W168954559,https://openalex.org/A5110082888,Karen Spärck Jones
https://openalex.org/W2524023279,https://openalex.org/A5062418593,Karim Banawan
https://openalex.org/W2524023279,https://openalex.org/A5021132487,Şennur Ulukuş
https://openalex.org/W2129245267,https://openalex.org/A5101884287,Tie‐Yan Liu
https://openalex.org/W2129245267,https://openalex.org/A5020766468,Jun Xu
https://openalex.org/W2129245267,https://openalex.org/A5020025718,Tao Qin
https://openalex.org/W2129245267,https://openalex.org/A5064021178,Wenying Xiong
https://openalex.org/W2129245267,https://openalex.org/A5100455129,Hang Li
https://openalex.org/W2124914669,https://openalex.org/A5087368991,Max Welling
https://openalex.org/W2124914669,https://openalex.org/A5003092468,Michal Rosen‐Zvi
https://openalex.org/W2124914669,https://openalex.org/A5108093963,Geoffrey E. Hinton
https://openalex.org/W4249191614,https://openalex.org/A5109132337,C. J. van Rijsbergen
https://openalex.org/W2102823665,https://openalex.org/A5070094618,Chunqiang Tang
https://openalex.org/W2102823665,https://openalex.org/A5111926033,Zhichen Xu
https://openalex.org/W2102823665,https://openalex.org/A5013232946,Sandhya Dwarkadas
https://openalex.org/W2045577803,https://openalex.org/A5073505036,Tomek Strzalkowski
https://openalex.org/W2065265824,https://openalex.org/A5072434004,Yael Gertner
https://openalex.org/W2065265824,https://openalex.org/A5081852077,Yuval Ishai
https://openalex.org/W2065265824,https://openalex.org/A5036104549,Eyal Kushilevitz
https://openalex.org/W2065265824,https://openalex.org/A5058081649,Tal Malkin
https://openalex.org/W1992609556,https://openalex.org/A5054035663,Norbert Fuhr
https://openalex.org/W1992609556,https://openalex.org/A5064298792,Thomas Rölleke
https://openalex.org/W1502904630,https://openalex.org/A5036137483,Gerald Kowalski
https://openalex.org/W2155471967,https://openalex.org/A5060484643,Eva Huala
https://openalex.org/W2741307002,https://openalex.org/A5009998195,Hiteshwar Kumar Azad
https://openalex.org/W2741307002,https://openalex.org/A5042903304,Akshay Deepak
https://openalex.org/W2026324192,https://openalex.org/A5062082320,Preben Hansen
https://openalex.org/W2026324192,https://openalex.org/A5014374477,Kalervo Järvelin
https://openalex.org/W2028342611,https://openalex.org/A5031371477,Xia Lin
https://openalex.org/W2028342611,https://openalex.org/A5036787563,Dagobert Soergel
https://openalex.org/W2028342611,https://openalex.org/A5055800528,Gary Marchionini
https://openalex.org/W2126356880,https://openalex.org/A5102953634,Rafael del Hoyo Alonso
https://openalex.org/W2126356880,https://openalex.org/A5089029917,Daniel Barbará
https://openalex.org/W2126356880,https://openalex.org/A5055883336,Héctor García-Molina
https://openalex.org/W2109634664,https://openalex.org/A5076122659,George Paltoglou
https://openalex.org/W2109634664,https://openalex.org/A5034823602,Mike A Thelwall
https://openalex.org/W1979955134,https://openalex.org/A5057995688,Paul Lamere
https://openalex.org/W2096411881,https://openalex.org/A5109132337,C. J. van Rijsbergen
https://openalex.org/W1979730211,https://openalex.org/A5074193714,Carlo Colombo
https://openalex.org/W1979730211,https://openalex.org/A5081506611,Alberto Del Bimbo
https://openalex.org/W1979730211,https://openalex.org/A5031581349,Pietro Pala
https://openalex.org/W2014981059,https://openalex.org/A5114156342,Ron D. Appel
https://openalex.org/W2014981059,https://openalex.org/A5069843378,Amos Bairoch
https://openalex.org/W2014981059,https://openalex.org/A5111928966,Denis F. Hochstrasser
https://openalex.org/W122374328,https://openalex.org/A5006395550,Shannon Kugley
https://openalex.org/W122374328,https://openalex.org/A5110601725,Anne Wade
https://openalex.org/W122374328,https://openalex.org/A5090183643,James Thomas
https://openalex.org/W122374328,https://openalex.org/A5041290175,Quenby Mahood
https://openalex.org/W122374328,https://openalex.org/A5075287816,Anne‐Marie Klint Jørgensen
https://openalex.org/W122374328,https://openalex.org/A5109388468,Karianne Thune Hammerstrøm
https://openalex.org/W122374328,https://openalex.org/A5102802766,Nila A Sathe
https://openalex.org/W2726585279,https://openalex.org/A5015779172,Claude Sammut
https://openalex.org/W2726585279,https://openalex.org/A5058054791,Geoffrey I. Webb
https://openalex.org/W2140735141,https://openalex.org/A5072664902,Giannis Varelas
https://openalex.org/W2140735141,https://openalex.org/A5068134828,Epimenidis Voutsakis
https://openalex.org/W2140735141,https://openalex.org/A5018529678,Paraskevi Raftopoulou
https://openalex.org/W2140735141,https://openalex.org/A5090795298,Euripides G. M. Petrakis
https://openalex.org/W2140735141,https://openalex.org/A5013989913,Evangelos Milios
https://openalex.org/W1965061793,https://openalex.org/A5023699325,Vijay V. Raghavan
https://openalex.org/W1965061793,https://openalex.org/A5113493572,S. K. M. Wong
https://openalex.org/W1528364680,https://openalex.org/A5000241132,Nicholas J. Belkin
https://openalex.org/W2139543149,https://openalex.org/A5041262116,Denys Poshyvanyk
https://openalex.org/W2139543149,https://openalex.org/A5048594006,Yann‐Gaël Guéhéneuc
https://openalex.org/W2139543149,https://openalex.org/A5070230554,Andrian Marcus
https://openalex.org/W2139543149,https://openalex.org/A5018821149,Giuliano Antoniol
https://openalex.org/W2139543149,https://openalex.org/A5087057748,Václav Rajlich
https://openalex.org/W4252417799,https://openalex.org/A5109839968,David A. Grossman
https://openalex.org/W4252417799,https://openalex.org/A5062591304,Ophir Frieder
https://openalex.org/W1663493649,https://openalex.org/A5024595111,Ian Clarke
https://openalex.org/W1663493649,https://openalex.org/A5089148873,Oskar J. Sandberg
https://openalex.org/W1663493649,https://openalex.org/A5038001346,Brandon Wiley
https://openalex.org/W1663493649,https://openalex.org/A5037081525,Theodore W. Hong
https://openalex.org/W1979325497,https://openalex.org/A5001208484,Angelos Hliaoutakis
https://openalex.org/W1979325497,https://openalex.org/A5072664902,Giannis Varelas
https://openalex.org/W1979325497,https://openalex.org/A5068134828,Epimenidis Voutsakis
https://openalex.org/W1979325497,https://openalex.org/A5090795298,Euripides G. M. Petrakis
https://openalex.org/W1979325497,https://openalex.org/A5013989913,Evangelos Milios
https://openalex.org/W1970253213,https://openalex.org/A5054329056,Samuel L. Braunstein
https://openalex.org/W1970253213,https://openalex.org/A5030087079,Stefano Pirandola
https://openalex.org/W1970253213,https://openalex.org/A5072049493,Karol Życzkowski
https://openalex.org/W2922386288,https://openalex.org/A5088621320,Jiafeng Guo
https://openalex.org/W2922386288,https://openalex.org/A5006971161,Yixing Fan
https://openalex.org/W2922386288,https://openalex.org/A5004759804,Liang Pang
https://openalex.org/W2922386288,https://openalex.org/A5100355692,Yang Liu
https://openalex.org/W2922386288,https://openalex.org/A5089655391,Qingyao Ai
https://openalex.org/W2922386288,https://openalex.org/A5101457713,Hamed Zamani
https://openalex.org/W2922386288,https://openalex.org/A5100707380,Chen Henry Wu
https://openalex.org/W2922386288,https://openalex.org/A5105659698,W. Bruce Croft
https://openalex.org/W2922386288,https://openalex.org/A5029998682,Xueqi Cheng
https://openalex.org/W208548429,https://openalex.org/A5080804084,Pia Borlund
https://openalex.org/W2067802667,https://openalex.org/A5109250040,Ramesh M. Nallapati
https://openalex.org/W1543039027,https://openalex.org/A5039513155,Gregory Grefenstette
https://openalex.org/W204790106,https://openalex.org/A5006616338,Yusef Hassan‐Montero
https://openalex.org/W204790106,https://openalex.org/A5018031815,Víctor Herrero-Solana
https://openalex.org/W1974406477,https://openalex.org/A5113493572,S. K. M. Wong
https://openalex.org/W1974406477,https://openalex.org/A5108192254,Wojciech Ziarko
https://openalex.org/W1974406477,https://openalex.org/A5081288193,P. C. N. Wong
https://openalex.org/W2153258502,https://openalex.org/A5012089296,Jane Huffman Hayes
https://openalex.org/W2153258502,https://openalex.org/A5102951552,Alex Dekhtyar
https://openalex.org/W2153258502,https://openalex.org/A5009283347,John G. Osborne
https://openalex.org/W2085391968,https://openalex.org/A5031371477,Xia Lin
https://openalex.org/W2160825952,https://openalex.org/A5114910293,Jianfeng Gao
https://openalex.org/W2160825952,https://openalex.org/A5018977183,Jian‐Yun Nie
https://openalex.org/W2160825952,https://openalex.org/A5089015336,Guangyuan Wu
https://openalex.org/W2160825952,https://openalex.org/A5110660237,Guihong Cao
https://openalex.org/W2168859760,https://openalex.org/A5028518494,ChengXiang Zhai
https://openalex.org/W2768218911,https://openalex.org/A5016951190,Hua Sun
https://openalex.org/W2768218911,https://openalex.org/A5049553679,Syed A. Jafar
https://openalex.org/W2138918086,https://openalex.org/A5005575421,Stefano Mizzaro
https://openalex.org/W2107668593,https://openalex.org/A5110082888,Karen Spärck Jones
https://openalex.org/W30790492,https://openalex.org/A5044299923,Leah S. Larkey
https://openalex.org/W30790492,https://openalex.org/A5073020024,Lisa A. Ballesteros
https://openalex.org/W30790492,https://openalex.org/A5090532964,Margaret E. Connell
https://openalex.org/W1730348256,https://openalex.org/A5027851624,Thure Etzold
https://openalex.org/W1730348256,https://openalex.org/A5063489663,Patrick Argos
https://openalex.org/W2153927559,https://openalex.org/A5105659698,W. Bruce Croft
https://openalex.org/W2153927559,https://openalex.org/A5061439330,Howard R. Turtle
https://openalex.org/W2153927559,https://openalex.org/A5020081385,David D. Lewis
https://openalex.org/W2110933113,https://openalex.org/A5059509085,Tefko Saračević
https://openalex.org/W2006121889,https://openalex.org/A5036518210,Shu-Sheng Liaw
https://openalex.org/W2006121889,https://openalex.org/A5057220554,Hsiu‐Mei Huang
https://openalex.org/W1966835268,https://openalex.org/A5076265623,Emine Yılmaz
https://openalex.org/W1966835268,https://openalex.org/A5107005206,Javed A. Aslam
https://openalex.org/W1966835268,https://openalex.org/A5081925956,Stephen E. Robertson
https://openalex.org/W2040659137,https://openalex.org/A5072614956,Mark Sanderson
https://openalex.org/W2040659137,https://openalex.org/A5105659698,W. Bruce Croft
https://openalex.org/W2016973429,https://openalex.org/A5071016611,Moses Charikar
https://openalex.org/W2016973429,https://openalex.org/A5036503505,Chandra Chekuri
https://openalex.org/W2016973429,https://openalex.org/A5109192583,Tomás Feder
https://openalex.org/W2016973429,https://openalex.org/A5112649653,Rajeev Motwani
https://openalex.org/W1563804946,https://openalex.org/A5110504124,F. Wilfrid Lancaster
https://openalex.org/W2031767620,https://openalex.org/A5091259315,Markus Schedl
https://openalex.org/W2031767620,https://openalex.org/A5027977314,Emília Gómez
https://openalex.org/W2031767620,https://openalex.org/A5048779508,Julián Urbano
https://openalex.org/W2610394652,https://openalex.org/A5007203127,Martin Krallinger
https://openalex.org/W2610394652,https://openalex.org/A5027971106,Obdulia Rabal
https://openalex.org/W2610394652,https://openalex.org/A5033016354,Anália Maria Garcia Lourenço
https://openalex.org/W2610394652,https://openalex.org/A5081476843,Julen Oyarzábal
https://openalex.org/W2610394652,https://openalex.org/A5015217651,Alfonso Valencia
https://openalex.org/W2046902062,https://openalex.org/A5045898854,Yuanhua Lv
https://openalex.org/W2046902062,https://openalex.org/A5028518494,ChengXiang Zhai
https://openalex.org/W1977089507,https://openalex.org/A5046665416,Bradley J. Rhodes
https://openalex.org/W1977089507,https://openalex.org/A5081457786,Pattie Maes
https://openalex.org/W1759973002,https://openalex.org/A5003816022,Chris Buckley
https://openalex.org/W1584533718,https://openalex.org/A5007012493,Fadillah Tala
https://openalex.org/W3180230246,https://openalex.org/A5082997975,Jimmy Lin
https://openalex.org/W3180230246,https://openalex.org/A5021623012,Xueguang Ma
https://openalex.org/W3180230246,https://openalex.org/A5032699557,Sheng-Chieh Lin
https://openalex.org/W3180230246,https://openalex.org/A5014519159,Jheng-Hong Yang
https://openalex.org/W3180230246,https://openalex.org/A5101480198,Ronak Pradeep
https://openalex.org/W3180230246,https://openalex.org/A5030647281,Rodrigo Nogueira
https://openalex.org/W2039297031,https://openalex.org/A5089440969,Ricardo Campos
https://openalex.org/W2039297031,https://openalex.org/A5043440123,Gaël Dias
https://openalex.org/W2039297031,https://openalex.org/A5029214477,Alí­pio Jorge
https://openalex.org/W2039297031,https://openalex.org/A5079733597,Adam Jatowt
https://openalex.org/W1552863221,https://openalex.org/A5105659698,W. Bruce Croft
https://openalex.org/W171567834,https://openalex.org/A5089274175,William I. Gasarch
https://openalex.org/W4206655182,https://openalex.org/A5086752907,Benjamin Piwowarski
https://openalex.org/W4206655182,https://openalex.org/A5103247688,Max Chevalier
https://openalex.org/W4206655182,https://openalex.org/A5014352159,Éric Gaussier
https://openalex.org/W1997211290,https://openalex.org/A5034070218,James W Allan
https://openalex.org/W1997211290,https://openalex.org/A5069370704,Jay Aslam
https://openalex.org/W1997211290,https://openalex.org/A5000241132,Nicholas J. Belkin
https://openalex.org/W1997211290,https://openalex.org/A5003816022,Chris Buckley
https://openalex.org/W1997211290,https://openalex.org/A5009879041,Jamie Callan
https://openalex.org/W1997211290,https://openalex.org/A5067236943,Bruce W. Croft
https://openalex.org/W1997211290,https://openalex.org/A5034160445,Sue Dumais
https://openalex.org/W1997211290,https://openalex.org/A5054035663,Norbert Fuhr
https://openalex.org/W1997211290,https://openalex.org/A5113635922,Donna K. Harman
https://openalex.org/W1997211290,https://openalex.org/A5047863954,David J. Harper
https://openalex.org/W1997211290,https://openalex.org/A5108167267,Djoerd Hiemstra
https://openalex.org/W1997211290,https://openalex.org/A5045413165,Thomas Frank Hofmann
https://openalex.org/W1997211290,https://openalex.org/A5060225743,Eduard H. Hovy
https://openalex.org/W1997211290,https://openalex.org/A5049624750,Wessel Kraaij
https://openalex.org/W1997211290,https://openalex.org/A5060219657,John Lafferty
https://openalex.org/W1997211290,https://openalex.org/A5040085648,Victor P. Lavrenko
https://openalex.org/W1997211290,https://openalex.org/A5020081385,David D. Lewis
https://openalex.org/W1997211290,https://openalex.org/A5063564009,Liz Liddy
https://openalex.org/W1997211290,https://openalex.org/A5055459215,Raghaven Manmatha
https://openalex.org/W1997211290,https://openalex.org/A5107835063,Andrew McCallum
https://openalex.org/W1997211290,https://openalex.org/A5080625665,Jay M. Ponte
https://openalex.org/W1997211290,https://openalex.org/A5001851133,John M. Prager
https://openalex.org/W1997211290,https://openalex.org/A5081787254,Dragomir Radev
https://openalex.org/W1997211290,https://openalex.org/A5059946729,Philip Resnik
https://openalex.org/W1997211290,https://openalex.org/A5081925956,Stephen E. Robertson
https://openalex.org/W1997211290,https://openalex.org/A5040906638,Roni Rosenfeld
https://openalex.org/W1997211290,https://openalex.org/A5043396055,Salim Roukos
https://openalex.org/W1997211290,https://openalex.org/A5072614956,Mark Sanderson
https://openalex.org/W1997211290,https://openalex.org/A5058546855,Rich Schwartz
https://openalex.org/W1997211290,https://openalex.org/A5086991902,Amit Kumar Singhal
https://openalex.org/W1997211290,https://openalex.org/A5008334059,Alan F. Smeaton
https://openalex.org/W1997211290,https://openalex.org/A5061439330,Howard R. Turtle
https://openalex.org/W1997211290,https://openalex.org/A5028019543,Ellen M. Voorhees
https://openalex.org/W1997211290,https://openalex.org/A5011618765,Ralph Weischedel
https://openalex.org/W1997211290,https://openalex.org/A5108487796,Jinxi Xu
https://openalex.org/W1997211290,https://openalex.org/A5028518494,ChengXiang Zhai
https://openalex.org/W1975730959,https://openalex.org/A5043423597,Jean Tague‐Sutcliffe
https://openalex.org/W2093432797,https://openalex.org/A5063719314,George W. Furnas
https://openalex.org/W2093432797,https://openalex.org/A5074017238,Scott C. Deerwester
https://openalex.org/W2093432797,https://openalex.org/A5062604722,Susan T. Durnais
https://openalex.org/W2093432797,https://openalex.org/A5112868485,Thomas K. Landauer
https://openalex.org/W2093432797,https://openalex.org/A5049816685,Richard A. Harshman
https://openalex.org/W2093432797,https://openalex.org/A5069667132,Lynn A. Streeter
https://openalex.org/W2093432797,https://openalex.org/A5073369501,Karen E. Lochbaum
https://openalex.org/W1593657456,https://openalex.org/A5001422310,William Hersh
https://openalex.org/W2034701578,https://openalex.org/A5009780500,John A. Swets
https://openalex.org/W2163382007,https://openalex.org/A5028518494,ChengXiang Zhai
https://openalex.org/W1986070285,https://openalex.org/A5046685409,Sergey Yekhanin
https://openalex.org/W1934398053,https://openalex.org/A5044697595,Craig Gentry
https://openalex.org/W1934398053,https://openalex.org/A5020595585,Zulfikar Ramzan
https://openalex.org/W2180407021,https://openalex.org/A5071144367,Hinrich Schütze
https://openalex.org/W2180407021,https://openalex.org/A5074139750,Jan Ole Pedersen
https://openalex.org/W4212990356,https://openalex.org/A5102283856,Sadaaki Miyamoto
https://openalex.org/W2138378644,https://openalex.org/A5079088548,Andrea De Lucia
https://openalex.org/W2138378644,https://openalex.org/A5079134419,Fausto Fasano
https://openalex.org/W2138378644,https://openalex.org/A5009727039,Rocco Oliveto
https://openalex.org/W2138378644,https://openalex.org/A5074856207,Genoveffa Tortora
https://openalex.org/W1980730196,https://openalex.org/A5100384727,Jun Wang
https://openalex.org/W1980730196,https://openalex.org/A5102059411,Jianhan Zhu
https://openalex.org/W1983182180,https://openalex.org/A5059847817,Benny Chor
https://openalex.org/W1983182180,https://openalex.org/A5046229987,Niv Gilboa
https://openalex.org/W395933519,https://openalex.org/A5015454019,Fabien Gouyon
https://openalex.org/W395933519,https://openalex.org/A5020790562,Perfecto Herrera
https://openalex.org/W395933519,https://openalex.org/A5084890477,Luís Gustavo Martins
https://openalex.org/W395933519,https://openalex.org/A5110826154,Manfred Alexander Müller
https://openalex.org/W2139059438,https://openalex.org/A5110504124,F. Wilfrid Lancaster
https://openalex.org/W2082889357,https://openalex.org/A5100712838,Joon Ho Lee
https://openalex.org/W2082889357,https://openalex.org/A5101419328,Myoung Ho Kim
https://openalex.org/W2082889357,https://openalex.org/A5111806652,Yoon Joon Lee
https://openalex.org/W2069315482,https://openalex.org/A5047881415,Robert N Oddy
https://openalex.org/W2008248260,https://openalex.org/A5073020024,Lisa A. Ballesteros
https://openalex.org/W2008248260,https://openalex.org/A5105659698,W. Bruce Croft
https://openalex.org/W2035242626,https://openalex.org/A5039266314,Jean Véronis
https://openalex.org/W4252222626,https://openalex.org/A5048533217,Bhaskar Mitra
https://openalex.org/W4252222626,https://openalex.org/A5055132321,Nick Craswell
https://openalex.org/W1997413723,https://openalex.org/A5061033797,Christopher B. Jones
https://openalex.org/W1997413723,https://openalex.org/A5048171501,Ross Stuart Purves
https://openalex.org/W2889742741,https://openalex.org/A5070937840,J. Shane Culpepper
https://openalex.org/W2889742741,https://openalex.org/A5101492251,Fernando Díaz
https://openalex.org/W2889742741,https://openalex.org/A5049222552,Mark D. Smucker
https://openalex.org/W2009979684,https://openalex.org/A5112696774,Yisong Yue
https://openalex.org/W2009979684,https://openalex.org/A5014687727,Thorsten Joachims
https://openalex.org/W2004690028,https://openalex.org/A5010891892,Peter G. B. Enser
https://openalex.org/W8513375,https://openalex.org/A5048311033,Peter Ingwersen
https://openalex.org/W8513375,https://openalex.org/A5014374477,Kalervo Järvelin
https://openalex.org/W19867504,https://openalex.org/A5047881415,Robert N Oddy
https://openalex.org/W2099868020,https://openalex.org/A5025338361,Ofer Egozi
https://openalex.org/W2099868020,https://openalex.org/A5088024319,Shaul Markovitch
https://openalex.org/W2099868020,https://openalex.org/A5013932834,Evgeniy Gabrilovich
https://openalex.org/W29496115,https://openalex.org/A5109839968,David A. Grossman
https://openalex.org/W29496115,https://openalex.org/A5062591304,Ophir Frieder
https://openalex.org/W135190683,https://openalex.org/A5028019543,Ellen M. Voorhees
https://openalex.org/W135190683,https://openalex.org/A5113635922,Donna K. Harman
https://openalex.org/W2041126289,https://openalex.org/A5080804084,Pia Borlund
https://openalex.org/W1868287705,https://openalex.org/A5035605036,Christos Faloutsos
https://openalex.org/W1868287705,https://openalex.org/A5074322406,Douglas W. Oard
https://openalex.org/W3149255455,https://openalex.org/A5059763207,Jian Hong Zhou
https://openalex.org/W3149255455,https://openalex.org/A5100412598,Hongyu Zhang
https://openalex.org/W3149255455,https://openalex.org/A5081036622,David Lo
https://openalex.org/W2140221871,https://openalex.org/A5065064482,Jarkko Venna
https://openalex.org/W2140221871,https://openalex.org/A5059446980,Jaakko Peltonen
https://openalex.org/W2140221871,https://openalex.org/A5020996463,Kristian Nybo
https://openalex.org/W2140221871,https://openalex.org/A5065532278,Helena Aidos
https://openalex.org/W2140221871,https://openalex.org/A5018305257,Samuel Kaski
https://openalex.org/W1987389174,https://openalex.org/A5103564473,Don R. Swanson
https://openalex.org/W2009287352,https://openalex.org/A5004299489,Richard K. Belew
https://openalex.org/W2061954183,https://openalex.org/A5108230279,Paul R. Cohen
https://openalex.org/W2061954183,https://openalex.org/A5011906247,Rick Kjeldsen
https://openalex.org/W1995496265,https://openalex.org/A5109603496,Urvi Shah
https://openalex.org/W1995496265,https://openalex.org/A5009972149,Tim Finin
https://openalex.org/W1995496265,https://openalex.org/A5020975010,Anupam Joshi
https://openalex.org/W1995496265,https://openalex.org/A5054839139,R. Scott Cost
https://openalex.org/W1995496265,https://openalex.org/A5035954933,James Matfield
https://openalex.org/W2170872814,https://openalex.org/A5012739675,Oleksandr Kolomiyets
https://openalex.org/W2170872814,https://openalex.org/A5075796989,Marie‐Francine Moens
https://openalex.org/W2154504357,https://openalex.org/A5051420635,Omar Alonso
https://openalex.org/W2154504357,https://openalex.org/A5061021795,Michael Gertz
https://openalex.org/W2154504357,https://openalex.org/A5076204770,Ricardo A. Baeza-Yates
https://openalex.org/W2613972820,https://openalex.org/A5090726255,Kohei Kawabata
https://openalex.org/W2613972820,https://openalex.org/A5057656719,Yuto Ashida
https://openalex.org/W2613972820,https://openalex.org/A5058278208,Masahito Ueda
https://openalex.org/W2047031127,https://openalex.org/A5113493572,S. K. M. Wong
https://openalex.org/W2047031127,https://openalex.org/A5063696855,Yiyu Y. Yao
https://openalex.org/W2162432120,https://openalex.org/A5100401500,Tao Tao
https://openalex.org/W2162432120,https://openalex.org/A5028518494,ChengXiang Zhai
https://openalex.org/W2034989007,https://openalex.org/A5090994054,Miriam Fernández
https://openalex.org/W2034989007,https://openalex.org/A5068239690,Iván Cantador
https://openalex.org/W2034989007,https://openalex.org/A5030268064,Vanessa López
https://openalex.org/W2034989007,https://openalex.org/A5083922073,David Vallet
https://openalex.org/W2034989007,https://openalex.org/A5052940596,Pablo Castells
https://openalex.org/W2034989007,https://openalex.org/A5068408717,Enrico Motta
https://openalex.org/W2059442634,https://openalex.org/A5000241132,Nicholas J. Belkin
https://openalex.org/W2059442634,https://openalex.org/A5046219289,Pier Giorgio Marchetti
https://openalex.org/W2059442634,https://openalex.org/A5026482253,Colleen Cool
https://openalex.org/W28930810,https://openalex.org/A5059847817,Benny Chor
https://openalex.org/W28930810,https://openalex.org/A5046229987,Niv Gilboa
https://openalex.org/W28930810,https://openalex.org/A5002372704,Moni Naor
https://openalex.org/W1822223425,https://openalex.org/A5020375635,Rafail Ostrovsky
https://openalex.org/W1822223425,https://openalex.org/A5048668638,William E. Skeith
https://openalex.org/W290340400,https://openalex.org/A5029631287,Mohamed Koutheaïr Khribi
https://openalex.org/W290340400,https://openalex.org/A5062847316,Mohamed Jemni
https://openalex.org/W290340400,https://openalex.org/A5049581991,Olfa Nasraoui
https://openalex.org/W2385545,https://openalex.org/A5004451369,Dmitry Bogdanov
https://openalex.org/W2385545,https://openalex.org/A5071338380,Nicolas Wack
https://openalex.org/W2385545,https://openalex.org/A5027977314,Emília Gómez
https://openalex.org/W2385545,https://openalex.org/A5084461554,Sankalp Gulati
https://openalex.org/W2385545,https://openalex.org/A5020790562,Perfecto Herrera
https://openalex.org/W2385545,https://openalex.org/A5039539221,Óscar Mayor
https://openalex.org/W2385545,https://openalex.org/A5031121131,Gerard Roma
https://openalex.org/W2385545,https://openalex.org/A5037548450,Justin Salamon
https://openalex.org/W2385545,https://openalex.org/A5004890371,José R. Zapata
https://openalex.org/W2385545,https://openalex.org/A5006479715,Xavier Serra
https://openalex.org/W2401976587,https://openalex.org/A5008608798,Carlos Aguilar-Melchor
https://openalex.org/W2401976587,https://openalex.org/A5054611322,Joris Barrier
https://openalex.org/W2401976587,https://openalex.org/A5070666087,Laurent Fousse
https://openalex.org/W2401976587,https://openalex.org/A5037970698,Marc‐Olivier Killijian
https://openalex.org/W2084540239,https://openalex.org/A5033632230,Philipp Mayr
https://openalex.org/W2084540239,https://openalex.org/A5090733139,Andrea Scharnhorst
https://openalex.org/W2079896767,https://openalex.org/A5080804084,Pia Borlund
https://openalex.org/W2079896767,https://openalex.org/A5048311033,Peter Ingwersen
https://openalex.org/W2135682088,https://openalex.org/A5109924510,Hsinchun Chen
https://openalex.org/W2808769206,https://openalex.org/A5016951190,Hua Sun
https://openalex.org/W2808769206,https://openalex.org/A5049553679,Syed A. Jafar
https://openalex.org/W2963413537,https://openalex.org/A5079294052,Ragnar Freij-Hollanti
https://openalex.org/W2963413537,https://openalex.org/A5083532771,Oliver W. Gnilke
https://openalex.org/W2963413537,https://openalex.org/A5035260653,Camilla Hollanti
https://openalex.org/W2963413537,https://openalex.org/A5054656997,David Karpuk
https://openalex.org/W1979055255,https://openalex.org/A5031538891,Alistair﻿ Sutcliffe﻿
https://openalex.org/W1979055255,https://openalex.org/A5072631073,Mark Ennis
https://openalex.org/W2001154722,https://openalex.org/A5041605156,Stanisław Jarecki
https://openalex.org/W2001154722,https://openalex.org/A5048218857,Charanjit S. Jutla
https://openalex.org/W2001154722,https://openalex.org/A5057824781,Hugo Krawczyk
https://openalex.org/W2001154722,https://openalex.org/A5111974901,Marcel Catalin Rosu
https://openalex.org/W2001154722,https://openalex.org/A5075457822,Michael Steiner
https://openalex.org/W2119885359,https://openalex.org/A5088428969,David J. Ellis
https://openalex.org/W2107703929,https://openalex.org/A5083922073,David Vallet
https://openalex.org/W2107703929,https://openalex.org/A5090994054,Miriam Fernández
https://openalex.org/W2107703929,https://openalex.org/A5052940596,Pablo Castells
https://openalex.org/W1994960885,https://openalex.org/A5110082888,Karen Spärck Jones
https://openalex.org/W1994960885,https://openalex.org/A5109132337,C. J. van Rijsbergen
https://openalex.org/W2006997130,https://openalex.org/A5103324615,David Carmel
https://openalex.org/W2006997130,https://openalex.org/A5103091006,Doron L. Cohen
https://openalex.org/W2006997130,https://openalex.org/A5027117465,Ronald Fagin
https://openalex.org/W2006997130,https://openalex.org/A5064288943,Eitan Farchi
https://openalex.org/W2006997130,https://openalex.org/A5025541372,Michael Herscovici
https://openalex.org/W2006997130,https://openalex.org/A5026632851,Yoelle Maarek
https://openalex.org/W2006997130,https://openalex.org/A5010601302,Aya Soffer
https://openalex.org/W2068086934,https://openalex.org/A5005489917,P. J. Gleason
https://openalex.org/W4247619421,https://openalex.org/A5148393988,Tieyun Qian
https://openalex.org/W4247619421,https://openalex.org/A5148361926,Yiqun Liu
https://openalex.org/W4247619421,https://openalex.org/A5140985364,Tong Ruan
https://openalex.org/W4247619421,https://openalex.org/A5148334863,Jianyun Nie
https://openalex.org/W4247619421,https://openalex.org/A5125635347,Jirong Wen
https://openalex.org/W2116737258,https://openalex.org/A5059763207,Jian Hong Zhou
https://openalex.org/W2116737258,https://openalex.org/A5100412598,Hongyu Zhang
https://openalex.org/W2116737258,https://openalex.org/A5081036622,David Lo
https://openalex.org/W1597521809,https://openalex.org/A5048311033,Peter Ingwersen
https://openalex.org/W1597521809,https://openalex.org/A5066205285,Kalervo Jrvelin
https://openalex.org/W2028690179,https://openalex.org/A5087565577,Pertti Vakkari
https://openalex.org/W1554104313,https://openalex.org/A5068851928,Rainer Typke
https://openalex.org/W1554104313,https://openalex.org/A5051417904,Frans Wiering
https://openalex.org/W1554104313,https://openalex.org/A5022137808,Remco C. Veltkamp
https://openalex.org/W2725049817,https://openalex.org/A5048533217,Bhaskar Mitra
https://openalex.org/W2725049817,https://openalex.org/A5055132321,Nick Craswell
https://openalex.org/W4252060112,https://openalex.org/A5110082888,Karen Spärck Jones
https://openalex.org/W4252060112,https://openalex.org/A5043596018,Steve Walker
https://openalex.org/W4252060112,https://openalex.org/A5081925956,Stephen E. Robertson
https://openalex.org/W2002659088,https://openalex.org/A5048311033,Peter Ingwersen
https://openalex.org/W2002659088,https://openalex.org/A5014374477,Kalervo Järvelin
https://openalex.org/W3003611599,https://openalex.org/A5101457713,Hamed Zamani
https://openalex.org/W3003611599,https://openalex.org/A5111638399,Susan Dumais
https://openalex.org/W3003611599,https://openalex.org/A5055132321,Nick Craswell
https://openalex.org/W3003611599,https://openalex.org/A5102869952,Paul Nathan Bennett
https://openalex.org/W3003611599,https://openalex.org/A5017350695,Gord Lueck
https://openalex.org/W2027280740,https://openalex.org/A5015900970,Christine L. Borgman
https://openalex.org/W2951483008,https://openalex.org/A5072434004,Yael Gertner
https://openalex.org/W2951483008,https://openalex.org/A5081852077,Yuval Ishai
https://openalex.org/W2951483008,https://openalex.org/A5036104549,Eyal Kushilevitz
https://openalex.org/W2951483008,https://openalex.org/A5058081649,Tal Malkin
https://openalex.org/W2047959359,https://openalex.org/A5110791714,Páraic Sheridan
https://openalex.org/W2047959359,https://openalex.org/A5086607907,Jean Paul Ballerini
https://openalex.org/W2105037262,https://openalex.org/A5090953912,Ian Goldberg
https://openalex.org/W2147792648,https://openalex.org/A5034259217,Norbert Schwarz
https://openalex.org/W2147792648,https://openalex.org/A5020910756,Herbert Bless
https://openalex.org/W2147792648,https://openalex.org/A5078574152,Fritz Strack
https://openalex.org/W2147792648,https://openalex.org/A5001507237,Gisela Klumpp
https://openalex.org/W2147792648,https://openalex.org/A5078759997,Helga Rittenauer-Schatka
https://openalex.org/W2147792648,https://openalex.org/A5006895956,Annette Simons
https://openalex.org/W1491182995,https://openalex.org/A5108370605,Ray R. Larson
https://openalex.org/W2068297964,https://openalex.org/A5014866912,Ivan Vulić
https://openalex.org/W2068297964,https://openalex.org/A5075796989,Marie‐Francine Moens
https://openalex.org/W2105588112,https://openalex.org/A5032781493,Christopher T. Stokoe
https://openalex.org/W2105588112,https://openalex.org/A5049405285,Michael Oakes
https://openalex.org/W2105588112,https://openalex.org/A5111977346,John Irving Tait
https://openalex.org/W2084457609,https://openalex.org/A5000241132,Nicholas J. Belkin
https://openalex.org/W2084457609,https://openalex.org/A5070503927,Paul B. Kantor
https://openalex.org/W2084457609,https://openalex.org/A5049148461,Edward A. Fox
https://openalex.org/W2084457609,https://openalex.org/A5070495574,Joseph A. A. Shaw
https://openalex.org/W2047137193,https://openalex.org/A5014374477,Kalervo Järvelin
https://openalex.org/W2047137193,https://openalex.org/A5113646802,Micheline Beaulieu
https://openalex.org/W2047137193,https://openalex.org/A5076204770,Ricardo A. Baeza-Yates
https://openalex.org/W2047137193,https://openalex.org/A5112346565,Sung Hyon Myaeng
https://openalex.org/W1979963107,https://openalex.org/A5021439660,Roi Blanco
https://openalex.org/W1979963107,https://openalex.org/A5045425016,Christina Lioma
https://openalex.org/W2387719207,https://openalex.org/A5100348113,Xin Ye
https://openalex.org/W2387719207,https://openalex.org/A5002208932,Hui Shen
https://openalex.org/W2387719207,https://openalex.org/A5011411728,Xiao Ma
https://openalex.org/W2387719207,https://openalex.org/A5020435927,Răzvan Bunescu
https://openalex.org/W2387719207,https://openalex.org/A5101434532,Chang Liu
https://openalex.org/W2066180141,https://openalex.org/A5004557237,Ding Xuan Zhou
https://openalex.org/W2066180141,https://openalex.org/A5021438219,Jiang Bian
https://openalex.org/W2066180141,https://openalex.org/A5078436441,Shuyi Zheng
https://openalex.org/W2066180141,https://openalex.org/A5046703129,Hongyuan Zha
https://openalex.org/W2066180141,https://openalex.org/A5001294898,Clyde Lee Giles
https://openalex.org/W3100195636,https://openalex.org/A5010336848,Terence Chan
https://openalex.org/W3100195636,https://openalex.org/A5084495584,Siu‐Wai Ho
https://openalex.org/W3100195636,https://openalex.org/A5084723015,H. Yamamoto
https://openalex.org/W1524366219,https://openalex.org/A5046665416,Bradley J. Rhodes
https://openalex.org/W1524366219,https://openalex.org/A5045801671,Thad E. Starner
https://openalex.org/W2743373436,https://openalex.org/A5008289482,Kamran Munir
https://openalex.org/W2743373436,https://openalex.org/A5042648545,Muhammad Sheraz Anjum
https://openalex.org/W1571179743,https://openalex.org/A5001872735,Jussi Karlgren
https://openalex.org/W2124555297,https://openalex.org/A5034070218,James W Allan
https://openalex.org/W2124555297,https://openalex.org/A5067236943,Bruce W. Croft
https://openalex.org/W2124555297,https://openalex.org/A5081861848,Alistair Moffat
https://openalex.org/W2124555297,https://openalex.org/A5072614956,Mark Sanderson
https://openalex.org/W2067273185,https://openalex.org/A5007697149,Gloria Bordogna
https://openalex.org/W2067273185,https://openalex.org/A5066756066,Gabriella Pasi
https://openalex.org/W1994556419,https://openalex.org/A5079085412,Venkat Naidu Gudivada
https://openalex.org/W1994556419,https://openalex.org/A5023699325,Vijay V. Raghavan
https://openalex.org/W1994556419,https://openalex.org/A5000755930,W.I. Grosky
https://openalex.org/W1994556419,https://openalex.org/A5088631034,Rajesh Kasanagottu
https://openalex.org/W2295072214,https://openalex.org/A5100374810,Xiaodong Liu
https://openalex.org/W2295072214,https://openalex.org/A5114910293,Jianfeng Gao
https://openalex.org/W2295072214,https://openalex.org/A5101727205,Xiaodong He
https://openalex.org/W2295072214,https://openalex.org/A5100671324,Li Deng
https://openalex.org/W2295072214,https://openalex.org/A5070418792,Kevin Duh
https://openalex.org/W2295072214,https://openalex.org/A5056874223,Ye‐Yi Wang
https://openalex.org/W2105099387,https://openalex.org/A5044354277,Jianlin Jack Cheng
https://openalex.org/W2105099387,https://openalex.org/A5088813478,Pierre Baldi
https://openalex.org/W1877784842,https://openalex.org/A5061033797,Christopher B. Jones
https://openalex.org/W1877784842,https://openalex.org/A5074716096,Harith Alani
https://openalex.org/W1877784842,https://openalex.org/A5013952812,Douglas S. Tudhope
https://openalex.org/W2162746367,https://openalex.org/A5028518494,ChengXiang Zhai
https://openalex.org/W2162746367,https://openalex.org/A5060219657,John Lafferty
https://openalex.org/W1482813370,https://openalex.org/A5057965543,Taemin Kim Park
https://openalex.org/W1981109290,https://openalex.org/A5065748190,Anh Tuan Nguyen
https://openalex.org/W1981109290,https://openalex.org/A5100642009,Tung Thanh Nguyen
https://openalex.org/W1981109290,https://openalex.org/A5089000736,Tien N. Nguyen
https://openalex.org/W1981109290,https://openalex.org/A5081036622,David Lo
https://openalex.org/W1981109290,https://openalex.org/A5101708632,C. P. Sun
https://openalex.org/W2065649161,https://openalex.org/A5069545386,Carlo Meghini
https://openalex.org/W2065649161,https://openalex.org/A5063975186,Fabrizio Sebastiani
https://openalex.org/W2065649161,https://openalex.org/A5021966059,Umberto Straccia
https://openalex.org/W1607717835,https://openalex.org/A5037069698,Raya Fidel
https://openalex.org/W2136623223,https://openalex.org/A5102008970,Tao Li
https://openalex.org/W2136623223,https://openalex.org/A5019383096,Mitsunori Ogihara
https://openalex.org/W2752936485,https://openalex.org/A5053049612,Swanand Kadhe
https://openalex.org/W2752936485,https://openalex.org/A5085360774,Brenden Garcia
https://openalex.org/W2752936485,https://openalex.org/A5006920802,Anoosheh Heidarzadeh
https://openalex.org/W2752936485,https://openalex.org/A5110217226,Salim El Rouayheb
https://openalex.org/W2752936485,https://openalex.org/A5054178465,Alex Sprintson
https://openalex.org/W1513915383,https://openalex.org/A5108167267,Djoerd Hiemstra
https://openalex.org/W2032866865,https://openalex.org/A5043872671,Jay B. Dean
https://openalex.org/W295828404,https://openalex.org/A5014646800,Zongcheng Ji
https://openalex.org/W295828404,https://openalex.org/A5084830556,Zhengdong Lu
https://openalex.org/W295828404,https://openalex.org/A5100455138,Hang Li
https://openalex.org/W1973697738,https://openalex.org/A5000241132,Nicholas J. Belkin
https://openalex.org/W1973697738,https://openalex.org/A5047881415,Robert N Oddy
https://openalex.org/W1973697738,https://openalex.org/A5006110539,Helen Brooks
https://openalex.org/W2080051508,https://openalex.org/A5039127251,Tamara G. Kolda
https://openalex.org/W2080051508,https://openalex.org/A5062480442,Dianne Prost O’Leary
https://openalex.org/W2153819437,https://openalex.org/A5103551927,Cha Zhang
https://openalex.org/W2153819437,https://openalex.org/A5000454484,Tsuhan Chen
https://openalex.org/W2001832483,https://openalex.org/A5020025718,Tao Qin
https://openalex.org/W2001832483,https://openalex.org/A5101884287,Tie‐Yan Liu
https://openalex.org/W2001832483,https://openalex.org/A5100455129,Hang Li
https://openalex.org/W1602667807,https://openalex.org/A5109936506,Gerard Salton
https://openalex.org/W4244061993,https://openalex.org/A5074915347,Stefan Buettcher
https://openalex.org/W2621688363,https://openalex.org/A5062418593,Karim Banawan
https://openalex.org/W2621688363,https://openalex.org/A5021132487,Şennur Ulukuş
https://openalex.org/W4249737388,https://openalex.org/A5102283856,Sadaaki Miyamoto
https://openalex.org/W4384388099,https://openalex.org/A5054375863,Kailash Hambarde
https://openalex.org/W4384388099,https://openalex.org/A5090305015,Hugo Proença
https://openalex.org/W3041281612,https://openalex.org/A5031398497,Juan Pablo Bello
https://openalex.org/W3041281612,https://openalex.org/A5036794857,Esyin Chew
https://openalex.org/W3041281612,https://openalex.org/A5035965941,Daniel H. Turnbull
https://openalex.org/W2061198046,https://openalex.org/A5054328654,Anton Leuski
https://openalex.org/W2323678723,https://openalex.org/A5023403556,Laith Abualigah
https://openalex.org/W2323678723,https://openalex.org/A5046617038,Essam Said Hanandeh
https://openalex.org/W1543039562,https://openalex.org/A5032541561,Radu Sion
https://openalex.org/W1543039562,https://openalex.org/A5070758536,Bogdan Cărbunar
https://openalex.org/W1999322447,https://openalex.org/A5103324615,David Carmel
https://openalex.org/W1999322447,https://openalex.org/A5009670109,Elad Yom‐Tov
https://openalex.org/W2141985320,https://openalex.org/A5001590304,Irene Lopatovska
https://openalex.org/W2141985320,https://openalex.org/A5015760420,Ioannis Arapakis
https://openalex.org/W1987054081,https://openalex.org/A5078516899,Todd A. Letsche
https://openalex.org/W1987054081,https://openalex.org/A5075015473,Michael W. Berry
https://openalex.org/W1984569839,https://openalex.org/A5068556395,Ralph Hertwig
https://openalex.org/W1984569839,https://openalex.org/A5008439962,Stefan Michael Herzog
https://openalex.org/W1984569839,https://openalex.org/A5060044716,Lael J. Schooler
https://openalex.org/W1984569839,https://openalex.org/A5003388464,Torsten O. Reimer
https://openalex.org/W1549397354,https://openalex.org/A5080460372,Jens Groth
https://openalex.org/W1549397354,https://openalex.org/A5073753740,Aggelos Kiayias
https://openalex.org/W1549397354,https://openalex.org/A5045288409,Helger Lipmaa
https://openalex.org/W2593088329,https://openalex.org/A5063579631,Marc van Opijnen
https://openalex.org/W2593088329,https://openalex.org/A5065745449,Cristiana Teixeira Santos
https://openalex.org/W2146960954,https://openalex.org/A5110930512,Krzysztof Janowicz
https://openalex.org/W2146960954,https://openalex.org/A5004721499,Martin Raubal
https://openalex.org/W2146960954,https://openalex.org/A5020322058,Werner Miguel Kühn
https://openalex.org/W2729710884,https://openalex.org/A5090441887,An Ngoc Lam
https://openalex.org/W2729710884,https://openalex.org/A5101848312,Anh Tuan Nguyen
https://openalex.org/W2729710884,https://openalex.org/A5044339946,Hoan Anh Nguyen
https://openalex.org/W2729710884,https://openalex.org/A5089000736,Tien N. Nguyen
https://openalex.org/W2165476957,https://openalex.org/A5001422310,William Hersh
https://openalex.org/W2165476957,https://openalex.org/A5041341580,David H. Hickam
https://openalex.org/W4231488796,https://openalex.org/A5072614956,Mark Sanderson
https://openalex.org/W2156118208,https://openalex.org/A5017379831,Ian J. Bruno
https://openalex.org/W2156118208,https://openalex.org/A5006929803,Jason C. Cole
https://openalex.org/W2156118208,https://openalex.org/A5044994109,Magnus Kessler
https://openalex.org/W2156118208,https://openalex.org/A5107637176,Jie Luo
https://openalex.org/W2156118208,https://openalex.org/A5108931677,WILLIAM D. S. MOTHERWELL
https://openalex.org/W2156118208,https://openalex.org/A5016280868,Lucy H. Purkis
https://openalex.org/W2156118208,https://openalex.org/A5043478398,Barry R. Smith
https://openalex.org/W2156118208,https://openalex.org/A5102905535,Robin Taylor
https://openalex.org/W2156118208,https://openalex.org/A5023001588,Richard Ian Cooper
https://openalex.org/W2156118208,https://openalex.org/A5075960342,Stephanie E. Harris
https://openalex.org/W2156118208,https://openalex.org/A5109974063,A. Guy. Orpen
https://openalex.org/W2131381130,https://openalex.org/A5028518494,ChengXiang Zhai
https://openalex.org/W2131381130,https://openalex.org/A5060219657,John Lafferty
https://openalex.org/W1978752707,https://openalex.org/A5108055247,Binbin Wu
https://openalex.org/W1978752707,https://openalex.org/A5081502557,Francesco Ricchetti
https://openalex.org/W1978752707,https://openalex.org/A5004091943,Giuseppe Sanguineti
https://openalex.org/W1978752707,https://openalex.org/A5001385960,Misha Kazhdan
https://openalex.org/W1978752707,https://openalex.org/A5075993095,Patricio Simari
https://openalex.org/W1978752707,https://openalex.org/A5009800129,Ming Chuang
https://openalex.org/W1978752707,https://openalex.org/A5004170925,Russell H. Taylor
https://openalex.org/W1978752707,https://openalex.org/A5064131953,Robert Jacques
https://openalex.org/W1978752707,https://openalex.org/A5089858828,Todd McNutt
https://openalex.org/W1832668820,https://openalex.org/A5045669197,Andris Ambainis
https://openalex.org/W2008700866,https://openalex.org/A5109132337,C. J. van Rijsbergen
https://openalex.org/W1992419399,https://openalex.org/A5100613677,Anil Kumar Jain
https://openalex.org/W1992419399,https://openalex.org/A5028996052,Musti Narasimha Murty
https://openalex.org/W1992419399,https://openalex.org/A5039987576,Patrick J. Flynn
https://openalex.org/W1981933378,https://openalex.org/A5086617519,Benjamin J. Stapley
https://openalex.org/W1981933378,https://openalex.org/A5113792832,G. Benoît
https://openalex.org/W32360141,https://openalex.org/A5036058339,Carol Peters
https://openalex.org/W32360141,https://openalex.org/A5089636393,Michael Kluck
https://openalex.org/W32360141,https://openalex.org/A5008033772,Julio Gonzalo
https://openalex.org/W32360141,https://openalex.org/A5014187358,Martín Braschler
https://openalex.org/W16128758,https://openalex.org/A5027206794,Elaine G. Toms
https://openalex.org/W1483950005,https://openalex.org/A5043023185,Maristella Agosti
https://openalex.org/W1483950005,https://openalex.org/A5008334059,Alan F. Smeaton
https://openalex.org/W1996034123,https://openalex.org/A5085932325,Lee‐Feng Chien
https://openalex.org/W2115568835,https://openalex.org/A5061094311,Marius Kaminskas
https://openalex.org/W2115568835,https://openalex.org/A5090179530,Francesco Ricci⋆
https://openalex.org/W1997650168,https://openalex.org/A5009727039,Rocco Oliveto
https://openalex.org/W1997650168,https://openalex.org/A5014243963,Malcom Gethers
https://openalex.org/W1997650168,https://openalex.org/A5041262116,Denys Poshyvanyk
https://openalex.org/W1997650168,https://openalex.org/A5079088548,Andrea De Lucia
https://openalex.org/W2740253077,https://openalex.org/A5029757626,Alejandro Bellogín
https://openalex.org/W2740253077,https://openalex.org/A5052940596,Pablo Castells
https://openalex.org/W2740253077,https://openalex.org/A5068239690,Iván Cantador
https://openalex.org/W2155194165,https://openalex.org/A5032795547,Anastasios Tombros
https://openalex.org/W2155194165,https://openalex.org/A5104063715,Robert Villa
https://openalex.org/W2155194165,https://openalex.org/A5109132337,C. J. van Rijsbergen
https://openalex.org/W2104436836,https://openalex.org/A5111801435,Bennet B. Murdock
https://openalex.org/W2124617249,https://openalex.org/A5007203127,Martin Krallinger
https://openalex.org/W2124617249,https://openalex.org/A5015217651,Alfonso Valencia
https://openalex.org/W2169347997,https://openalex.org/A5084034136,Shipeng Yu
https://openalex.org/W2169347997,https://openalex.org/A5037942269,Deng Cai
https://openalex.org/W2169347997,https://openalex.org/A5025631695,Ji-Rong Wen
https://openalex.org/W2169347997,https://openalex.org/A5103733614,Wei‐Ying Ma
https://openalex.org/W2671962986,https://openalex.org/A5004316408,Ravi Tandon
https://openalex.org/W1997885138,https://openalex.org/A5041262116,Denys Poshyvanyk
https://openalex.org/W1997885138,https://openalex.org/A5070230554,Andrian Marcus
https://openalex.org/W1997885138,https://openalex.org/A5019664412,Rudolf Ferenć
https://openalex.org/W1997885138,https://openalex.org/A5072935691,Tibor Gyimóthy
https://openalex.org/W2055981215,https://openalex.org/A5082339849,Debasis Ganguly
https://openalex.org/W2055981215,https://openalex.org/A5000936680,Dwaipayan Roy
https://openalex.org/W2055981215,https://openalex.org/A5052357764,Mandar Mitra
https://openalex.org/W2055981215,https://openalex.org/A5018481328,Gareth J. F. Jones
https://openalex.org/W3160981298,https://openalex.org/A5113493572,S. K. M. Wong
https://openalex.org/W3160981298,https://openalex.org/A5108192254,Wojciech Ziarko
https://openalex.org/W2007725949,https://openalex.org/A5034272491,Nihar B. Shah
https://openalex.org/W2007725949,https://openalex.org/A5109919225,K. V. Rashmi
https://openalex.org/W2007725949,https://openalex.org/A5030620564,Kannan Ramchandran
https://openalex.org/W2162697159,https://openalex.org/A5101716412,Hui Min Fang
https://openalex.org/W2162697159,https://openalex.org/A5028518494,ChengXiang Zhai
https://openalex.org/W2464171116,https://openalex.org/A5027441885,Katja Hofmann
https://openalex.org/W2464171116,https://openalex.org/A5100711454,Lihong Li
https://openalex.org/W2464171116,https://openalex.org/A5081692910,Filip Radlinski
https://openalex.org/W1717702867,https://openalex.org/A5000241132,Nicholas J. Belkin
https://openalex.org/W4304686742,https://openalex.org/A5069843101,Nicola Ferro
https://openalex.org/W4304686742,https://openalex.org/A5054035663,Norbert Fuhr
https://openalex.org/W4304686742,https://openalex.org/A5078639165,Maria Maistro
https://openalex.org/W4304686742,https://openalex.org/A5148313312,Tetsuya Sakai
https://openalex.org/W4304686742,https://openalex.org/A5139266406,Ian Soboroff
https://openalex.org/W1985347735,https://openalex.org/A5025787448,Paul J. Solomon
https://openalex.org/W1980460629,https://openalex.org/A5088428969,David J. Ellis
https://openalex.org/W2042024605,https://openalex.org/A5101962233,D. Frank Hsu
https://openalex.org/W2042024605,https://openalex.org/A5006354341,Isak Taksa
https://openalex.org/W2610907808,https://openalex.org/A5109132337,C. J. van Rijsbergen
https://openalex.org/W2136219771,https://openalex.org/A5019362006,Xiaolan Zhu
https://openalex.org/W2136219771,https://openalex.org/A5032138644,Susan Gauch
https://openalex.org/W2009142739,https://openalex.org/A5000241132,Nicholas J. Belkin
https://openalex.org/W2009142739,https://openalex.org/A5069419532,Diane E Kelly
https://openalex.org/W2009142739,https://openalex.org/A5035791603,Giyeong Kim
https://openalex.org/W2009142739,https://openalex.org/A5025263262,J.-Y. Kim
https://openalex.org/W2009142739,https://openalex.org/A5068570725,H.-J. Lee
https://openalex.org/W2009142739,https://openalex.org/A5072989560,Gheorghe Mureşan
https://openalex.org/W2009142739,https://openalex.org/A5054788206,Muh‐Chyun Tang
https://openalex.org/W2009142739,https://openalex.org/A5063674531,Xiaojun Yuan
https://openalex.org/W2009142739,https://openalex.org/A5026482253,Colleen Cool
https://openalex.org/W2157422183,https://openalex.org/A5110790434,Vanda Broughton
https://openalex.org/W2073982987,https://openalex.org/A5046764593,Dina Demner‐Fushman
https://openalex.org/W2073982987,https://openalex.org/A5073995883,Sameer Antani
https://openalex.org/W2073982987,https://openalex.org/A5078126808,Matthew S. Simpson
https://openalex.org/W2073982987,https://openalex.org/A5103701816,George R. Thoma
https://openalex.org/W2145732224,https://openalex.org/A5044849571,Bernard J. Jim Jansen
https://openalex.org/W2145732224,https://openalex.org/A5068853777,Soo Young Rieh
https://openalex.org/W2015419638,https://openalex.org/A5014684476,Massimo Melucci
https://openalex.org/W2140821974,https://openalex.org/A5009780500,John A. Swets
https://openalex.org/W1537000426,https://openalex.org/A5073020024,Lisa A. Ballesteros
https://openalex.org/W1537000426,https://openalex.org/A5067236943,Bruce W. Croft
https://openalex.org/W4320813768,https://openalex.org/A5007815326,Gautier Izacard
https://openalex.org/W4320813768,https://openalex.org/A5071626315,Mathilde Caron
https://openalex.org/W4320813768,https://openalex.org/A5104185603,Lucas Hosseini
https://openalex.org/W4320813768,https://openalex.org/A5101404695,Sebastian Riedel
https://openalex.org/W4320813768,https://openalex.org/A5035420035,Piotr Bojanowski
https://openalex.org/W4320813768,https://openalex.org/A5107859338,Armand Joulin
https://openalex.org/W4320813768,https://openalex.org/A5069316249,Édouard Grave
https://openalex.org/W1507150160,https://openalex.org/A5110082888,Karen Spärck Jones
https://openalex.org/W1507150160,https://openalex.org/A5109132337,C. J. van Rijsbergen
https://openalex.org/W1989220366,https://openalex.org/A5113635922,Donna K. Harman
https://openalex.org/W2937759506,https://openalex.org/A5064892992,José Antonio Salvador Oliván
https://openalex.org/W2937759506,https://openalex.org/A5027178260,Gonzalo Marco Cuenca
https://openalex.org/W2937759506,https://openalex.org/A5031602281,Rosario Arquero Avilés
https://openalex.org/W2091123475,https://openalex.org/A5105659698,W. Bruce Croft
https://openalex.org/W2085656890,https://openalex.org/A5000241132,Nicholas J. Belkin
https://openalex.org/W1987936485,https://openalex.org/A5113493572,S. K. M. Wong
https://openalex.org/W1987936485,https://openalex.org/A5108192254,Wojciech Ziarko
https://openalex.org/W1987936485,https://openalex.org/A5023699325,Vijay V. Raghavan
https://openalex.org/W1987936485,https://openalex.org/A5081288193,P. C. N. Wong
https://openalex.org/W2169583766,https://openalex.org/A5108167267,Djoerd Hiemstra
https://openalex.org/W2169583766,https://openalex.org/A5081925956,Stephen E. Robertson
https://openalex.org/W2169583766,https://openalex.org/A5086495684,Hugo Zaragoza
https://openalex.org/W1519040553,https://openalex.org/A5056676083,Michael F. Mohageg
https://openalex.org/W4242129433,https://openalex.org/A5022531070,Haworth Editorial Submission
https://openalex.org/W2051928158,https://openalex.org/A5075009867,Olivier Chapelle
https://openalex.org/W2051928158,https://openalex.org/A5102208267,Mingrui Wu
https://openalex.org/W2055818490,https://openalex.org/A5022449245,David K. Hsiao
https://openalex.org/W2055818490,https://openalex.org/A5111801246,Frank Harary
https://openalex.org/W1589050831,https://openalex.org/A5109861718,Jaime Carbonell
https://openalex.org/W1589050831,https://openalex.org/A5041434096,Yiming Yang
https://openalex.org/W1589050831,https://openalex.org/A5111890705,Robert Frederking
https://openalex.org/W1589050831,https://openalex.org/A5006856255,Ralf D. Brown
https://openalex.org/W1589050831,https://openalex.org/A5052991780,Yibing Geng
https://openalex.org/W1589050831,https://openalex.org/A5024700125,Danny Lee
https://openalex.org/W2096468639,https://openalex.org/A5108167267,Djoerd Hiemstra
https://openalex.org/W1930458234,https://openalex.org/A5032246831,David A. Hanauer
https://openalex.org/W1930458234,https://openalex.org/A5048955398,Qiaozhu Mei
https://openalex.org/W1930458234,https://openalex.org/A5029361057,James Law
https://openalex.org/W1930458234,https://openalex.org/A5084396773,Ritu Khanna
https://openalex.org/W1930458234,https://openalex.org/A5045981297,Kai Zheng
https://openalex.org/W11211593,https://openalex.org/A5039497882,Brian E. Brewington
https://openalex.org/W11211593,https://openalex.org/A5037564265,Robert S. Gray
https://openalex.org/W11211593,https://openalex.org/A5110043859,Katsuhiro Moizumi
https://openalex.org/W11211593,https://openalex.org/A5091796724,David F. Kotz
https://openalex.org/W11211593,https://openalex.org/A5067755866,George V. Cybenko
https://openalex.org/W11211593,https://openalex.org/A5066830185,Daniela L. Rus
https://openalex.org/W2044601358,https://openalex.org/A5103564473,Don R. Swanson
https://openalex.org/W207221190,https://openalex.org/A5047912523,Brandon Plewe
https://openalex.org/W4245049592,https://openalex.org/A5008494249,G. W. Furnas
https://openalex.org/W4245049592,https://openalex.org/A5001762135,S. Deerwester
https://openalex.org/W4245049592,https://openalex.org/A5111638399,Susan Dumais
https://openalex.org/W4245049592,https://openalex.org/A5037108257,T. K. Landauer
https://openalex.org/W4245049592,https://openalex.org/A5024899657,R. A. Harshman
https://openalex.org/W4245049592,https://openalex.org/A5033110660,L. A. Streeter
https://openalex.org/W4245049592,https://openalex.org/A5002754351,K. E. Lochbaum
https://openalex.org/W1574024822,https://openalex.org/A5014922046,Yan-Cheng Chang
https://openalex.org/W1607425652,https://openalex.org/A5010445045,George Tzanetakis
https://openalex.org/W1607425652,https://openalex.org/A5061731652,Andreye Ermolinskyi
https://openalex.org/W1607425652,https://openalex.org/A5103566642,Perry R. Cook
https://openalex.org/W2135503940,https://openalex.org/A5103546753,Ramaswamy Hariharan
https://openalex.org/W2135503940,https://openalex.org/A5031312547,Bijit Hore
https://openalex.org/W2135503940,https://openalex.org/A5100369885,Chen Li
https://openalex.org/W2135503940,https://openalex.org/A5010114060,Sharad Mehrotra
https://openalex.org/W2139653758,https://openalex.org/A5089034149,Claudio Carpineto
https://openalex.org/W2139653758,https://openalex.org/A5036432554,Giovanni Romano
https://openalex.org/W2074619556,https://openalex.org/A5054217723,Bob L. T. Sturm
https://openalex.org/W1973693034,https://openalex.org/A5054035663,Norbert Fuhr
https://openalex.org/W2010028841,https://openalex.org/A5040166310,Lynda Tamine-Lechani
https://openalex.org/W2010028841,https://openalex.org/A5052301458,Mohand Boughanem
https://openalex.org/W2010028841,https://openalex.org/A5002431506,Mariam Daoud
https://openalex.org/W1652592581,https://openalex.org/A5044300659,Abby Goodrum
https://openalex.org/W2295415819,https://openalex.org/A5051420635,Omar Alonso
https://openalex.org/W2295415819,https://openalex.org/A5066026428,Jannik Strötgen
https://openalex.org/W2295415819,https://openalex.org/A5076204770,Ricardo A. Baeza-Yates
https://openalex.org/W2295415819,https://openalex.org/A5061021795,Michael Gertz
https://openalex.org/W2074054740,https://openalex.org/A5103439024,Peter J. B. Brown
https://openalex.org/W2074054740,https://openalex.org/A5018481328,Gareth J. F. Jones
https://openalex.org/W2774514250,https://openalex.org/A5043937857,Kezban Dilek Onal
https://openalex.org/W2774514250,https://openalex.org/A5100449295,Ye Zhang
https://openalex.org/W2774514250,https://openalex.org/A5073157008,İsmail Sengör Altıngövde
https://openalex.org/W2774514250,https://openalex.org/A5068912729,Md Mustafizur Rahman
https://openalex.org/W2774514250,https://openalex.org/A5046020736,Pınar Karagöz
https://openalex.org/W2774514250,https://openalex.org/A5057335408,Alex Braylan
https://openalex.org/W2774514250,https://openalex.org/A5024329732,Brandon Dang
https://openalex.org/W2774514250,https://openalex.org/A5112337066,Heng-Lu Chang
https://openalex.org/W2774514250,https://openalex.org/A5073938037,Henna Kim
https://openalex.org/W2774514250,https://openalex.org/A5002611979,Quinten McNamara
https://openalex.org/W2774514250,https://openalex.org/A5088274820,Aaron Angert
https://openalex.org/W2774514250,https://openalex.org/A5044555667,Edward A. Banner
https://openalex.org/W2774514250,https://openalex.org/A5091757734,Vivek Khetan
https://openalex.org/W2774514250,https://openalex.org/A5049044903,Tyler McDonnell
https://openalex.org/W2774514250,https://openalex.org/A5067463039,An Nguyen
https://openalex.org/W2774514250,https://openalex.org/A5100778603,Dan Xu
https://openalex.org/W2774514250,https://openalex.org/A5036790226,Byron Wallace
https://openalex.org/W2774514250,https://openalex.org/A5031439294,Maarten de Rijke
https://openalex.org/W2774514250,https://openalex.org/A5023397430,Matthew Lease
https://openalex.org/W3151899381,https://openalex.org/A5141522770,J. Jose
https://openalex.org/W3151899381,https://openalex.org/A5042947984,E. Yilmaz
https://openalex.org/W3151899381,https://openalex.org/A5148236892,J. Magalhaes
https://openalex.org/W3151899381,https://openalex.org/A5012613830,P. Castells
https://openalex.org/W3151899381,https://openalex.org/A5121839404,Ferro N.
https://openalex.org/W3151899381,https://openalex.org/A5027739794,M.J. Silva
https://openalex.org/W3151899381,https://openalex.org/A5148234213,F. Martins
https://openalex.org/W2129971563,https://openalex.org/A5100401500,Tao Tao
https://openalex.org/W2129971563,https://openalex.org/A5064608039,Xuanhui Wang
https://openalex.org/W2129971563,https://openalex.org/A5048955398,Qiaozhu Mei
https://openalex.org/W2129971563,https://openalex.org/A5028518494,ChengXiang Zhai
https://openalex.org/W2142999328,https://openalex.org/A5006792341,Jing Bai
https://openalex.org/W2142999328,https://openalex.org/A5050532724,Dawei Song
https://openalex.org/W2142999328,https://openalex.org/A5086300145,Peter Bruza
https://openalex.org/W2142999328,https://openalex.org/A5018977183,Jian‐Yun Nie
https://openalex.org/W2142999328,https://openalex.org/A5110660237,Guihong Cao
https://openalex.org/W3207413033,https://openalex.org/A5041403351,Christian Massari
https://openalex.org/W3207413033,https://openalex.org/A5033258072,Sara Modanesi
https://openalex.org/W3207413033,https://openalex.org/A5045429796,Jacopo Dari
https://openalex.org/W3207413033,https://openalex.org/A5088054087,Alexander Gruber
https://openalex.org/W3207413033,https://openalex.org/A5042674489,Gabriëlle J. M. De Lannoy
https://openalex.org/W3207413033,https://openalex.org/A5078886862,Manuela Girotto
https://openalex.org/W3207413033,https://openalex.org/A5053499463,Pere Quintana‐Seguí
https://openalex.org/W3207413033,https://openalex.org/A5091649231,Michel Le Page
https://openalex.org/W3207413033,https://openalex.org/A5019685499,Lionel Jarlan
https://openalex.org/W3207413033,https://openalex.org/A5028242808,Mehrez Zribi
https://openalex.org/W3207413033,https://openalex.org/A5073035703,Nadia Ouaadi
https://openalex.org/W3207413033,https://openalex.org/A5061832135,Mariëtte Vreugdenhil
https://openalex.org/W3207413033,https://openalex.org/A5041505117,Luca Zappa
https://openalex.org/W3207413033,https://openalex.org/A5061910536,Wouter Arnoud Dorigo
https://openalex.org/W3207413033,https://openalex.org/A5066754586,Wolfgang Eric Wagner
https://openalex.org/W3207413033,https://openalex.org/A5002033234,Joost Brombacher
https://openalex.org/W3207413033,https://openalex.org/A5059462577,H. Pelgrum
https://openalex.org/W3207413033,https://openalex.org/A5001655576,Pauline Jaquot
https://openalex.org/W3207413033,https://openalex.org/A5027991738,Vahid Freeman
https://openalex.org/W3207413033,https://openalex.org/A5014141023,Espen Volden
https://openalex.org/W3207413033,https://openalex.org/A5104056176,D.F. Prieto
https://openalex.org/W3207413033,https://openalex.org/A5087171392,Angelica Tarpanelli
https://openalex.org/W3207413033,https://openalex.org/A5044141726,Silvia Barbetta
https://openalex.org/W3207413033,https://openalex.org/A5060137389,Luca Brocca
https://openalex.org/W1988834506,https://openalex.org/A5015900970,Christine L. Borgman
https://openalex.org/W2482331001,https://openalex.org/A5141453274, Dayang Awg Iskandar
https://openalex.org/W2482331001,https://openalex.org/A5060342512,Jovan Pehcevski
https://openalex.org/W2482331001,https://openalex.org/A5110223561,J. Thom
https://openalex.org/W2482331001,https://openalex.org/A5109361643,S. M. M. Tahaghoghi
https://openalex.org/W2024679399,https://openalex.org/A5015961400,M. Rami Ghorab
https://openalex.org/W2024679399,https://openalex.org/A5100639988,Dong Zhou
https://openalex.org/W2024679399,https://openalex.org/A5066854092,Alexander D. O’Connor
https://openalex.org/W2024679399,https://openalex.org/A5108370023,Vincent Wade
https://openalex.org/W2107163626,https://openalex.org/A5037069698,Raya Fidel
https://openalex.org/W2107163626,https://openalex.org/A5039163522,Annelise Mark Pejtersen
https://openalex.org/W2107163626,https://openalex.org/A5078276885,Bryan Richard Cleal
https://openalex.org/W2107163626,https://openalex.org/A5068965069,Harry W. Bruce
https://openalex.org/W2044743392,https://openalex.org/A5111467034,Paul M. E. De Bra
https://openalex.org/W2044743392,https://openalex.org/A5111483627,R.D.J. Post
https://openalex.org/W2027445772,https://openalex.org/A5041210904,Oren Kurland
https://openalex.org/W2027445772,https://openalex.org/A5076876084,Lillian Lee
https://openalex.org/W2062874156,https://openalex.org/A5109132337,C. J. van Rijsbergen
https://openalex.org/W1987436126,https://openalex.org/A5109936506,Gerard Salton
https://openalex.org/W4205355130,https://openalex.org/A5021897885,Fei Cai
https://openalex.org/W4205355130,https://openalex.org/A5031439294,Maarten de Rijke
https://openalex.org/W1559783642,https://openalex.org/A5003791447,Piek T. J. M. Vossen
https://openalex.org/W1559783642,https://openalex.org/A5151099842,Computer Centrum Letteren
https://openalex.org/W2115276990,https://openalex.org/A5015900970,Christine L. Borgman
https://openalex.org/W2109244020,https://openalex.org/A5003816022,Chris Buckley
https://openalex.org/W2109244020,https://openalex.org/A5028019543,Ellen M. Voorhees
https://openalex.org/W2039499406,https://openalex.org/A5068853777,Soo Young Rieh
https://openalex.org/W2039499406,https://openalex.org/A5111555608,Hong Xie
https://openalex.org/W2053095442,https://openalex.org/A5037340457,Shih‐Fu Chang
https://openalex.org/W2053095442,https://openalex.org/A5105523625,John R. Smith
https://openalex.org/W2053095442,https://openalex.org/A5110224044,Mandis Beigi
https://openalex.org/W2053095442,https://openalex.org/A5110087628,Ana B. Benitez
https://openalex.org/W2087207261,https://openalex.org/A5031372016,Amos Beimel
https://openalex.org/W2087207261,https://openalex.org/A5081852077,Yuval Ishai
https://openalex.org/W2087207261,https://openalex.org/A5036104549,Eyal Kushilevitz
https://openalex.org/W2087207261,https://openalex.org/A5049906570,Jean-François Raymond
https://openalex.org/W1998546380,https://openalex.org/A5091259315,Markus Schedl
https://openalex.org/W1998546380,https://openalex.org/A5034929576,Arthur Flexer
https://openalex.org/W1998546380,https://openalex.org/A5048779508,Julián Urbano
https://openalex.org/W2024244759,https://openalex.org/A5111452036,Kareem Mohamed Darwish
https://openalex.org/W2024244759,https://openalex.org/A5070783596,Walid Magdy
https://openalex.org/W2134440707,https://openalex.org/A5048218964,Leif A. Azzopardi
https://openalex.org/W2143450461,https://openalex.org/A5103564473,Don R. Swanson
https://openalex.org/W2074870484,https://openalex.org/A5112082756,Ralph R. Shaw
https://openalex.org/W2148484494,https://openalex.org/A5020868292,Antoniol
https://openalex.org/W2148484494,https://openalex.org/A5006915371,Gerardo Canfora
https://openalex.org/W2148484494,https://openalex.org/A5045320631,Casazza
https://openalex.org/W2148484494,https://openalex.org/A5079088548,Andrea De Lucia
https://openalex.org/W2011003805,https://openalex.org/A5034695524,Donald Byrd
https://openalex.org/W2011003805,https://openalex.org/A5029577748,Tim Crawford
https://openalex.org/W2463592278,https://openalex.org/A5028518494,ChengXiang Zhai
https://openalex.org/W2463592278,https://openalex.org/A5077883199,Sean Massung
https://openalex.org/W4236647746,https://openalex.org/A5066265052,Reda Alhajj
https://openalex.org/W4236647746,https://openalex.org/A5020310155,Jon George Rokne
https://openalex.org/W1593292134,https://openalex.org/A5110504124,F. Wilfrid Lancaster
https://openalex.org/W1593292134,https://openalex.org/A5081283220,E Gallup
https://openalex.org/W173995639,https://openalex.org/A5112538191,Paul De Bra
https://openalex.org/W173995639,https://openalex.org/A5108504427,Geert‐Jan Houben
https://openalex.org/W173995639,https://openalex.org/A5043573793,Yoram Kornatzky
https://openalex.org/W173995639,https://openalex.org/A5111483627,R.D.J. Post
https://openalex.org/W2104679989,https://openalex.org/A5060967836,Rabia Nuray
https://openalex.org/W2104679989,https://openalex.org/A5086385685,Fazlı Can
https://openalex.org/W2162172169,https://openalex.org/A5025362921,David Andreoff Evans
https://openalex.org/W2162172169,https://openalex.org/A5028518494,ChengXiang Zhai
https://openalex.org/W4206396334,https://openalex.org/A5113635922,Donna K. Harman
https://openalex.org/W2042659457,https://openalex.org/A5016957740,John Stephen Downie
https://openalex.org/W2043351574,https://openalex.org/A5021739224,B.P. Mc Cune
https://openalex.org/W2043351574,https://openalex.org/A5109933169,Richard M. Tong
https://openalex.org/W2043351574,https://openalex.org/A5103327191,Jeffrey Dean
https://openalex.org/W2043351574,https://openalex.org/A5027008015,Daniel Goodman Shapiro
https://openalex.org/W2097742402,https://openalex.org/A5076657750,Enrique Herrera‐Viedma
https://openalex.org/W2097742402,https://openalex.org/A5060899857,Antonio Gabriel López-Herrera
https://openalex.org/W2091316907,https://openalex.org/A5072271296,Frank R. Campagnoni
https://openalex.org/W2091316907,https://openalex.org/A5084567418,Kate Ehrlich
https://openalex.org/W26485589,https://openalex.org/A5056752791,Stephen P. Harter
https://openalex.org/W2103179193,https://openalex.org/A5020025718,Tao Qin
https://openalex.org/W2103179193,https://openalex.org/A5100441855,Xudong Zhang
https://openalex.org/W2103179193,https://openalex.org/A5076203419,Ming-Feng Tsai
https://openalex.org/W2103179193,https://openalex.org/A5100733744,Desheng Wang
https://openalex.org/W2103179193,https://openalex.org/A5101884287,Tie‐Yan Liu
https://openalex.org/W2103179193,https://openalex.org/A5100455129,Hang Li
https://openalex.org/W2018026600,https://openalex.org/A5069545386,Carlo Meghini
https://openalex.org/W2018026600,https://openalex.org/A5063975186,Fabrizio Sebastiani
https://openalex.org/W2018026600,https://openalex.org/A5021966059,Umberto Straccia
https://openalex.org/W2018026600,https://openalex.org/A5109332978,Costantino Thanos
https://openalex.org/W2040296549,https://openalex.org/A5017083816,Richard F. Hirsh
https://openalex.org/W202534592,https://openalex.org/A5003641345,Monika Rauch Henzinger
https://openalex.org/W1620784846,https://openalex.org/A5110504124,F. Wilfrid Lancaster
https://openalex.org/W1620784846,https://openalex.org/A5002064543,Amy J. Warner
https://openalex.org/W1528262008,https://openalex.org/A5105659698,W. Bruce Croft
https://openalex.org/W2082359527,https://openalex.org/A5101716412,Hui Min Fang
https://openalex.org/W2082359527,https://openalex.org/A5100401492,Tao Tao
https://openalex.org/W2082359527,https://openalex.org/A5028518494,ChengXiang Zhai
https://openalex.org/W1686844196,https://openalex.org/A5011460496,Giovanni Di Crescenzo
https://openalex.org/W1686844196,https://openalex.org/A5058081649,Tal Malkin
https://openalex.org/W1686844196,https://openalex.org/A5020375635,Rafail Ostrovsky
https://openalex.org/W2737184189,https://openalex.org/A5021351968,Tobias Blanke
https://openalex.org/W2737184189,https://openalex.org/A5002597222,Mounia Lalmas
https://openalex.org/W3172119680,https://openalex.org/A5060885692,Luyu Gao
https://openalex.org/W3172119680,https://openalex.org/A5062633736,Zhuyun Dai
https://openalex.org/W3172119680,https://openalex.org/A5009879041,Jamie Callan
https://openalex.org/W2024181699,https://openalex.org/A5018977183,Jian‐Yun Nie
https://openalex.org/W2024181699,https://openalex.org/A5111588711,Michel G. Simard
https://openalex.org/W2024181699,https://openalex.org/A5109464669,Pierre Isabelle
https://openalex.org/W2024181699,https://openalex.org/A5067658933,Richard Durand
https://openalex.org/W1974025666,https://openalex.org/A5020797967,Martin Lennon
https://openalex.org/W1974025666,https://openalex.org/A5070676851,David S. Peirce
https://openalex.org/W1974025666,https://openalex.org/A5022522420,Brian D. Tarry
https://openalex.org/W1974025666,https://openalex.org/A5102885255,Peter Willett
https://openalex.org/W2093976457,https://openalex.org/A5043509852,Ari Pirkola
https://openalex.org/W2033780370,https://openalex.org/A5032677704,Caxton C. Foster
https://openalex.org/W2112341255,https://openalex.org/A5045744680,Johanna Irene Westbrook
https://openalex.org/W1521111469,https://openalex.org/A5101659847,Jin Zhang
https://openalex.org/W88705112,https://openalex.org/A5014449297,Aitao Chen
https://openalex.org/W88705112,https://openalex.org/A5108427436,Fredric C. Gey
https://openalex.org/W2014907590,https://openalex.org/A5072847130,Bruce R. Schatz
https://openalex.org/W2115941721,https://openalex.org/A5041262116,Denys Poshyvanyk
https://openalex.org/W2115941721,https://openalex.org/A5070230554,Andrian Marcus
https://openalex.org/W2139893373,https://openalex.org/A5108224935,Amanda Spink
https://openalex.org/W2160471965,https://openalex.org/A5081692910,Filip Radlinski
https://openalex.org/W2160471965,https://openalex.org/A5055132321,Nick Craswell
https://openalex.org/W1727881885,https://openalex.org/A5052357764,Mandar Mitra
https://openalex.org/W1727881885,https://openalex.org/A5025093894,B.B. Chaudhuri
https://openalex.org/W2065432550,https://openalex.org/A5108224935,Amanda Spink
https://openalex.org/W2065432550,https://openalex.org/A5059509085,Tefko Saračević
https://openalex.org/W212909726,https://openalex.org/A5009972149,Tim Finin
https://openalex.org/W2029185382,https://openalex.org/A5111853930,Bert R. Boyce
https://openalex.org/W2146781646,https://openalex.org/A5014243963,Malcom Gethers
https://openalex.org/W2146781646,https://openalex.org/A5009727039,Rocco Oliveto
https://openalex.org/W2146781646,https://openalex.org/A5041262116,Denys Poshyvanyk
https://openalex.org/W2146781646,https://openalex.org/A5079088548,Andrea De Lucia
https://openalex.org/W2089853757,https://openalex.org/A5055146305,Selinda Adelle Berg
https://openalex.org/W2089853757,https://openalex.org/A5011622326,Kristin Hoffmann
https://openalex.org/W2089853757,https://openalex.org/A5078722355,DeDe Dawson
https://openalex.org/W2198380824,https://openalex.org/A5111717471,Kui Lam Kwok
https://openalex.org/W2019260194,https://openalex.org/A5072431554,Ronald R. Yager
https://openalex.org/W2502247839,https://openalex.org/A5036058339,Carol Peters
https://openalex.org/W2502247839,https://openalex.org/A5014187358,Martín Braschler
https://openalex.org/W4244995761,https://openalex.org/A5110589505,Olessia Y. Koltsova
https://openalex.org/W4244995761,https://openalex.org/A5059244849,Sergei KOLTSOV
https://openalex.org/W4244995761,https://openalex.org/A5002385420,Dmitry I. Ignatov
https://openalex.org/W4244995761,https://openalex.org/A5025181475,Yana Volkovich
https://openalex.org/W4244995761,https://openalex.org/A5050062467,Pãnos M. Pardalos
https://openalex.org/W4244995761,https://openalex.org/A5103028673,Ilya Markov
https://openalex.org/W4244995761,https://openalex.org/A5122797276,Pavel Braslavski
https://openalex.org/W4238443837,https://openalex.org/A5010773712,D. Ellis
https://openalex.org/W79727270,https://openalex.org/A5035774267,Scott C. Kogan
https://openalex.org/W79727270,https://openalex.org/A5040838391,Nachman Ash
https://openalex.org/W79727270,https://openalex.org/A5105409082,Robert A. Greenes
https://openalex.org/W79727270,https://openalex.org/A5021099456,Aziz A. Boxwala
https://openalex.org/W79727270,https://openalex.org/A5017691920,Qian Zeng
https://openalex.org/W2055543848,https://openalex.org/A5036221896,Paola Virga
https://openalex.org/W2055543848,https://openalex.org/A5014580424,Sanjeev P. Khudanpur
https://openalex.org/W2569307494,https://openalex.org/A5020871436,Eddy Maddalena
https://openalex.org/W2569307494,https://openalex.org/A5005575421,Stefano Mizzaro
https://openalex.org/W2569307494,https://openalex.org/A5085925326,Falk Scholer
https://openalex.org/W2569307494,https://openalex.org/A5014748363,Andrew H. Turpin
https://openalex.org/W610600010,https://openalex.org/A5108233876,Miranda Lee Pao
https://openalex.org/W1538721919,https://openalex.org/A5110166699,Hans‐Jörg Schek
https://openalex.org/W1538721919,https://openalex.org/A5033358790,Peter Pistor
https://openalex.org/W2127713022,https://openalex.org/A5035365456,Robert Krovetz
https://openalex.org/W2000300218,https://openalex.org/A5017734297,Mohamed Farah
https://openalex.org/W2000300218,https://openalex.org/A5061295470,Daniel Vanderpooten
https://openalex.org/W2109381845,https://openalex.org/A5015528070,Marko Balabanovi
https://openalex.org/W2109381845,https://openalex.org/A5028913764,Yoav Shoham
https://openalex.org/W3008070742,https://openalex.org/A5055157353,VennaJarkko
https://openalex.org/W3008070742,https://openalex.org/A5103891789,PeltonenJaakko
https://openalex.org/W3008070742,https://openalex.org/A5012459881,NyboKristian
https://openalex.org/W3008070742,https://openalex.org/A5056337407,AidosHelena
https://openalex.org/W3008070742,https://openalex.org/A5035635003,KaskiSamuel
https://openalex.org/W4233337856,https://openalex.org/A5036058339,Carol Peters
https://openalex.org/W4233337856,https://openalex.org/A5014187358,Martín Braschler
https://openalex.org/W4233337856,https://openalex.org/A5011889540,Paul David Clough
https://openalex.org/W111672511,https://openalex.org/A5043023185,Maristella Agosti
https://openalex.org/W111672511,https://openalex.org/A5012367814,Fábio Crestani
https://openalex.org/W1968680079,https://openalex.org/A5007697149,Gloria Bordogna
https://openalex.org/W1968680079,https://openalex.org/A5066756066,Gabriella Pasi
https://openalex.org/W2079153738,https://openalex.org/A5038345598,Tuomo Korenius
https://openalex.org/W2079153738,https://openalex.org/A5084187883,Jorma P. S. Laurikkala
https://openalex.org/W2079153738,https://openalex.org/A5023021257,Martti Juhola
https://openalex.org/W4249379282,https://openalex.org/A5023699325,Vijay V. Raghavan
https://openalex.org/W4249379282,https://openalex.org/A5062936650,William I. Grosky
https://openalex.org/W4249379282,https://openalex.org/A5087302495,Zonghuan Wu
https://openalex.org/W4249379282,https://openalex.org/A5079085412,Venkat Naidu Gudivada
https://openalex.org/W3134246028,https://openalex.org/A5075378573,Elias Pampalk
https://openalex.org/W2283196293,https://openalex.org/A5100422319,Zhen Wang
https://openalex.org/W2283196293,https://openalex.org/A5100666291,Jianwen Zhang
https://openalex.org/W2283196293,https://openalex.org/A5100578431,Jianlin Feng
https://openalex.org/W2283196293,https://openalex.org/A5100370699,Zheng Chen
https://openalex.org/W2184957013,https://openalex.org/A5043098453,Yankai Lin
https://openalex.org/W2184957013,https://openalex.org/A5100320723,Zhiyuan Liu
https://openalex.org/W2184957013,https://openalex.org/A5046448314,Maosong Sun
https://openalex.org/W2184957013,https://openalex.org/A5100666307,Yang Liu
https://openalex.org/W2184957013,https://openalex.org/A5101867825,Xuan Zhu
https://openalex.org/W3003265726,https://openalex.org/A5007841686,Shaoxiong Ji
https://openalex.org/W3003265726,https://openalex.org/A5008056593,Shirui Pan
https://openalex.org/W3003265726,https://openalex.org/A5100752356,Erik Cambria
https://openalex.org/W3003265726,https://openalex.org/A5089920272,Pekka Marttinen
https://openalex.org/W3003265726,https://openalex.org/A5036357902,Philip S. Yu
https://openalex.org/W3010336026,https://openalex.org/A5070504151,Aidan Hogan
https://openalex.org/W3010336026,https://openalex.org/A5074737251,Eva Blomqvist
https://openalex.org/W3010336026,https://openalex.org/A5041317183,Michael Cochez
https://openalex.org/W3010336026,https://openalex.org/A5008611990,Claudia d’Amato
https://openalex.org/W3010336026,https://openalex.org/A5085818578,Gerard de Melo
https://openalex.org/W3010336026,https://openalex.org/A5041698136,Claudio Gutiérrez
https://openalex.org/W3010336026,https://openalex.org/A5084740363,Sabrina Kirrane
https://openalex.org/W3010336026,https://openalex.org/A5110923751,José Emilio Labra Gayo
https://openalex.org/W3010336026,https://openalex.org/A5026648049,Roberto Navigli
https://openalex.org/W3010336026,https://openalex.org/A5081979968,Sebastian Neumaier
https://openalex.org/W3010336026,https://openalex.org/A5038745720,Axel-Cyrille Ngonga Ngomo
https://openalex.org/W3010336026,https://openalex.org/A5108136799,Axel Polleres
https://openalex.org/W3010336026,https://openalex.org/A5072382690,Sabbir M. Rashid
https://openalex.org/W3010336026,https://openalex.org/A5009175421,Anisa Rula
https://openalex.org/W3010336026,https://openalex.org/A5074699134,Lukas Schmelzeisen
https://openalex.org/W3010336026,https://openalex.org/A5014287041,Juan Sequeda
https://openalex.org/W3010336026,https://openalex.org/A5062807811,Steffen Staab
https://openalex.org/W3010336026,https://openalex.org/A5044171839,Antoine Zimmermann
https://openalex.org/W2728059831,https://openalex.org/A5067514564,Tim Dettmers
https://openalex.org/W2728059831,https://openalex.org/A5019106673,Pasquale Minervini
https://openalex.org/W2728059831,https://openalex.org/A5049427071,Pontus Stenetorp
https://openalex.org/W2728059831,https://openalex.org/A5101404695,Sebastian Riedel
https://openalex.org/W2759136286,https://openalex.org/A5100418245,Quan Wang
https://openalex.org/W2759136286,https://openalex.org/A5023341829,Zhendong Mao
https://openalex.org/W2759136286,https://openalex.org/A5107061814,Bin Wang
https://openalex.org/W2759136286,https://openalex.org/A5100675165,Li Guo
https://openalex.org/W2250342289,https://openalex.org/A5108369750,Guoliang Ji
https://openalex.org/W2250342289,https://openalex.org/A5110645828,Shizhu He
https://openalex.org/W2250342289,https://openalex.org/A5101422057,Liheng Xu
https://openalex.org/W2250342289,https://openalex.org/A5100389900,Kang Liu
https://openalex.org/W2250342289,https://openalex.org/A5071321132,Jun Zhao
https://openalex.org/W2972535098,https://openalex.org/A5100369453,Xiaojun Chen
https://openalex.org/W2972535098,https://openalex.org/A5007917723,Shengbin Jia
https://openalex.org/W2972535098,https://openalex.org/A5008082945,Yang Xiang
https://openalex.org/W2300469216,https://openalex.org/A5040542771,Heiko Paulheim
https://openalex.org/W2949972983,https://openalex.org/A5000667901,Maximilian Nickel
https://openalex.org/W2949972983,https://openalex.org/A5061220999,Lorenzo Rosasco
https://openalex.org/W2949972983,https://openalex.org/A5001833084,Tomaso Poggio
https://openalex.org/W4390692489,https://openalex.org/A5008056593,Shirui Pan
https://openalex.org/W4390692489,https://openalex.org/A5007704896,Linhao Luo
https://openalex.org/W4390692489,https://openalex.org/A5100374831,Yufei Wang
https://openalex.org/W4390692489,https://openalex.org/A5114500343,Chen Chen
https://openalex.org/W4390692489,https://openalex.org/A5010757894,Jiapu Wang
https://openalex.org/W4390692489,https://openalex.org/A5080738591,Xindong Wu
https://openalex.org/W4362579589,https://openalex.org/A5004286514,Ciyuan Peng
https://openalex.org/W4362579589,https://openalex.org/A5089615958,Feng Xia
https://openalex.org/W4362579589,https://openalex.org/A5025207179,Mehdi Naseriparsa
https://openalex.org/W4362579589,https://openalex.org/A5066447873,Francesco Osborne
https://openalex.org/W3091993229,https://openalex.org/A5039548811,Qingyu Guo
https://openalex.org/W3091993229,https://openalex.org/A5041921496,Fuzhen Zhuang
https://openalex.org/W3091993229,https://openalex.org/A5102883290,Chuan Qin
https://openalex.org/W3091993229,https://openalex.org/A5049015446,Hengshu Zhu
https://openalex.org/W3091993229,https://openalex.org/A5044651577,Xing Xie
https://openalex.org/W3091993229,https://openalex.org/A5101862104,Hui Yun Xiong
https://openalex.org/W3091993229,https://openalex.org/A5100734672,Qing He
https://openalex.org/W2499696929,https://openalex.org/A5101577090,Ruobing Xie
https://openalex.org/W2499696929,https://openalex.org/A5100320723,Zhiyuan Liu
https://openalex.org/W2499696929,https://openalex.org/A5100405572,Jia Jia
https://openalex.org/W2499696929,https://openalex.org/A5091587552,Huanbo Luan
https://openalex.org/W2499696929,https://openalex.org/A5046448314,Maosong Sun
https://openalex.org/W2145544171,https://openalex.org/A5000667901,Maximilian Nickel
https://openalex.org/W2145544171,https://openalex.org/A5061220999,Lorenzo Rosasco
https://openalex.org/W2145544171,https://openalex.org/A5001833084,Tomaso Poggio
https://openalex.org/W2950339735,https://openalex.org/A5088410008,Antoine Bosselut
https://openalex.org/W2950339735,https://openalex.org/A5076412680,Hannah Rashkin
https://openalex.org/W2950339735,https://openalex.org/A5015128745,Maarten Sap
https://openalex.org/W2950339735,https://openalex.org/A5037500486,Chaitanya Malaviya
https://openalex.org/W2950339735,https://openalex.org/A5030468199,Aslı Çelikyılmaz
https://openalex.org/W2950339735,https://openalex.org/A5102992157,Yejin Choi
https://openalex.org/W2966349618,https://openalex.org/A5100389037,Xiang Wang
https://openalex.org/W2966349618,https://openalex.org/A5013517150,Dingxian Wang
https://openalex.org/W2966349618,https://openalex.org/A5110091965,Canran Xu
https://openalex.org/W2966349618,https://openalex.org/A5038668215,Xiangnan He
https://openalex.org/W2966349618,https://openalex.org/A5013247988,Yixin Cao
https://openalex.org/W2966349618,https://openalex.org/A5089404640,Tat‐Seng Chua
https://openalex.org/W2962886429,https://openalex.org/A5110635444,Wenhan Xiong
https://openalex.org/W2962886429,https://openalex.org/A5036292565,Thien Hoang
https://openalex.org/W2962886429,https://openalex.org/A5100702485,William Yang Wang
https://openalex.org/W2964116313,https://openalex.org/A5067514564,Tim Dettmers
https://openalex.org/W2964116313,https://openalex.org/A5019106673,Pasquale Minervini
https://openalex.org/W2964116313,https://openalex.org/A5049427071,Pontus Stenetorp
https://openalex.org/W2964116313,https://openalex.org/A5101404695,Sebastian Riedel
https://openalex.org/W2998385486,https://openalex.org/A5100668786,Weijie Liu
https://openalex.org/W2998385486,https://openalex.org/A5101578809,Peng Zhou
https://openalex.org/W2998385486,https://openalex.org/A5100631152,Zhe Zhao
https://openalex.org/W2998385486,https://openalex.org/A5059929869,Zhiruo Wang
https://openalex.org/W2998385486,https://openalex.org/A5071290194,Qi Ju
https://openalex.org/W2998385486,https://openalex.org/A5080930142,Haotang Deng
https://openalex.org/W2998385486,https://openalex.org/A5100338689,Ping Wang
https://openalex.org/W2909137510,https://openalex.org/A5020049212,Zhiqing Sun
https://openalex.org/W2909137510,https://openalex.org/A5060171279,Zhihong Deng
https://openalex.org/W2909137510,https://openalex.org/A5018977183,Jian‐Yun Nie
https://openalex.org/W2909137510,https://openalex.org/A5077231313,Jian Guo Tang
https://openalex.org/W2890187992,https://openalex.org/A5019206012,Zhichun Wang
https://openalex.org/W2890187992,https://openalex.org/A5068390245,Qingsong Lv
https://openalex.org/W2890187992,https://openalex.org/A5009016908,Xiaohan Lan
https://openalex.org/W2890187992,https://openalex.org/A5100433508,Yu Zhang
https://openalex.org/W2908230750,https://openalex.org/A5055037545,Xiao Xia Huang
https://openalex.org/W2908230750,https://openalex.org/A5100639601,Jingyuan Zhang
https://openalex.org/W2908230750,https://openalex.org/A5103234379,Dingcheng Li
https://openalex.org/W2908230750,https://openalex.org/A5100435461,Ping Li
https://openalex.org/W4225412853,https://openalex.org/A5024168844,Yuhao Yang
https://openalex.org/W4225412853,https://openalex.org/A5091518548,Chao Huang
https://openalex.org/W4225412853,https://openalex.org/A5019844880,Lianghao Xia
https://openalex.org/W4225412853,https://openalex.org/A5100734065,Chenliang Li
https://openalex.org/W2963486920,https://openalex.org/A5100424254,Xiaolong Wang
https://openalex.org/W2963486920,https://openalex.org/A5028764753,Yufei Ye
https://openalex.org/W2963486920,https://openalex.org/A5101761266,Abhinav Gupta
https://openalex.org/W2889782235,https://openalex.org/A5063933395,Alberto García-Durán
https://openalex.org/W2889782235,https://openalex.org/A5019849127,Sebastijan Dumančić
https://openalex.org/W2889782235,https://openalex.org/A5031719069,Mathias Niepert
https://openalex.org/W2949434543,https://openalex.org/A5020049212,Zhiqing Sun
https://openalex.org/W2949434543,https://openalex.org/A5060171279,Zhihong Deng
https://openalex.org/W2949434543,https://openalex.org/A5018977183,Jian‐Yun Nie
https://openalex.org/W2949434543,https://openalex.org/A5077231313,Jian Tang
https://openalex.org/W2551361256,https://openalex.org/A5102861481,Muhao Chen
https://openalex.org/W2551361256,https://openalex.org/A5040295235,Yingtao Tian
https://openalex.org/W2551361256,https://openalex.org/A5103075868,Mohan Yang
https://openalex.org/W2551361256,https://openalex.org/A5113467760,Carlo Zaniolo
https://openalex.org/W3129482887,https://openalex.org/A5100389037,Xiang Wang
https://openalex.org/W3129482887,https://openalex.org/A5101942668,Tinglin Huang
https://openalex.org/W3129482887,https://openalex.org/A5089495929,Dingxian Wang
https://openalex.org/W3129482887,https://openalex.org/A5004833182,Yancheng Yuan
https://openalex.org/W3129482887,https://openalex.org/A5101715620,Zhenguang Liu
https://openalex.org/W3129482887,https://openalex.org/A5038668215,Xiangnan He
https://openalex.org/W3129482887,https://openalex.org/A5089404640,Tat‐Seng Chua
https://openalex.org/W4318983406,https://openalex.org/A5037842761,Payal Chandak
https://openalex.org/W4318983406,https://openalex.org/A5049086940,Kexin Huang
https://openalex.org/W4318983406,https://openalex.org/A5086052373,Marinka Žitnik
https://openalex.org/W2808284704,https://openalex.org/A5101848528,Zequn Sun
https://openalex.org/W2808284704,https://openalex.org/A5100727084,Wei Ping Hu
https://openalex.org/W2808284704,https://openalex.org/A5062347892,Qinghe Zhang
https://openalex.org/W2808284704,https://openalex.org/A5089586983,Yuzhong Qu
https://openalex.org/W3120491054,https://openalex.org/A5026432443,Andrea Rossi
https://openalex.org/W3120491054,https://openalex.org/A5061046432,Denilson Barbosa
https://openalex.org/W3120491054,https://openalex.org/A5063444742,Donatella Firmani
https://openalex.org/W3120491054,https://openalex.org/A5065732264,Antonio Matinata
https://openalex.org/W3120491054,https://openalex.org/A5022736687,Paolo Merialdo
https://openalex.org/W2158028897,https://openalex.org/A5100422377,Zhen Wang
https://openalex.org/W2158028897,https://openalex.org/A5100666291,Jianwen Zhang
https://openalex.org/W2158028897,https://openalex.org/A5100578431,Jianlin Feng
https://openalex.org/W2158028897,https://openalex.org/A5100370699,Zheng Chen
https://openalex.org/W2912351665,https://openalex.org/A5100357128,Hongwei Wang
https://openalex.org/W2912351665,https://openalex.org/A5101586840,Fuzheng Zhang
https://openalex.org/W2912351665,https://openalex.org/A5074355807,Miao Zhao
https://openalex.org/W2912351665,https://openalex.org/A5100408983,Wenjie Li
https://openalex.org/W2912351665,https://openalex.org/A5044651577,Xing Xie
https://openalex.org/W2912351665,https://openalex.org/A5039318240,Minyi Guo
https://openalex.org/W2798864014,https://openalex.org/A5087537535,Julien Leblay
https://openalex.org/W2798864014,https://openalex.org/A5043277194,Melisachew Wudage Chekol
https://openalex.org/W3096932862,https://openalex.org/A5100611517,Zhe Chen
https://openalex.org/W3096932862,https://openalex.org/A5101778578,Yuehan Wang
https://openalex.org/W3096932862,https://openalex.org/A5048337889,Bin Zhao
https://openalex.org/W3096932862,https://openalex.org/A5087434676,Jing Cheng
https://openalex.org/W3096932862,https://openalex.org/A5101923282,Xin Zhao
https://openalex.org/W3096932862,https://openalex.org/A5058411526,Zongtao Duan
https://openalex.org/W2561529111,https://openalex.org/A5087978601,Robert E. Speer
https://openalex.org/W2561529111,https://openalex.org/A5042463693,Joshua Chin
https://openalex.org/W2561529111,https://openalex.org/A5008656115,Catherine Havasi
https://openalex.org/W2963718112,https://openalex.org/A5074697516,Yi Luan
https://openalex.org/W2963718112,https://openalex.org/A5025887224,Luheng He
https://openalex.org/W2963718112,https://openalex.org/A5087215613,Mari Ostendorf
https://openalex.org/W2963718112,https://openalex.org/A5082305994,Hannaneh Hajishirzi
https://openalex.org/W2911778742,https://openalex.org/A5101488072,Yixin Cao
https://openalex.org/W2911778742,https://openalex.org/A5100389037,Xiang Wang
https://openalex.org/W2911778742,https://openalex.org/A5038668215,Xiangnan He
https://openalex.org/W2911778742,https://openalex.org/A5113950700,Zikun Hu
https://openalex.org/W2911778742,https://openalex.org/A5089404640,Tat‐Seng Chua
https://openalex.org/W2755637027,https://openalex.org/A5100755176,Yuyu Zhang
https://openalex.org/W2755637027,https://openalex.org/A5040269658,Hanjun Dai
https://openalex.org/W2755637027,https://openalex.org/A5007532004,Zornitsa Kozareva
https://openalex.org/W2755637027,https://openalex.org/A5000245150,Alexander Johannes Smola
https://openalex.org/W2755637027,https://openalex.org/A5102898115,Le Song
https://openalex.org/W3095750623,https://openalex.org/A5043250129,Bilal Abu-Salih
https://openalex.org/W2433281745,https://openalex.org/A5108369750,Guoliang Ji
https://openalex.org/W2433281745,https://openalex.org/A5100389900,Kang Liu
https://openalex.org/W2433281745,https://openalex.org/A5110645828,Shizhu He
https://openalex.org/W2433281745,https://openalex.org/A5110722665,Jun Zhao
https://openalex.org/W2972167903,https://openalex.org/A5101613727,Liang Yao
https://openalex.org/W2972167903,https://openalex.org/A5074672910,Chengsheng Mao
https://openalex.org/W2972167903,https://openalex.org/A5100452550,Yuan Luo
https://openalex.org/W2572147858,https://openalex.org/A5072107825,Lisa Ehrlinger
https://openalex.org/W2572147858,https://openalex.org/A5043191905,Wolfram Wöß
https://openalex.org/W2785761199,https://openalex.org/A5065918431,Seyed Mehran Kazemi
https://openalex.org/W2785761199,https://openalex.org/A5102986310,David Poole
https://openalex.org/W2735585131,https://openalex.org/A5091529342,Maya Rotmensch
https://openalex.org/W2735585131,https://openalex.org/A5075357064,Yoni Halpern
https://openalex.org/W2735585131,https://openalex.org/A5010933633,Abdulhakim Tlimat
https://openalex.org/W2735585131,https://openalex.org/A5076012713,Steven Horng
https://openalex.org/W2735585131,https://openalex.org/A5013431623,David A. Sontag
https://openalex.org/W2890410208,https://openalex.org/A5052577850,Shib Sankar Dasgupta
https://openalex.org/W2890410208,https://openalex.org/A5032932928,Swayambhu Nath Ray
https://openalex.org/W2890410208,https://openalex.org/A5033696194,Partha Talukdar
https://openalex.org/W4386443326,https://openalex.org/A5101737485,Lingfeng Zhong
https://openalex.org/W4386443326,https://openalex.org/A5007475662,Jia Xin Wu
https://openalex.org/W4386443326,https://openalex.org/A5100340569,Qian Li
https://openalex.org/W4386443326,https://openalex.org/A5100740622,Hao Peng
https://openalex.org/W4386443326,https://openalex.org/A5080738591,Xindong Wu
https://openalex.org/W3015409108,https://openalex.org/A5083343614,Xiaohan Zou
https://openalex.org/W2514852614,https://openalex.org/A5101913012,Han Xiao
https://openalex.org/W2514852614,https://openalex.org/A5044042138,Minlie Huang
https://openalex.org/W2514852614,https://openalex.org/A5100452974,Xiaoyan Zhu
https://openalex.org/W2997897037,https://openalex.org/A5051892750,Zhanqiu Zhang
https://openalex.org/W2997897037,https://openalex.org/A5063625684,Jianyu Cai
https://openalex.org/W2997897037,https://openalex.org/A5046305086,Yongdong Zhang
https://openalex.org/W2997897037,https://openalex.org/A5100440033,Jie Wang
https://openalex.org/W2998528434,https://openalex.org/A5110846553,Rishab Goel
https://openalex.org/W2998528434,https://openalex.org/A5065918431,Seyed Mehran Kazemi
https://openalex.org/W2998528434,https://openalex.org/A5069522766,Marcus A. Brubaker
https://openalex.org/W2998528434,https://openalex.org/A5050467922,Pascal Poupart
https://openalex.org/W3033896008,https://openalex.org/A5085139756,David N. Nicholson
https://openalex.org/W3033896008,https://openalex.org/A5050692257,Casey S. Greene
https://openalex.org/W2964221236,https://openalex.org/A5041421536,Natasha F. Noy
https://openalex.org/W2964221236,https://openalex.org/A5074146436,Yuqing Gao
https://openalex.org/W2964221236,https://openalex.org/A5088276104,Anshu N. Jain
https://openalex.org/W2964221236,https://openalex.org/A5002271549,Anant Narayanan
https://openalex.org/W2964221236,https://openalex.org/A5056579294,Alan Patterson
https://openalex.org/W2964221236,https://openalex.org/A5104051791,Jamie Taylor
https://openalex.org/W1942169943,https://openalex.org/A5073443117,Jay M. Pujara
https://openalex.org/W1942169943,https://openalex.org/A5046616265,Hui Miao
https://openalex.org/W1942169943,https://openalex.org/A5086169451,Lise Getoor
https://openalex.org/W1942169943,https://openalex.org/A5051617344,William W. Cohen
https://openalex.org/W2893775232,https://openalex.org/A5033957641,Zhu Sun
https://openalex.org/W2893775232,https://openalex.org/A5029123550,Jie Chi Yang
https://openalex.org/W2893775232,https://openalex.org/A5100436659,Jie Zhang
https://openalex.org/W2893775232,https://openalex.org/A5028101938,Alessandro Bozzon
https://openalex.org/W2893775232,https://openalex.org/A5003953967,Long-Kai Huang
https://openalex.org/W2893775232,https://openalex.org/A5028317321,Chi Xu
https://openalex.org/W3023009950,https://openalex.org/A5055452554,Ines Chami
https://openalex.org/W3023009950,https://openalex.org/A5139932419,Adva Wolf
https://openalex.org/W3023009950,https://openalex.org/A5005730523,Da-Cheng Juan
https://openalex.org/W3023009950,https://openalex.org/A5103088414,Frédéric Sala
https://openalex.org/W3023009950,https://openalex.org/A5103605539,Sujith Ravi
https://openalex.org/W3023009950,https://openalex.org/A5103852640,Christopher Ré
https://openalex.org/W2073587810,https://openalex.org/A5110645828,Shizhu He
https://openalex.org/W2073587810,https://openalex.org/A5100389900,Kang Liu
https://openalex.org/W2073587810,https://openalex.org/A5108369750,Guoliang Ji
https://openalex.org/W2073587810,https://openalex.org/A5071321132,Jun Zhao
https://openalex.org/W3034862985,https://openalex.org/A5072649031,Apoorv Saxena
https://openalex.org/W3034862985,https://openalex.org/A5019078651,Aditay Tripathi
https://openalex.org/W3034862985,https://openalex.org/A5033696194,Partha Talukdar
https://openalex.org/W2942026896,https://openalex.org/A5100328904,Shuai Zhang
https://openalex.org/W2942026896,https://openalex.org/A5103069680,Yi Hong Tay
https://openalex.org/W2942026896,https://openalex.org/A5052731721,Lina Yao
https://openalex.org/W2942026896,https://openalex.org/A5100453152,Qi Liu
https://openalex.org/W2807352623,https://openalex.org/A5023225712,Michael Kampffmeyer
https://openalex.org/W2807352623,https://openalex.org/A5063957844,Yinbo Chen
https://openalex.org/W2807352623,https://openalex.org/A5047878798,Xiaodan Liang
https://openalex.org/W2807352623,https://openalex.org/A5100743778,Hao Wang
https://openalex.org/W2807352623,https://openalex.org/A5100430737,Yujia Zhang
https://openalex.org/W2807352623,https://openalex.org/A5009547049,Eric P. Xing
https://openalex.org/W2889344053,https://openalex.org/A5068670330,Xi Lin
https://openalex.org/W2889344053,https://openalex.org/A5059955534,Richard Socher
https://openalex.org/W2889344053,https://openalex.org/A5032046813,Caiming Xiong
https://openalex.org/W2604165577,https://openalex.org/A5102363883,Chenyan Xiong
https://openalex.org/W2604165577,https://openalex.org/A5000366883,Russell Power
https://openalex.org/W2604165577,https://openalex.org/A5009879041,Jamie Callan
https://openalex.org/W4252064021,https://openalex.org/A5103328740,Dieter Fensel
https://openalex.org/W4252064021,https://openalex.org/A5079985512,Umutcan Şimşek
https://openalex.org/W4252064021,https://openalex.org/A5014834692,Kevin Angele
https://openalex.org/W4252064021,https://openalex.org/A5086006163,Elwin Huaman
https://openalex.org/W4252064021,https://openalex.org/A5025673875,Elias Kärle
https://openalex.org/W4252064021,https://openalex.org/A5066864390,Oleksandra Panasiuk
https://openalex.org/W4252064021,https://openalex.org/A5106184811,Ioan Toma
https://openalex.org/W4252064021,https://openalex.org/A5048726103,Jürgen Umbrich
https://openalex.org/W4252064021,https://openalex.org/A5084078997,Alexander Wahler
https://openalex.org/W3172335055,https://openalex.org/A5005898634,Michihiro Yasunaga
https://openalex.org/W3172335055,https://openalex.org/A5103198578,Hongyu Ren
https://openalex.org/W3172335055,https://openalex.org/A5088410008,Antoine Bosselut
https://openalex.org/W3172335055,https://openalex.org/A5025255782,Percy Liang
https://openalex.org/W3172335055,https://openalex.org/A5091272738,Jure Leskovec
https://openalex.org/W2963041663,https://openalex.org/A5101424783,Baoxu Shi
https://openalex.org/W2963041663,https://openalex.org/A5084597959,Tim Weninger
https://openalex.org/W3097986917,https://openalex.org/A5087823830,Woojeong Jin
https://openalex.org/W3097986917,https://openalex.org/A5101458727,Meng Qu
https://openalex.org/W3097986917,https://openalex.org/A5101110247,Xisen Jin
https://openalex.org/W3097986917,https://openalex.org/A5009408707,Xiang Ren
https://openalex.org/W2519887557,https://openalex.org/A5025691113,Thomas Kipf
https://openalex.org/W2519887557,https://openalex.org/A5087368991,Max Welling
https://openalex.org/W2963380480,https://openalex.org/A5076669462,Kelvin Guu
https://openalex.org/W2963380480,https://openalex.org/A5028406576,John J. Miller
https://openalex.org/W2963380480,https://openalex.org/A5025255782,Percy Liang
https://openalex.org/W4210706440,https://openalex.org/A5061383495,Alberto Santos
https://openalex.org/W4210706440,https://openalex.org/A5005147816,Ana R. Colaço
https://openalex.org/W4210706440,https://openalex.org/A5025880993,Annelaura Bach Nielsen
https://openalex.org/W4210706440,https://openalex.org/A5101874538,Lili Niu
https://openalex.org/W4210706440,https://openalex.org/A5056149634,Maximilian T. Strauss
https://openalex.org/W4210706440,https://openalex.org/A5101429821,Philipp Emanuel Geyer
https://openalex.org/W4210706440,https://openalex.org/A5090387172,Fabian Coscia
https://openalex.org/W4210706440,https://openalex.org/A5044613383,Nicolai J. Wewer Albrechtsen
https://openalex.org/W4210706440,https://openalex.org/A5030055133,Filip Oskar Mundt
https://openalex.org/W4210706440,https://openalex.org/A5005772961,Lars Juhl Jensen
https://openalex.org/W4210706440,https://openalex.org/A5090940750,Matthias Mann
https://openalex.org/W2903963001,https://openalex.org/A5004361143,Bayu Distiawan Trisedya
https://openalex.org/W2903963001,https://openalex.org/A5022290876,Jianzhong Qi
https://openalex.org/W2903963001,https://openalex.org/A5100422092,Rui Zhang
https://openalex.org/W3004035003,https://openalex.org/A5103328740,Dieter Fensel
https://openalex.org/W3004035003,https://openalex.org/A5079985512,Umutcan Şimşek
https://openalex.org/W3004035003,https://openalex.org/A5014834692,Kevin Angele
https://openalex.org/W3004035003,https://openalex.org/A5086006163,Elwin Huaman
https://openalex.org/W3004035003,https://openalex.org/A5025673875,Elias Kärle
https://openalex.org/W3004035003,https://openalex.org/A5066864390,Oleksandra Panasiuk
https://openalex.org/W3004035003,https://openalex.org/A5106184811,Ioan Toma
https://openalex.org/W3004035003,https://openalex.org/A5048726103,Jürgen Umbrich
https://openalex.org/W3004035003,https://openalex.org/A5084078997,Alexander Wahler
https://openalex.org/W2963870853,https://openalex.org/A5100346546,Ye Liu
https://openalex.org/W2963870853,https://openalex.org/A5100423976,Hui Li
https://openalex.org/W2963870853,https://openalex.org/A5063933395,Alberto García-Durán
https://openalex.org/W2963870853,https://openalex.org/A5031719069,Mathias Niepert
https://openalex.org/W2963870853,https://openalex.org/A5047331897,Daniel Oñoro-Rubio
https://openalex.org/W2963870853,https://openalex.org/A5047104641,David S. Rosenblum
https://openalex.org/W2581887665,https://openalex.org/A5049334187,Kenneth Marino
https://openalex.org/W2581887665,https://openalex.org/A5071983998,Ruslan Salakhutdinov
https://openalex.org/W2581887665,https://openalex.org/A5101761266,Abhinav Gupta
https://openalex.org/W2997704374,https://openalex.org/A5100635277,Yixiao Zhang
https://openalex.org/W2997704374,https://openalex.org/A5100724911,Xiaosong Wang
https://openalex.org/W2997704374,https://openalex.org/A5039608149,Ziyue Xu
https://openalex.org/W2997704374,https://openalex.org/A5091431342,Qihang Yu
https://openalex.org/W2997704374,https://openalex.org/A5086706224,Alan Yuille
https://openalex.org/W2997704374,https://openalex.org/A5052339079,Daguang Xu
https://openalex.org/W2889234142,https://openalex.org/A5110635444,Wenhan Xiong
https://openalex.org/W2889234142,https://openalex.org/A5101583277,Mo Yu
https://openalex.org/W2889234142,https://openalex.org/A5112248869,Shiyu Chang
https://openalex.org/W2889234142,https://openalex.org/A5051951021,Xiaoxiao Guo
https://openalex.org/W2889234142,https://openalex.org/A5100702485,William Yang Wang
https://openalex.org/W2770962865,https://openalex.org/A5047592896,Chung‐Wei Lee
https://openalex.org/W2770962865,https://openalex.org/A5100410142,Wei Fang
https://openalex.org/W2770962865,https://openalex.org/A5045708570,Chih‐Kuan Yeh
https://openalex.org/W2770962865,https://openalex.org/A5090045508,Yu-Chiang Frank Wang
https://openalex.org/W2804978390,https://openalex.org/A5069621833,Penghe Chen
https://openalex.org/W2804978390,https://openalex.org/A5101645258,Yu Lu
https://openalex.org/W2804978390,https://openalex.org/A5065995973,Vincent Wenchen Zheng
https://openalex.org/W2804978390,https://openalex.org/A5006730214,Xiyang Chen
https://openalex.org/W2804978390,https://openalex.org/A5100546771,Boda Yang
https://openalex.org/W3093922720,https://openalex.org/A5027072710,Rui Feng Sun
https://openalex.org/W3093922720,https://openalex.org/A5108060642,Xuezhi Cao
https://openalex.org/W3093922720,https://openalex.org/A5060365518,Yan Li Zhao
https://openalex.org/W3093922720,https://openalex.org/A5024464904,Junchen Wan
https://openalex.org/W3093922720,https://openalex.org/A5063459528,Kun Zhou
https://openalex.org/W3093922720,https://openalex.org/A5101586840,Fuzheng Zhang
https://openalex.org/W3093922720,https://openalex.org/A5100741750,Zhongyuan Wang
https://openalex.org/W3093922720,https://openalex.org/A5100603979,Kai Zheng
https://openalex.org/W4312044727,https://openalex.org/A5041560675,Xiangru Zhu
https://openalex.org/W4312044727,https://openalex.org/A5065529268,Zhixu Li
https://openalex.org/W4312044727,https://openalex.org/A5114594103,Xiaodan Wang
https://openalex.org/W4312044727,https://openalex.org/A5110915979,Xueyao Jiang
https://openalex.org/W4312044727,https://openalex.org/A5114594168,Penglei Sun
https://openalex.org/W4312044727,https://openalex.org/A5068832926,Xuwu Wang
https://openalex.org/W4312044727,https://openalex.org/A5090455375,Yanghua Xiao
https://openalex.org/W4312044727,https://openalex.org/A5053345000,Nicholas Jing Yuan
https://openalex.org/W3136296618,https://openalex.org/A5041421536,Natasha F. Noy
https://openalex.org/W3136296618,https://openalex.org/A5074146436,Yuqing Gao
https://openalex.org/W3136296618,https://openalex.org/A5088276104,Anshu N. Jain
https://openalex.org/W3136296618,https://openalex.org/A5002271549,Anant Narayanan
https://openalex.org/W3136296618,https://openalex.org/A5056579294,Alan Patterson
https://openalex.org/W3136296618,https://openalex.org/A5104051791,Jamie Taylor
https://openalex.org/W3129758539,https://openalex.org/A5100782897,Zhifei Li
https://openalex.org/W3129758539,https://openalex.org/A5101820021,Hai Liu
https://openalex.org/W3129758539,https://openalex.org/A5020980410,Zhaoli Zhang
https://openalex.org/W3129758539,https://openalex.org/A5100442033,Tingting Liu
https://openalex.org/W3129758539,https://openalex.org/A5103216531,Naixue N. Xiong
https://openalex.org/W3182741322,https://openalex.org/A5100674837,Zixuan Li
https://openalex.org/W3182741322,https://openalex.org/A5102843658,Xiaolong Jin
https://openalex.org/W3182741322,https://openalex.org/A5100318161,Wei Li
https://openalex.org/W3182741322,https://openalex.org/A5050120689,Saiping Guan
https://openalex.org/W3182741322,https://openalex.org/A5088621320,Jiafeng Guo
https://openalex.org/W3182741322,https://openalex.org/A5047897879,Huawei Shen
https://openalex.org/W3182741322,https://openalex.org/A5057538607,Yuanzhuo Wang
https://openalex.org/W3182741322,https://openalex.org/A5029998682,Xueqi Cheng
https://openalex.org/W2572179331,https://openalex.org/A5101577090,Ruobing Xie
https://openalex.org/W2572179331,https://openalex.org/A5100320723,Zhiyuan Liu
https://openalex.org/W2572179331,https://openalex.org/A5046448314,Maosong Sun
https://openalex.org/W3210179814,https://openalex.org/A5075467369,Ilaria Tiddi
https://openalex.org/W3210179814,https://openalex.org/A5075365612,Stefan Schlobach
https://openalex.org/W2563063592,https://openalex.org/A5112036093,Shu Guo
https://openalex.org/W2563063592,https://openalex.org/A5100418245,Quan Wang
https://openalex.org/W2563063592,https://openalex.org/A5100443578,Lihong Wang
https://openalex.org/W2563063592,https://openalex.org/A5108156794,Bin Wang
https://openalex.org/W2563063592,https://openalex.org/A5100675165,Li Guo
https://openalex.org/W2983050946,https://openalex.org/A5078133624,Mohamad Yaser Jaradeh
https://openalex.org/W2983050946,https://openalex.org/A5083220284,Allard Oelen
https://openalex.org/W2983050946,https://openalex.org/A5051849366,Kheir Eddine Farfar
https://openalex.org/W2983050946,https://openalex.org/A5067253504,Manuel Prinz
https://openalex.org/W2983050946,https://openalex.org/A5017940779,Jennifer D’Souza
https://openalex.org/W2983050946,https://openalex.org/A5086312428,Gábor Kismihók
https://openalex.org/W2983050946,https://openalex.org/A5062163326,Markus Stocker
https://openalex.org/W2983050946,https://openalex.org/A5071765665,Sören Auer
https://openalex.org/W2888572441,https://openalex.org/A5035972465,Ivana Balažević
https://openalex.org/W2888572441,https://openalex.org/A5060697135,Carl Allen
https://openalex.org/W2888572441,https://openalex.org/A5087823932,Timothy M. Hospedales
https://openalex.org/W3035011799,https://openalex.org/A5027410770,Xuan Lin
https://openalex.org/W3035011799,https://openalex.org/A5021932264,Zhe Quan
https://openalex.org/W3035011799,https://openalex.org/A5100419338,Zhijie Wang
https://openalex.org/W3035011799,https://openalex.org/A5086690079,Tengfei Ma
https://openalex.org/W3035011799,https://openalex.org/A5027286013,Xiangxiang Zeng
https://openalex.org/W3021393704,https://openalex.org/A5067766254,Yuanfei Dai
https://openalex.org/W3021393704,https://openalex.org/A5100604225,Shiping Wang
https://openalex.org/W3021393704,https://openalex.org/A5103216531,Naixue N. Xiong
https://openalex.org/W3021393704,https://openalex.org/A5100643723,Wenzhong Guo
https://openalex.org/W3207365242,https://openalex.org/A5027286013,Xiangxiang Zeng
https://openalex.org/W3207365242,https://openalex.org/A5078430647,Xinqi Tu
https://openalex.org/W3207365242,https://openalex.org/A5018620403,Yuansheng Liu
https://openalex.org/W3207365242,https://openalex.org/A5044283271,Xiangzheng Fu
https://openalex.org/W3207365242,https://openalex.org/A5071754273,Yansen Su
https://openalex.org/W2997837621,https://openalex.org/A5001421193,Shikhar Vashishth
https://openalex.org/W2997837621,https://openalex.org/A5102487773,Soumya Sanyal
https://openalex.org/W2997837621,https://openalex.org/A5108718501,Vikram Nitin
https://openalex.org/W2997837621,https://openalex.org/A5021703719,Nilesh Agrawal
https://openalex.org/W2997837621,https://openalex.org/A5033696194,Partha Talukdar
https://openalex.org/W2997062749,https://openalex.org/A5101848528,Zequn Sun
https://openalex.org/W2997062749,https://openalex.org/A5020318702,Chengming Wang
https://openalex.org/W2997062749,https://openalex.org/A5100727084,Wei Ping Hu
https://openalex.org/W2997062749,https://openalex.org/A5102861481,Muhao Chen
https://openalex.org/W2997062749,https://openalex.org/A5040440410,Jian S. Dai
https://openalex.org/W2997062749,https://openalex.org/A5089586983,Yuzhong Qu
https://openalex.org/W2790843555,https://openalex.org/A5101605747,Yan Jia
https://openalex.org/W2790843555,https://openalex.org/A5057057070,Yulu Qi
https://openalex.org/W2790843555,https://openalex.org/A5055446538,Huaijun Shang
https://openalex.org/W2790843555,https://openalex.org/A5091107196,Rong Jiang
https://openalex.org/W2790843555,https://openalex.org/A5103221123,Aiping Li
https://openalex.org/W3038003025,https://openalex.org/A5031603082,Jian Xu
https://openalex.org/W3038003025,https://openalex.org/A5000850685,Sunkyu Kim
https://openalex.org/W3038003025,https://openalex.org/A5045749444,Min Song
https://openalex.org/W3038003025,https://openalex.org/A5007444423,Minbyul Jeong
https://openalex.org/W3038003025,https://openalex.org/A5100334099,Donghyeon Kim
https://openalex.org/W3038003025,https://openalex.org/A5076917278,Jaewoo Kang
https://openalex.org/W3038003025,https://openalex.org/A5026263464,Justin F. Rousseau
https://openalex.org/W3038003025,https://openalex.org/A5101967530,Xin Li
https://openalex.org/W3038003025,https://openalex.org/A5101883722,Weijia Xu
https://openalex.org/W3038003025,https://openalex.org/A5079566229,Vetle I. Torvik
https://openalex.org/W3038003025,https://openalex.org/A5002577378,Yi Bu
https://openalex.org/W3038003025,https://openalex.org/A5001814373,Chongyan Chen
https://openalex.org/W3038003025,https://openalex.org/A5002401618,Islam Akef Ebeid
https://openalex.org/W3038003025,https://openalex.org/A5073166534,Daifeng Li
https://openalex.org/W3038003025,https://openalex.org/A5047170063,Ying Ding
https://openalex.org/W4400111732,https://openalex.org/A5009525613,Ke Liang
https://openalex.org/W4400111732,https://openalex.org/A5017200032,Lingyuan Meng
https://openalex.org/W4400111732,https://openalex.org/A5100457574,Meng Liu
https://openalex.org/W4400111732,https://openalex.org/A5100320103,Yue Liu
https://openalex.org/W4400111732,https://openalex.org/A5085607536,Wenxuan Tu
https://openalex.org/W4400111732,https://openalex.org/A5100656645,Siwei Wang
https://openalex.org/W4400111732,https://openalex.org/A5032131582,Sihang Zhou
https://openalex.org/W4400111732,https://openalex.org/A5101727888,Xinwang Liu
https://openalex.org/W4400111732,https://openalex.org/A5055546056,Fuchun Sun
https://openalex.org/W4400111732,https://openalex.org/A5027802880,Kunlun He
https://openalex.org/W2524949478,https://openalex.org/A5101499972,Jihong Yan
https://openalex.org/W2524949478,https://openalex.org/A5100373451,Chengyu Wang
https://openalex.org/W2524949478,https://openalex.org/A5026477069,Wenliang Cheng
https://openalex.org/W2524949478,https://openalex.org/A5101472135,Ming Zhou Gao
https://openalex.org/W2524949478,https://openalex.org/A5101511862,Aoying Zhou
https://openalex.org/W3174464510,https://openalex.org/A5080544237,Jena D. Hwang
https://openalex.org/W3174464510,https://openalex.org/A5044250030,Chandra Bhagavatula
https://openalex.org/W3174464510,https://openalex.org/A5024879161,Ronan Joseph Le Bras
https://openalex.org/W3174464510,https://openalex.org/A5027675359,Jeff Da
https://openalex.org/W3174464510,https://openalex.org/A5101067919,Keisuke Sakaguchi
https://openalex.org/W3174464510,https://openalex.org/A5088410008,Antoine Bosselut
https://openalex.org/W3174464510,https://openalex.org/A5102992157,Yejin Choi
https://openalex.org/W2964855489,https://openalex.org/A5062347892,Qinghe Zhang
https://openalex.org/W2964855489,https://openalex.org/A5101848528,Zequn Sun
https://openalex.org/W2964855489,https://openalex.org/A5100727084,Wei Ping Hu
https://openalex.org/W2964855489,https://openalex.org/A5102861481,Muhao Chen
https://openalex.org/W2964855489,https://openalex.org/A5029128305,Lingbing Guo
https://openalex.org/W2964855489,https://openalex.org/A5089586983,Yuzhong Qu
https://openalex.org/W3002881589,https://openalex.org/A5077109703,Qiao Liu
https://openalex.org/W3002881589,https://openalex.org/A5001161981,Liyang
https://openalex.org/W3002881589,https://openalex.org/A5054128278,DuanHong
https://openalex.org/W3002881589,https://openalex.org/A5036493348,LiuYao LiuYao
https://openalex.org/W3002881589,https://openalex.org/A5056204495,QinZhiguang
https://openalex.org/W3138149011,https://openalex.org/A5102946484,Meihong Wang
https://openalex.org/W3138149011,https://openalex.org/A5074316400,Linling Qiu
https://openalex.org/W3138149011,https://openalex.org/A5100456913,Xiaoli Wang
https://openalex.org/W3174368915,https://openalex.org/A5036327653,Cunchao Zhu
https://openalex.org/W3174368915,https://openalex.org/A5102861481,Muhao Chen
https://openalex.org/W3174368915,https://openalex.org/A5102982966,Changjun Fan
https://openalex.org/W3174368915,https://openalex.org/A5101851407,Guangquan Cheng
https://openalex.org/W3174368915,https://openalex.org/A5100456377,Yan Zhang
https://openalex.org/W2523199059,https://openalex.org/A5087615844,Ganggao Zhu
https://openalex.org/W2523199059,https://openalex.org/A5023155010,Carlos Á. Iglesias
https://openalex.org/W2963485453,https://openalex.org/A5088291592,Liwei Cai
https://openalex.org/W2963485453,https://openalex.org/A5100702488,William Yang Wang
https://openalex.org/W3108864070,https://openalex.org/A5052579251,Alireza Zareian
https://openalex.org/W3108864070,https://openalex.org/A5067090814,Svebor Karaman
https://openalex.org/W3108864070,https://openalex.org/A5037340457,Shih‐Fu Chang
https://openalex.org/W3164656968,https://openalex.org/A5041698136,Claudio Gutiérrez
https://openalex.org/W3164656968,https://openalex.org/A5014287041,Juan Sequeda
https://openalex.org/W2953054275,https://openalex.org/A5043893150,Kun Xu
https://openalex.org/W2953054275,https://openalex.org/A5100406711,Liwei Wang
https://openalex.org/W2953054275,https://openalex.org/A5101583277,Mo Yu
https://openalex.org/W2953054275,https://openalex.org/A5102220317,Yansong Feng
https://openalex.org/W2953054275,https://openalex.org/A5046829204,Yan Song
https://openalex.org/W2953054275,https://openalex.org/A5100430087,Zhiguo Wang
https://openalex.org/W2953054275,https://openalex.org/A5034476404,Dong Yu
https://openalex.org/W2997738974,https://openalex.org/A5022275632,Chuxu Zhang
https://openalex.org/W2997738974,https://openalex.org/A5051534896,Huaxiu Yao
https://openalex.org/W2997738974,https://openalex.org/A5091518548,Chao Huang
https://openalex.org/W2997738974,https://openalex.org/A5074821819,Meng Jiang
https://openalex.org/W2997738974,https://openalex.org/A5016516907,Zhenhui Li
https://openalex.org/W2997738974,https://openalex.org/A5068157871,Nitesh V. Chawla
https://openalex.org/W2226877337,https://openalex.org/A5055134806,Denis Krompaß
https://openalex.org/W2226877337,https://openalex.org/A5008642173,Stephan Baier
https://openalex.org/W2226877337,https://openalex.org/A5074808403,Volker Tresp
https://openalex.org/W2950457956,https://openalex.org/A5091107431,Seungwhan Moon
https://openalex.org/W2950457956,https://openalex.org/A5039740415,Pararth Shah
https://openalex.org/W2950457956,https://openalex.org/A5052705851,Anuj Kumar
https://openalex.org/W2950457956,https://openalex.org/A5113753370,Rajen Subba
https://openalex.org/W3006227201,https://openalex.org/A5008839357,Tareq Al-Moslmi
https://openalex.org/W3006227201,https://openalex.org/A5084657105,Marc Gallofré Ocaña
https://openalex.org/W3006227201,https://openalex.org/A5065228901,Andreas Lothe Opdahl
https://openalex.org/W3006227201,https://openalex.org/A5089398772,Csaba Veres
https://openalex.org/W2963203544,https://openalex.org/A5072839216,Takuma Ebisu
https://openalex.org/W2963203544,https://openalex.org/A5081854769,Ryutaro Ichise
https://openalex.org/W3012000912,https://openalex.org/A5101848528,Zequn Sun
https://openalex.org/W3012000912,https://openalex.org/A5062347892,Qinghe Zhang
https://openalex.org/W3012000912,https://openalex.org/A5100727084,Wei Ping Hu
https://openalex.org/W3012000912,https://openalex.org/A5020318702,Chengming Wang
https://openalex.org/W3012000912,https://openalex.org/A5102861481,Muhao Chen
https://openalex.org/W3012000912,https://openalex.org/A5068822037,Farahnaz Akrami
https://openalex.org/W3012000912,https://openalex.org/A5084878734,Chengkai Li
https://openalex.org/W2804361106,https://openalex.org/A5071765665,Sören Auer
https://openalex.org/W2804361106,https://openalex.org/A5028785474,Viktor Kovtun
https://openalex.org/W2804361106,https://openalex.org/A5067253504,Manuel Prinz
https://openalex.org/W2804361106,https://openalex.org/A5051817922,Anna Kasprzik
https://openalex.org/W2804361106,https://openalex.org/A5062163326,Markus Stocker
https://openalex.org/W2804361106,https://openalex.org/A5055433807,María-Esther Vidal
https://openalex.org/W2584261443,https://openalex.org/A5043821806,Honghan Wu
https://openalex.org/W2584261443,https://openalex.org/A5011911779,Jose Manuél Gómez-Pérez
https://openalex.org/W2584261443,https://openalex.org/A5007942325,Guido Vetere
https://openalex.org/W2584261443,https://openalex.org/A5148211784,Jeff Z Pan
https://openalex.org/W2556343638,https://openalex.org/A5101424783,Baoxu Shi
https://openalex.org/W2556343638,https://openalex.org/A5084597959,Tim Weninger
https://openalex.org/W2966787092,https://openalex.org/A5051014805,Sameh K. Mohamed
https://openalex.org/W2966787092,https://openalex.org/A5102905135,Vít Nováček
https://openalex.org/W2966787092,https://openalex.org/A5024618046,Aayah Nounu
https://openalex.org/W2604314403,https://openalex.org/A5076467238,Michael Schlichtkrull
https://openalex.org/W2604314403,https://openalex.org/A5025691113,Thomas Kipf
https://openalex.org/W2604314403,https://openalex.org/A5001241443,Peter Bloem
https://openalex.org/W2604314403,https://openalex.org/A5018601296,Rianne van den Berg
https://openalex.org/W2604314403,https://openalex.org/A5086717154,Ivan S. Titov
https://openalex.org/W2604314403,https://openalex.org/A5087368991,Max Welling
https://openalex.org/W2912664727,https://openalex.org/A5101524043,Weizhi Ma
https://openalex.org/W2912664727,https://openalex.org/A5100402996,Min Zhang
https://openalex.org/W2912664727,https://openalex.org/A5101593662,Yue Cao
https://openalex.org/W2912664727,https://openalex.org/A5087823830,Woojeong Jin
https://openalex.org/W2912664727,https://openalex.org/A5100424699,Chenyang Wang
https://openalex.org/W2912664727,https://openalex.org/A5100668121,Yiqun Liu
https://openalex.org/W2912664727,https://openalex.org/A5100760812,Shaoping Ma
https://openalex.org/W2912664727,https://openalex.org/A5009408707,Xiang Ren
https://openalex.org/W2966298461,https://openalex.org/A5081017897,Christian Meilicke
https://openalex.org/W2966298461,https://openalex.org/A5043277194,Melisachew Wudage Chekol
https://openalex.org/W2966298461,https://openalex.org/A5083786473,Daniel Ruffinelli
https://openalex.org/W2966298461,https://openalex.org/A5050425933,Heiner Stuckenschmidt
https://openalex.org/W3004611733,https://openalex.org/A5100343212,Linfeng Li
https://openalex.org/W3004611733,https://openalex.org/A5058176560,Peng Wang
https://openalex.org/W3004611733,https://openalex.org/A5030330619,Jun Yan
https://openalex.org/W3004611733,https://openalex.org/A5100319043,Yao Wang
https://openalex.org/W3004611733,https://openalex.org/A5100753138,Simin Li
https://openalex.org/W3004611733,https://openalex.org/A5076760331,Jinpeng Jiang
https://openalex.org/W3004611733,https://openalex.org/A5025554387,Zhe Sun
https://openalex.org/W3004611733,https://openalex.org/A5014238603,Buzhou Tang
https://openalex.org/W3004611733,https://openalex.org/A5064271996,Tsung‐Hui Chang
https://openalex.org/W3004611733,https://openalex.org/A5101845056,Shenghui Wang
https://openalex.org/W3004611733,https://openalex.org/A5100364318,Yuting Liu
https://openalex.org/W4381679608,https://openalex.org/A5051839900,Fang Yin
https://openalex.org/W4381679608,https://openalex.org/A5037546695,Qiang Zhang
https://openalex.org/W4381679608,https://openalex.org/A5089259739,Ningyu Zhang
https://openalex.org/W4381679608,https://openalex.org/A5100345062,Zhuo Chen
https://openalex.org/W4381679608,https://openalex.org/A5101552401,Xiang Zhuang
https://openalex.org/W4381679608,https://openalex.org/A5074240680,Xin Shao
https://openalex.org/W4381679608,https://openalex.org/A5060364374,Xiaohui Fan
https://openalex.org/W4381679608,https://openalex.org/A5102018239,Huajun Chen
https://openalex.org/W2306830220,https://openalex.org/A5055871472,Ruben Verborgh
https://openalex.org/W2306830220,https://openalex.org/A5031614767,Miel Vander Sande
https://openalex.org/W2306830220,https://openalex.org/A5022300272,Olaf Hartig
https://openalex.org/W2306830220,https://openalex.org/A5014917048,Joachim Van Herwegen
https://openalex.org/W2306830220,https://openalex.org/A5016784762,Laurens De Vocht
https://openalex.org/W2306830220,https://openalex.org/A5102818604,Ben De Meester
https://openalex.org/W2306830220,https://openalex.org/A5011942595,Gerald Haesendonck
https://openalex.org/W2306830220,https://openalex.org/A5068448434,Pieter Colpaert
https://openalex.org/W4285194159,https://openalex.org/A5022136307,Aidan Hogan
https://openalex.org/W4285194159,https://openalex.org/A5041698136,Claudio Gutiérrez
https://openalex.org/W4285194159,https://openalex.org/A5041317183,Michael Cochez
https://openalex.org/W4285194159,https://openalex.org/A5085818578,Gerard de Melo
https://openalex.org/W4285194159,https://openalex.org/A5084740363,Sabrina Kirrane
https://openalex.org/W4285194159,https://openalex.org/A5108136799,Axel Polleres
https://openalex.org/W4285194159,https://openalex.org/A5026648049,Roberto Navigli
https://openalex.org/W4285194159,https://openalex.org/A5038745720,Axel-Cyrille Ngonga Ngomo
https://openalex.org/W4285194159,https://openalex.org/A5072382690,Sabbir M. Rashid
https://openalex.org/W4285194159,https://openalex.org/A5074699134,Lukas Schmelzeisen
https://openalex.org/W4285194159,https://openalex.org/A5062807811,Steffen Staab
https://openalex.org/W4285194159,https://openalex.org/A5074737251,Eva Blomqvist
https://openalex.org/W4285194159,https://openalex.org/A5008611990,Claudia d’Amato
https://openalex.org/W4285194159,https://openalex.org/A5110923751,José Emilio Labra Gayo
https://openalex.org/W4285194159,https://openalex.org/A5081979968,Sebastian Neumaier
https://openalex.org/W4285194159,https://openalex.org/A5009175421,Anisa Rula
https://openalex.org/W4285194159,https://openalex.org/A5014287041,Juan Sequeda
https://openalex.org/W4285194159,https://openalex.org/A5044171839,Antoine Zimmermann
https://openalex.org/W3111386522,https://openalex.org/A5103018529,Fan Gong
https://openalex.org/W3111386522,https://openalex.org/A5100377137,Meng Wang
https://openalex.org/W3111386522,https://openalex.org/A5101664305,Haofen Wang
https://openalex.org/W3111386522,https://openalex.org/A5100350745,Sen Wang
https://openalex.org/W3111386522,https://openalex.org/A5060392341,Mengyue Liu
https://openalex.org/W3177015224,https://openalex.org/A5020997418,Xuejie Hao
https://openalex.org/W3177015224,https://openalex.org/A5101897904,Zheng Ji
https://openalex.org/W3177015224,https://openalex.org/A5100663887,Xiuhong Li
https://openalex.org/W3177015224,https://openalex.org/A5089296080,Lizeyan Yin
https://openalex.org/W3177015224,https://openalex.org/A5100396466,Lu Liu
https://openalex.org/W3177015224,https://openalex.org/A5000048488,Meiying Sun
https://openalex.org/W3177015224,https://openalex.org/A5100409478,Qiang Liu
https://openalex.org/W3177015224,https://openalex.org/A5033393950,Rongjin Yang
https://openalex.org/W4401754921,https://openalex.org/A5001696853,Yuqi Zhu
https://openalex.org/W4401754921,https://openalex.org/A5100354377,Xiaohan Wang
https://openalex.org/W4401754921,https://openalex.org/A5100394814,Jing Chen
https://openalex.org/W4401754921,https://openalex.org/A5091748443,Shuofei Qiao
https://openalex.org/W4401754921,https://openalex.org/A5003834274,Yixin Ou
https://openalex.org/W4401754921,https://openalex.org/A5075535352,Yunzhi Yao
https://openalex.org/W4401754921,https://openalex.org/A5060484186,Shumin Deng
https://openalex.org/W4401754921,https://openalex.org/A5102018239,Huajun Chen
https://openalex.org/W4401754921,https://openalex.org/A5089259739,Ningyu Zhang
https://openalex.org/W2963068946,https://openalex.org/A5100755176,Yuyu Zhang
https://openalex.org/W2963068946,https://openalex.org/A5040269658,Hanjun Dai
https://openalex.org/W2963068946,https://openalex.org/A5007532004,Zornitsa Kozareva
https://openalex.org/W2963068946,https://openalex.org/A5000245150,Alexander Johannes Smola
https://openalex.org/W2963068946,https://openalex.org/A5102898115,Le Song
https://openalex.org/W4285818445,https://openalex.org/A5100341722,Zi Ye
https://openalex.org/W4285818445,https://openalex.org/A5018172351,Yogan Jaya Kumar
https://openalex.org/W4285818445,https://openalex.org/A5040641426,Goh Ong Sing
https://openalex.org/W4285818445,https://openalex.org/A5073932958,Fengyan Song
https://openalex.org/W4285818445,https://openalex.org/A5066266521,Junsong Wang
https://openalex.org/W3093150592,https://openalex.org/A5100421963,Rui Zhang
https://openalex.org/W3093150592,https://openalex.org/A5088626648,Dimitar Hristovski
https://openalex.org/W3093150592,https://openalex.org/A5052103895,Dalton Schutte
https://openalex.org/W3093150592,https://openalex.org/A5044886642,Andrej Kastrin
https://openalex.org/W3093150592,https://openalex.org/A5062552700,Marcelo Fiszman
https://openalex.org/W3093150592,https://openalex.org/A5016571803,Halil Kilicoglu
https://openalex.org/W2591368218,https://openalex.org/A5014648332,Abdalghani Abujabal
https://openalex.org/W2591368218,https://openalex.org/A5087929673,Mohamed Yahya
https://openalex.org/W2591368218,https://openalex.org/A5049802784,Mirek Riedewald
https://openalex.org/W2591368218,https://openalex.org/A5088135366,Gerhard Weikum
https://openalex.org/W2772700764,https://openalex.org/A5100427828,Chengbin Wang
https://openalex.org/W2772700764,https://openalex.org/A5071393418,Xiaogang Ma
https://openalex.org/W2772700764,https://openalex.org/A5100435606,Jianguo Chen
https://openalex.org/W2772700764,https://openalex.org/A5100599624,Jingwen Chen
https://openalex.org/W2962936385,https://openalex.org/A5032987388,Théo Trouillon
https://openalex.org/W2962936385,https://openalex.org/A5000827821,Christopher R. Dance
https://openalex.org/W2962936385,https://openalex.org/A5014352159,Éric Gaussier
https://openalex.org/W2962936385,https://openalex.org/A5067022550,Johannes Welbl
https://openalex.org/W2962936385,https://openalex.org/A5101404695,Sebastian Riedel
https://openalex.org/W2962936385,https://openalex.org/A5090750283,Guillaume Bouchard
https://openalex.org/W3174206097,https://openalex.org/A5066517485,Zongsheng Cao
https://openalex.org/W3174206097,https://openalex.org/A5089092566,Qianqian Xu
https://openalex.org/W3174206097,https://openalex.org/A5009753955,Zhiyong Yang
https://openalex.org/W3174206097,https://openalex.org/A5068837264,Xiaochun Cao
https://openalex.org/W3174206097,https://openalex.org/A5028597017,Qingming Huang
https://openalex.org/W2605089588,https://openalex.org/A5112537052,Denis Lukovnikov
https://openalex.org/W2605089588,https://openalex.org/A5026151059,Asja Fischer
https://openalex.org/W2605089588,https://openalex.org/A5067133778,Jens Lehmann
https://openalex.org/W2605089588,https://openalex.org/A5071765665,Sören Auer
https://openalex.org/W3004766324,https://openalex.org/A5071224169,Daqian Shi
https://openalex.org/W3004766324,https://openalex.org/A5100427955,Ting Wang
https://openalex.org/W3004766324,https://openalex.org/A5102956535,Hao Xing
https://openalex.org/W3004766324,https://openalex.org/A5007474906,Hao Xu
https://openalex.org/W3035523484,https://openalex.org/A5017387871,Zuohui Fu
https://openalex.org/W3035523484,https://openalex.org/A5035279240,Yikun Xian
https://openalex.org/W3035523484,https://openalex.org/A5069584457,Ruoyuan Gao
https://openalex.org/W3035523484,https://openalex.org/A5066282713,Jieyu Zhao
https://openalex.org/W3035523484,https://openalex.org/A5110805738,Qiaoying Huang
https://openalex.org/W3035523484,https://openalex.org/A5020526977,Yingqiang Ge
https://openalex.org/W3035523484,https://openalex.org/A5040605157,Shuyuan Xu
https://openalex.org/W3035523484,https://openalex.org/A5080973846,Shijie Geng
https://openalex.org/W3035523484,https://openalex.org/A5061319881,Chirag Suresh Shah
https://openalex.org/W3035523484,https://openalex.org/A5100329828,Yongfeng Zhang
https://openalex.org/W3035523484,https://openalex.org/A5085818578,Gerard de Melo
https://openalex.org/W4383604692,https://openalex.org/A5024168844,Yuhao Yang
https://openalex.org/W4383604692,https://openalex.org/A5091518548,Chao Huang
https://openalex.org/W4383604692,https://openalex.org/A5019844880,Lianghao Xia
https://openalex.org/W4383604692,https://openalex.org/A5079860867,Chunzhen Huang
https://openalex.org/W2962850650,https://openalex.org/A5065918431,Seyed Mehran Kazemi
https://openalex.org/W2962850650,https://openalex.org/A5102986310,David Poole
https://openalex.org/W2763039547,https://openalex.org/A5025276555,Priyansh Trivedi
https://openalex.org/W2763039547,https://openalex.org/A5044599885,Gaurav Maheshwari
https://openalex.org/W2763039547,https://openalex.org/A5061147491,Mohnish Dubey
https://openalex.org/W2763039547,https://openalex.org/A5067133778,Jens Lehmann
https://openalex.org/W2234575251,https://openalex.org/A5043305308,Marco Rospocher
https://openalex.org/W2234575251,https://openalex.org/A5072750611,Marieke van Erp
https://openalex.org/W2234575251,https://openalex.org/A5003791447,Piek T. J. M. Vossen
https://openalex.org/W2234575251,https://openalex.org/A5074075557,Antske Fokkens
https://openalex.org/W2234575251,https://openalex.org/A5053854022,Itziar Aldabe
https://openalex.org/W2234575251,https://openalex.org/A5073264941,Germán Rigau
https://openalex.org/W2234575251,https://openalex.org/A5053230169,Aitor Soroa
https://openalex.org/W2234575251,https://openalex.org/A5112031655,Thomas Ploeger
https://openalex.org/W2234575251,https://openalex.org/A5087973777,Tessel Bogaard
https://openalex.org/W2964207259,https://openalex.org/A5087978601,Robert E. Speer
https://openalex.org/W2964207259,https://openalex.org/A5042463693,Joshua Chin
https://openalex.org/W2964207259,https://openalex.org/A5008656115,Catherine Havasi
https://openalex.org/W4200329746,https://openalex.org/A5070504151,Aidan Hogan
https://openalex.org/W4200329746,https://openalex.org/A5074737251,Eva Blomqvist
https://openalex.org/W4200329746,https://openalex.org/A5041317183,Michael Cochez
https://openalex.org/W4200329746,https://openalex.org/A5008611990,Claudia d’Amato
https://openalex.org/W4200329746,https://openalex.org/A5085818578,Gerard de Melo
https://openalex.org/W4200329746,https://openalex.org/A5041698136,Claudio Gutiérrez
https://openalex.org/W4200329746,https://openalex.org/A5084740363,Sabrina Kirrane
https://openalex.org/W4200329746,https://openalex.org/A5110923751,José Emilio Labra Gayo
https://openalex.org/W4200329746,https://openalex.org/A5026648049,Roberto Navigli
https://openalex.org/W4200329746,https://openalex.org/A5081979968,Sebastian Neumaier
https://openalex.org/W4200329746,https://openalex.org/A5038745720,Axel-Cyrille Ngonga Ngomo
https://openalex.org/W4200329746,https://openalex.org/A5108136799,Axel Polleres
https://openalex.org/W4200329746,https://openalex.org/A5072382690,Sabbir M. Rashid
https://openalex.org/W4200329746,https://openalex.org/A5009175421,Anisa Rula
https://openalex.org/W4200329746,https://openalex.org/A5074699134,Lukas Schmelzeisen
https://openalex.org/W4200329746,https://openalex.org/A5014287041,Juan Sequeda
https://openalex.org/W4200329746,https://openalex.org/A5062807811,Steffen Staab
https://openalex.org/W4200329746,https://openalex.org/A5044171839,Antoine Zimmermann
https://openalex.org/W4229024390,https://openalex.org/A5100641664,Xiang Chen
https://openalex.org/W4229024390,https://openalex.org/A5089259739,Ningyu Zhang
https://openalex.org/W4229024390,https://openalex.org/A5092346117,Lei Li
https://openalex.org/W4229024390,https://openalex.org/A5100930897,Shumin Deng
https://openalex.org/W4229024390,https://openalex.org/A5065907658,Chuanqi Tan
https://openalex.org/W4229024390,https://openalex.org/A5028104073,Changliang Xu
https://openalex.org/W4229024390,https://openalex.org/A5101488344,Fei Huang
https://openalex.org/W4229024390,https://openalex.org/A5101718341,Luo Si
https://openalex.org/W4229024390,https://openalex.org/A5102018239,Huajun Chen
https://openalex.org/W4226142803,https://openalex.org/A5103325702,Liang Wang
https://openalex.org/W4226142803,https://openalex.org/A5009363967,Wei Zhao
https://openalex.org/W4226142803,https://openalex.org/A5014548132,Zhuoyu Wei
https://openalex.org/W4226142803,https://openalex.org/A5050004923,Jingming Liu
https://openalex.org/W2766317792,https://openalex.org/A5101829990,Sen Hu
https://openalex.org/W2766317792,https://openalex.org/A5033785339,Lei Zou
https://openalex.org/W2766317792,https://openalex.org/A5075642293,Jeffrey Xu Yu
https://openalex.org/W2766317792,https://openalex.org/A5063351917,Haixun Wang
https://openalex.org/W2766317792,https://openalex.org/A5037132097,Dongyan Zhao
https://openalex.org/W2996899616,https://openalex.org/A5100422985,Zhao Zhang
https://openalex.org/W2996899616,https://openalex.org/A5041921496,Fuzhen Zhuang
https://openalex.org/W2996899616,https://openalex.org/A5049015446,Hengshu Zhu
https://openalex.org/W2996899616,https://openalex.org/A5072412248,Zhiping Shi
https://openalex.org/W2996899616,https://openalex.org/A5101862104,Hui Yun Xiong
https://openalex.org/W2996899616,https://openalex.org/A5100734672,Qing He
https://openalex.org/W2804057010,https://openalex.org/A5071504043,Keyulu Xu
https://openalex.org/W2804057010,https://openalex.org/A5101703620,Chengtao Li
https://openalex.org/W2804057010,https://openalex.org/A5085958820,Yonglong Tian
https://openalex.org/W2804057010,https://openalex.org/A5090768643,Tomohiro Sonobe
https://openalex.org/W2804057010,https://openalex.org/A5008961593,Ken‐ichi Kawarabayashi
https://openalex.org/W2804057010,https://openalex.org/A5085699861,Stefanie Jegelka
https://openalex.org/W3196974186,https://openalex.org/A5065920425,Jethro Akroyd
https://openalex.org/W3196974186,https://openalex.org/A5057821475,Sebastian Mosbach
https://openalex.org/W3196974186,https://openalex.org/A5059929348,Amit Bhave
https://openalex.org/W3196974186,https://openalex.org/A5062571604,Markus Kraft
https://openalex.org/W2982378168,https://openalex.org/A5002426346,Freddy Lécué
https://openalex.org/W3196669501,https://openalex.org/A5103535545,Haohai Sun
https://openalex.org/W3196669501,https://openalex.org/A5007113639,Jialun Zhong
https://openalex.org/W3196669501,https://openalex.org/A5066743613,Yunpu Ma
https://openalex.org/W3196669501,https://openalex.org/A5027802291,Zhen Han
https://openalex.org/W3196669501,https://openalex.org/A5033526822,Kun He
https://openalex.org/W2571811098,https://openalex.org/A5028644784,Zhigang Wang
https://openalex.org/W2571811098,https://openalex.org/A5003324011,Juanzi Li
https://openalex.org/W3007807538,https://openalex.org/A5051014805,Sameh K. Mohamed
https://openalex.org/W3007807538,https://openalex.org/A5024618046,Aayah Nounu
https://openalex.org/W3007807538,https://openalex.org/A5102905135,Vít Nováček
https://openalex.org/W4286375281,https://openalex.org/A5023756374,Yitong Ren
https://openalex.org/W4286375281,https://openalex.org/A5078883262,Yanjun Xiao
https://openalex.org/W4286375281,https://openalex.org/A5056097781,Yinghai Zhou
https://openalex.org/W4286375281,https://openalex.org/A5100352621,Zhiyong Zhang
https://openalex.org/W4286375281,https://openalex.org/A5056608045,Zhihong Tian
https://openalex.org/W3080122044,https://openalex.org/A5063459528,Kun Zhou
https://openalex.org/W3080122044,https://openalex.org/A5037145565,Wayne Xin Zhao
https://openalex.org/W3080122044,https://openalex.org/A5035429903,Shuqing Bian
https://openalex.org/W3080122044,https://openalex.org/A5101697411,Yuanhang Zhou
https://openalex.org/W3080122044,https://openalex.org/A5025631695,Ji-Rong Wen
https://openalex.org/W3080122044,https://openalex.org/A5101060265,Jingsong Yu
https://openalex.org/W2963503534,https://openalex.org/A5101424783,Baoxu Shi
https://openalex.org/W2963503534,https://openalex.org/A5084597959,Tim Weninger
https://openalex.org/W2963359213,https://openalex.org/A5112036093,Shu Guo
https://openalex.org/W2963359213,https://openalex.org/A5100418245,Quan Wang
https://openalex.org/W2963359213,https://openalex.org/A5100443578,Lihong Wang
https://openalex.org/W2963359213,https://openalex.org/A5108156794,Bin Wang
https://openalex.org/W2963359213,https://openalex.org/A5100675165,Li Guo
https://openalex.org/W2918428907,https://openalex.org/A5074197492,Mayank Kejriwal
https://openalex.org/W3217681006,https://openalex.org/A5091294648,Qing Ye
https://openalex.org/W3217681006,https://openalex.org/A5008663435,Chang‐Yu Hsieh
https://openalex.org/W3217681006,https://openalex.org/A5085127108,Ziyi Yang
https://openalex.org/W3217681006,https://openalex.org/A5100624617,Yu Kang
https://openalex.org/W3217681006,https://openalex.org/A5100726041,Jiming Chen
https://openalex.org/W3217681006,https://openalex.org/A5083809384,Dongsheng Cao
https://openalex.org/W3217681006,https://openalex.org/A5068195118,Shibo He
https://openalex.org/W3217681006,https://openalex.org/A5028525523,Tingjun Hou
https://openalex.org/W3036067204,https://openalex.org/A5112739208,Weili Fang
https://openalex.org/W3036067204,https://openalex.org/A5041397263,Ling Ma
https://openalex.org/W3036067204,https://openalex.org/A5017469207,Peter E.D. Love
https://openalex.org/W3036067204,https://openalex.org/A5101633471,Hanbin Luo
https://openalex.org/W3036067204,https://openalex.org/A5100752789,Lieyun Ding
https://openalex.org/W3036067204,https://openalex.org/A5112838169,Ao Zhou
https://openalex.org/W2510906045,https://openalex.org/A5052025794,Rose Catherine
https://openalex.org/W2510906045,https://openalex.org/A5051617344,William W. Cohen
https://openalex.org/W4291012579,https://openalex.org/A5101673982,Tong Shen
https://openalex.org/W4291012579,https://openalex.org/A5074356086,Fu Zhang
https://openalex.org/W4291012579,https://openalex.org/A5052002380,Jingwei Cheng
https://openalex.org/W2963175158,https://openalex.org/A5082423584,Zhouxia Wang
https://openalex.org/W2963175158,https://openalex.org/A5052027147,Tianshui Chen
https://openalex.org/W2963175158,https://openalex.org/A5020276561,Jimmy Ren
https://openalex.org/W2963175158,https://openalex.org/A5044840682,Weihao Yu
https://openalex.org/W2963175158,https://openalex.org/A5101409148,Hui Cheng
https://openalex.org/W2963175158,https://openalex.org/A5100412937,Liang Lin
https://openalex.org/W2532651260,https://openalex.org/A5054710041,Sergio Oramas
https://openalex.org/W2532651260,https://openalex.org/A5027579686,Vito Claudio Ostuni
https://openalex.org/W2532651260,https://openalex.org/A5034668928,Tommaso Di Noia
https://openalex.org/W2532651260,https://openalex.org/A5006479715,Xavier Serra
https://openalex.org/W2532651260,https://openalex.org/A5051474976,Eugenio Di Sciascio
https://openalex.org/W4392384521,https://openalex.org/A5039641800,Yangqin Jiang
https://openalex.org/W4392384521,https://openalex.org/A5024168844,Yuhao Yang
https://openalex.org/W4392384521,https://openalex.org/A5019844880,Lianghao Xia
https://openalex.org/W4392384521,https://openalex.org/A5091518548,Chao Huang
https://openalex.org/W1983551905,https://openalex.org/A5023093422,Michael D. Iannacone
https://openalex.org/W1983551905,https://openalex.org/A5110192503,Shawn J. Bohn
https://openalex.org/W1983551905,https://openalex.org/A5072962719,Grant C. Nakamura
https://openalex.org/W1983551905,https://openalex.org/A5039378866,John A. Gerth
https://openalex.org/W1983551905,https://openalex.org/A5034986549,Kelly M. T. Huffer
https://openalex.org/W1983551905,https://openalex.org/A5012446017,Robert A. Bridges
https://openalex.org/W1983551905,https://openalex.org/A5053959087,Erik M. Ferragut
https://openalex.org/W1983551905,https://openalex.org/A5003251468,John R. Goodall
https://openalex.org/W3003507729,https://openalex.org/A5074799043,Ying Shen
https://openalex.org/W3003507729,https://openalex.org/A5100660086,Ning Ding
https://openalex.org/W3003507729,https://openalex.org/A5022672030,Hai-Tao Zheng
https://openalex.org/W3003507729,https://openalex.org/A5046576694,Yaliang Li
https://openalex.org/W3003507729,https://openalex.org/A5054067088,Min Yang
https://openalex.org/W3159316741,https://openalex.org/A5071393418,Xiaogang Ma
https://openalex.org/W2962869320,https://openalex.org/A5100448121,Wen Zhang
https://openalex.org/W2962869320,https://openalex.org/A5062125301,Bibek Paudel
https://openalex.org/W2962869320,https://openalex.org/A5115602506,Liang Wang
https://openalex.org/W2962869320,https://openalex.org/A5085691361,Jiaoyan Chen
https://openalex.org/W2962869320,https://openalex.org/A5050711042,Hai Jiang Zhu
https://openalex.org/W2962869320,https://openalex.org/A5073592405,Abraham Bernstein
https://openalex.org/W2962869320,https://openalex.org/A5102018239,Huajun Chen
https://openalex.org/W3035863525,https://openalex.org/A5114024349,Jinjiao Lin
https://openalex.org/W3035863525,https://openalex.org/A5103956823,Yanze Zhao
https://openalex.org/W3035863525,https://openalex.org/A5089591032,Weiyuan Huang
https://openalex.org/W3035863525,https://openalex.org/A5016455326,Chunfang Liu
https://openalex.org/W3035863525,https://openalex.org/A5101943008,Haitao Pu
https://openalex.org/W2562531153,https://openalex.org/A5073587968,Mona Alshahrani
https://openalex.org/W2562531153,https://openalex.org/A5067347682,Omar Maddouri
https://openalex.org/W2562531153,https://openalex.org/A5080613861,Akira R. Kinjo
https://openalex.org/W2562531153,https://openalex.org/A5080481806,Núria Queralt-Rosiñach
https://openalex.org/W2562531153,https://openalex.org/A5043808311,Robert Hoehndorf
https://openalex.org/W3111529655,https://openalex.org/A5074905654,Georg Buchgeher
https://openalex.org/W3111529655,https://openalex.org/A5079473216,David Gabauer
https://openalex.org/W3111529655,https://openalex.org/A5024343171,Jorge Martínez-Gil
https://openalex.org/W3111529655,https://openalex.org/A5072107825,Lisa Ehrlinger
https://openalex.org/W2951515642,https://openalex.org/A5084271903,Trapit Bansal
https://openalex.org/W2951515642,https://openalex.org/A5005730523,Da-Cheng Juan
https://openalex.org/W2951515642,https://openalex.org/A5104067009,Sujith Ravi
https://openalex.org/W2951515642,https://openalex.org/A5107835063,Andrew McCallum
https://openalex.org/W2919278763,https://openalex.org/A5089259739,Ningyu Zhang
https://openalex.org/W2919278763,https://openalex.org/A5060484186,Shumin Deng
https://openalex.org/W2919278763,https://openalex.org/A5030767284,Zhanlin Sun
https://openalex.org/W2919278763,https://openalex.org/A5051526091,Guanying Wang
https://openalex.org/W2919278763,https://openalex.org/A5100329931,Xi Chen
https://openalex.org/W2919278763,https://openalex.org/A5102018239,Huajun Chen
https://openalex.org/W2886684409,https://openalex.org/A5067423247,Dai Quoc Nguyen
https://openalex.org/W2886684409,https://openalex.org/A5102711710,Thanh Vu
https://openalex.org/W2886684409,https://openalex.org/A5103252932,Tu Dinh Nguyen
https://openalex.org/W2886684409,https://openalex.org/A5063933953,Dat Quoc Nguyen
https://openalex.org/W2886684409,https://openalex.org/A5036447132,Dinh Phung
https://openalex.org/W2339329611,https://openalex.org/A5101424783,Baoxu Shi
https://openalex.org/W2339329611,https://openalex.org/A5084597959,Tim Weninger
https://openalex.org/W4382239895,https://openalex.org/A5100419183,Yi Xu
https://openalex.org/W4382239895,https://openalex.org/A5102528377,Junjie Ou
https://openalex.org/W4382239895,https://openalex.org/A5100625645,Hui Xu
https://openalex.org/W4382239895,https://openalex.org/A5048486573,Luoyi Fu
https://openalex.org/W3038934320,https://openalex.org/A5020980410,Zhaoli Zhang
https://openalex.org/W3038934320,https://openalex.org/A5100782897,Zhifei Li
https://openalex.org/W3038934320,https://openalex.org/A5101820022,Hai Liu
https://openalex.org/W3038934320,https://openalex.org/A5103216531,Naixue N. Xiong
https://openalex.org/W2931198394,https://openalex.org/A5033228519,Rik Koncel-Kedziorski
https://openalex.org/W2931198394,https://openalex.org/A5020261049,Dhanush Bekal
https://openalex.org/W2931198394,https://openalex.org/A5074697516,Yi Luan
https://openalex.org/W2931198394,https://openalex.org/A5041024491,Mirella Lapata
https://openalex.org/W2931198394,https://openalex.org/A5082305994,Hannaneh Hajishirzi
https://openalex.org/W4386126398,https://openalex.org/A5025242363,Youzi Xiao
https://openalex.org/W4386126398,https://openalex.org/A5064111203,Shuai Zheng
https://openalex.org/W4386126398,https://openalex.org/A5006636279,Jiancheng Shi
https://openalex.org/W4386126398,https://openalex.org/A5060751237,Xiaodong Du
https://openalex.org/W4386126398,https://openalex.org/A5027754907,Jun Hong
https://openalex.org/W2900531459,https://openalex.org/A5087180810,Niannian Guan
https://openalex.org/W2900531459,https://openalex.org/A5039153635,Dandan Song
https://openalex.org/W2900531459,https://openalex.org/A5044196762,Lejian Liao
https://openalex.org/W2037087310,https://openalex.org/A5079029612,Roel Popping
https://openalex.org/W4393152682,https://openalex.org/A5100445079,Yu Wang
https://openalex.org/W4393152682,https://openalex.org/A5016933602,Nedim Lipka
https://openalex.org/W4393152682,https://openalex.org/A5009957887,Ryan A. Rossi
https://openalex.org/W4393152682,https://openalex.org/A5026711201,Alexa Fay Siu
https://openalex.org/W4393152682,https://openalex.org/A5101424484,Ruiyi Zhang
https://openalex.org/W4393152682,https://openalex.org/A5036086705,Tyler Derr
https://openalex.org/W2963149704,https://openalex.org/A5010401425,Xuelu Chen
https://openalex.org/W2963149704,https://openalex.org/A5102861481,Muhao Chen
https://openalex.org/W2963149704,https://openalex.org/A5038130093,Weijia Shi
https://openalex.org/W2963149704,https://openalex.org/A5025213473,Yizhou Sun
https://openalex.org/W2963149704,https://openalex.org/A5113467760,Carlo Zaniolo
https://openalex.org/W2797309124,https://openalex.org/A5083931403,Simon Gottschalk
https://openalex.org/W2797309124,https://openalex.org/A5087621364,Elena Demidova
https://openalex.org/W2964263523,https://openalex.org/A5102861481,Muhao Chen
https://openalex.org/W2964263523,https://openalex.org/A5040295235,Yingtao Tian
https://openalex.org/W2964263523,https://openalex.org/A5087096372,Kai-Wei Chang
https://openalex.org/W2964263523,https://openalex.org/A5060741187,Steven Skiena
https://openalex.org/W2964263523,https://openalex.org/A5113467760,Carlo Zaniolo
https://openalex.org/W4285172793,https://openalex.org/A5069166661,Apoorv Saxena
https://openalex.org/W4285172793,https://openalex.org/A5083726846,Adrian Kochsiek
https://openalex.org/W4285172793,https://openalex.org/A5041227178,Rainer Gemulla
https://openalex.org/W2890930935,https://openalex.org/A5066422711,Jeff Z. Pan
https://openalex.org/W2890930935,https://openalex.org/A5037307584,Siyana Pavlova
https://openalex.org/W2890930935,https://openalex.org/A5100441355,Chenxi Li
https://openalex.org/W2890930935,https://openalex.org/A5043096332,Ningxi Li
https://openalex.org/W2890930935,https://openalex.org/A5028735888,LI Yang-mei
https://openalex.org/W2890930935,https://openalex.org/A5101598712,Jinshuo Liu
https://openalex.org/W2606363764,https://openalex.org/A5103122923,Tong Yu
https://openalex.org/W2606363764,https://openalex.org/A5100600760,Jinghua Li
https://openalex.org/W2606363764,https://openalex.org/A5081837918,Qi Huang Yu
https://openalex.org/W2606363764,https://openalex.org/A5101617780,Ye Tian
https://openalex.org/W2606363764,https://openalex.org/A5022242257,Xiaofeng Shun
https://openalex.org/W2606363764,https://openalex.org/A5007973371,Lili Xu
https://openalex.org/W2606363764,https://openalex.org/A5073159927,Ling Zhu
https://openalex.org/W2606363764,https://openalex.org/A5035916847,Hongjie Gao
https://openalex.org/W3080107865,https://openalex.org/A5051227924,Zenglin Xu
https://openalex.org/W3080107865,https://openalex.org/A5039751947,Yongpan Sheng
https://openalex.org/W3080107865,https://openalex.org/A5045856959,HE Li-rong
https://openalex.org/W3080107865,https://openalex.org/A5100659331,Yafang Wang
https://openalex.org/W4281609631,https://openalex.org/A5019111542,Ling Tian
https://openalex.org/W4281609631,https://openalex.org/A5100741728,Zhou Xue
https://openalex.org/W4281609631,https://openalex.org/A5068832669,Yanping Wu
https://openalex.org/W4281609631,https://openalex.org/A5064465061,Wang-Tao Zhou
https://openalex.org/W4281609631,https://openalex.org/A5073912741,Jinhao Zhang
https://openalex.org/W4281609631,https://openalex.org/A5100707907,Tianshu Zhang
https://openalex.org/W3011511325,https://openalex.org/A5048705669,Andra Waagmeester
https://openalex.org/W3011511325,https://openalex.org/A5034443062,Gregory S. Stupp
https://openalex.org/W3011511325,https://openalex.org/A5062707797,Sebastian Burgstaller-Muehlbacher
https://openalex.org/W3011511325,https://openalex.org/A5087499135,Benjamin M. Good
https://openalex.org/W3011511325,https://openalex.org/A5035700326,Malachi Griffith
https://openalex.org/W3011511325,https://openalex.org/A5001076376,Obi L. Griffith
https://openalex.org/W3011511325,https://openalex.org/A5063972221,Kristina Hanspers
https://openalex.org/W3011511325,https://openalex.org/A5066783652,Henning Hermjakob
https://openalex.org/W3011511325,https://openalex.org/A5054424648,Toby Hudson
https://openalex.org/W3011511325,https://openalex.org/A5041716321,Kevin Hybiske
https://openalex.org/W3011511325,https://openalex.org/A5049649026,Sarah Keating
https://openalex.org/W3011511325,https://openalex.org/A5079178899,Magnus Manske
https://openalex.org/W3011511325,https://openalex.org/A5030265214,Michael D. Mayers
https://openalex.org/W3011511325,https://openalex.org/A5050528093,Daniel Mietchen
https://openalex.org/W3011511325,https://openalex.org/A5020484099,Elvira Mitraka
https://openalex.org/W3011511325,https://openalex.org/A5070456387,Alexander R. Pico
https://openalex.org/W3011511325,https://openalex.org/A5032671904,Tim Putman
https://openalex.org/W3011511325,https://openalex.org/A5064769212,Anders Riutta
https://openalex.org/W3011511325,https://openalex.org/A5080481806,Núria Queralt-Rosiñach
https://openalex.org/W3011511325,https://openalex.org/A5089183537,Lynn M. Schriml
https://openalex.org/W3011511325,https://openalex.org/A5081266713,Thomas M. A. Shafee
https://openalex.org/W3011511325,https://openalex.org/A5071903823,Denise Slenter
https://openalex.org/W3011511325,https://openalex.org/A5102963153,Ralf Stephan
https://openalex.org/W3011511325,https://openalex.org/A5001612666,Katherine Thornton
https://openalex.org/W3011511325,https://openalex.org/A5086158264,Ginger Tsueng
https://openalex.org/W3011511325,https://openalex.org/A5012527135,Roger Tu
https://openalex.org/W3011511325,https://openalex.org/A5003179870,Sabah Ul-Hasan
https://openalex.org/W3011511325,https://openalex.org/A5060194743,Egon Willighagen
https://openalex.org/W3011511325,https://openalex.org/A5018169284,Chunlei Wu
https://openalex.org/W3011511325,https://openalex.org/A5045408201,Andrew I. Su
https://openalex.org/W4367367976,https://openalex.org/A5022617601,Leslie F. Sikos
https://openalex.org/W2980563481,https://openalex.org/A5067977613,Steven Haussmann
https://openalex.org/W2980563481,https://openalex.org/A5038466673,Oshani Seneviratne
https://openalex.org/W2980563481,https://openalex.org/A5100402095,Yu Chen
https://openalex.org/W2980563481,https://openalex.org/A5070396273,Yarden Ne'eman
https://openalex.org/W2980563481,https://openalex.org/A5003339852,James Codella
https://openalex.org/W2980563481,https://openalex.org/A5071645683,Ching-Hua Chen
https://openalex.org/W2980563481,https://openalex.org/A5043699777,Deborah L. McGuinness
https://openalex.org/W2980563481,https://openalex.org/A5019559411,Mohammed Javeed Zaki
https://openalex.org/W2807480793,https://openalex.org/A5068708837,Hatem Mousselly-Sergieh
https://openalex.org/W2807480793,https://openalex.org/A5019938208,Teresa Botschen
https://openalex.org/W2807480793,https://openalex.org/A5027450194,Iryna Gurevych
https://openalex.org/W2807480793,https://openalex.org/A5056098625,Stefan Roth
https://openalex.org/W4391426565,https://openalex.org/A5043250129,Bilal Abu-Salih
https://openalex.org/W4391426565,https://openalex.org/A5000802175,Salihah Alotaibi
https://openalex.org/W2966055354,https://openalex.org/A5102809114,Qiannan Zhu
https://openalex.org/W2966055354,https://openalex.org/A5103179009,Xiaofei Zhou
https://openalex.org/W2966055354,https://openalex.org/A5007475662,Jia Xin Wu
https://openalex.org/W2966055354,https://openalex.org/A5100533815,Jianlong Tan
https://openalex.org/W2966055354,https://openalex.org/A5101506104,Li Guo
https://openalex.org/W2788798739,https://openalex.org/A5100668503,Xu Han
https://openalex.org/W2788798739,https://openalex.org/A5100320723,Zhiyuan Liu
https://openalex.org/W2788798739,https://openalex.org/A5046448314,Maosong Sun
https://openalex.org/W2740569051,https://openalex.org/A5055103025,Yuan Fang
https://openalex.org/W2740569051,https://openalex.org/A5058206891,Kingsley Kuan
https://openalex.org/W2740569051,https://openalex.org/A5030005076,Jie Lin
https://openalex.org/W2740569051,https://openalex.org/A5073326796,Cheston Tan
https://openalex.org/W2740569051,https://openalex.org/A5103502228,Vijay Chandrasekhar
https://openalex.org/W2904378456,https://openalex.org/A5014526931,Junyu Gao
https://openalex.org/W2904378456,https://openalex.org/A5100648981,Tianzhu Zhang
https://openalex.org/W2904378456,https://openalex.org/A5022636178,Changsheng Xu
https://openalex.org/W4211060471,https://openalex.org/A5057877114,Bingcong Xue
https://openalex.org/W4211060471,https://openalex.org/A5033785339,Lei Zou
https://openalex.org/W2951048068,https://openalex.org/A5043366259,Robert A Logan
https://openalex.org/W2951048068,https://openalex.org/A5031981513,Nelson F. Liu
https://openalex.org/W2951048068,https://openalex.org/A5101509445,Matthew E. Peters
https://openalex.org/W2951048068,https://openalex.org/A5035088083,Matt Gardner
https://openalex.org/W2951048068,https://openalex.org/A5005779128,Sameer Kumar Singh
https://openalex.org/W3156850293,https://openalex.org/A5102840184,Kaisheng Zeng
https://openalex.org/W3156850293,https://openalex.org/A5037571401,Chengjiang Li
https://openalex.org/W3156850293,https://openalex.org/A5060498828,Lei Hou
https://openalex.org/W3156850293,https://openalex.org/A5003324011,Juanzi Li
https://openalex.org/W3156850293,https://openalex.org/A5101756436,Ling Feng
https://openalex.org/W3167537240,https://openalex.org/A5090996360,John G. Breslin
https://openalex.org/W3167537240,https://openalex.org/A5076597206,Muhammad Intizar Ali
https://openalex.org/W2250376704,https://openalex.org/A5112036093,Shu Guo
https://openalex.org/W2250376704,https://openalex.org/A5100418245,Quan Wang
https://openalex.org/W2250376704,https://openalex.org/A5100372368,Bin Wang
https://openalex.org/W2250376704,https://openalex.org/A5100443578,Lihong Wang
https://openalex.org/W2250376704,https://openalex.org/A5100675165,Li Guo
https://openalex.org/W4224317449,https://openalex.org/A5102989996,Yongqi Zhang
https://openalex.org/W4224317449,https://openalex.org/A5072484211,Quanming Yao
https://openalex.org/W4391473819,https://openalex.org/A5015422529,Jiahang Cao
https://openalex.org/W4391473819,https://openalex.org/A5083649914,Jinyuan Fang
https://openalex.org/W4391473819,https://openalex.org/A5073342482,Zaiqiao Meng
https://openalex.org/W4391473819,https://openalex.org/A5060335069,Shangsong Liang
https://openalex.org/W3176750236,https://openalex.org/A5100346550,Liu Ye
https://openalex.org/W3176750236,https://openalex.org/A5101555948,Yao Wan
https://openalex.org/W3176750236,https://openalex.org/A5071709543,Lifang He
https://openalex.org/W3176750236,https://openalex.org/A5100740618,Hao Ming Peng
https://openalex.org/W3176750236,https://openalex.org/A5036357902,Philip S. Yu
https://openalex.org/W2963571857,https://openalex.org/A5029762051,Peifeng Wang
https://openalex.org/W2963571857,https://openalex.org/A5061279074,Jialong Han
https://openalex.org/W2963571857,https://openalex.org/A5100734069,Chenliang Li
https://openalex.org/W2963571857,https://openalex.org/A5075012459,Rong Pan
https://openalex.org/W2979129662,https://openalex.org/A5056285519,Zikang Wang
https://openalex.org/W2979129662,https://openalex.org/A5004618782,Linjing Li
https://openalex.org/W2979129662,https://openalex.org/A5024206808,Qiudan Li
https://openalex.org/W2979129662,https://openalex.org/A5038521974,Daniel Dajun Zeng
https://openalex.org/W4288758477,https://openalex.org/A5074240680,Xin Shao
https://openalex.org/W4288758477,https://openalex.org/A5100385491,Chengyu Li
https://openalex.org/W4288758477,https://openalex.org/A5113093546,Haihong Yang
https://openalex.org/W4288758477,https://openalex.org/A5101472494,Xiaoyan Lu
https://openalex.org/W4288758477,https://openalex.org/A5018860020,Jie Liao
https://openalex.org/W4288758477,https://openalex.org/A5038302604,Jingyang Qian
https://openalex.org/W4288758477,https://openalex.org/A5100437128,Kai Wang
https://openalex.org/W4288758477,https://openalex.org/A5035251881,Junyun Cheng
https://openalex.org/W4288758477,https://openalex.org/A5102855974,Penghui Yang
https://openalex.org/W4288758477,https://openalex.org/A5102018239,Huajun Chen
https://openalex.org/W4288758477,https://openalex.org/A5009926141,Xiao Xu
https://openalex.org/W4288758477,https://openalex.org/A5060364374,Xiaohui Fan
https://openalex.org/W2971167006,https://openalex.org/A5100450652,Mingyang Chen
https://openalex.org/W2971167006,https://openalex.org/A5100448121,Wen Zhang
https://openalex.org/W2971167006,https://openalex.org/A5041208931,Wei Zhang
https://openalex.org/W2971167006,https://openalex.org/A5100435675,Qiang Chen
https://openalex.org/W2971167006,https://openalex.org/A5102018239,Huajun Chen
https://openalex.org/W2963911286,https://openalex.org/A5100357128,Hongwei Wang
https://openalex.org/W2963911286,https://openalex.org/A5101586840,Fuzheng Zhang
https://openalex.org/W2963911286,https://openalex.org/A5100717443,Mengdi Zhang
https://openalex.org/W2963911286,https://openalex.org/A5091272738,Jure Leskovec
https://openalex.org/W2963911286,https://openalex.org/A5074355807,Miao Zhao
https://openalex.org/W2963911286,https://openalex.org/A5100408983,Wenjie Li
https://openalex.org/W2963911286,https://openalex.org/A5100741750,Zhongyuan Wang
https://openalex.org/W2945688618,https://openalex.org/A5010550946,Guohui Xiao
https://openalex.org/W2945688618,https://openalex.org/A5088064498,Linfang Ding
https://openalex.org/W2945688618,https://openalex.org/A5084080786,Benjamin Cogrel
https://openalex.org/W2945688618,https://openalex.org/A5077723508,Diego Calvanese
https://openalex.org/W2572289264,https://openalex.org/A5013785156,Junwei Bao
https://openalex.org/W2572289264,https://openalex.org/A5042018181,Nan Duan
https://openalex.org/W2572289264,https://openalex.org/A5100748465,Zhao Yan
https://openalex.org/W2572289264,https://openalex.org/A5100701572,Ming Zhou
https://openalex.org/W2572289264,https://openalex.org/A5038560914,Tiejun Zhao
https://openalex.org/W4297183943,https://openalex.org/A5021157841,Enayat Rajabi
https://openalex.org/W4297183943,https://openalex.org/A5029551608,Kobra Etminani
https://openalex.org/W3174306305,https://openalex.org/A5063307425,Linmei Hu
https://openalex.org/W3174306305,https://openalex.org/A5058154698,Tianchi Yang
https://openalex.org/W3174306305,https://openalex.org/A5067760078,Luhao Zhang
https://openalex.org/W3174306305,https://openalex.org/A5019101763,Wanjun Zhong
https://openalex.org/W3174306305,https://openalex.org/A5110628758,Duyu Tang
https://openalex.org/W3174306305,https://openalex.org/A5100705849,Chuan Shi
https://openalex.org/W3174306305,https://openalex.org/A5042018181,Nan Duan
https://openalex.org/W3174306305,https://openalex.org/A5100701572,Ming Zhou
https://openalex.org/W2807873315,https://openalex.org/A5022574607,Hao Zhou
https://openalex.org/W2807873315,https://openalex.org/A5038994448,Tom Young
https://openalex.org/W2807873315,https://openalex.org/A5044042138,Minlie Huang
https://openalex.org/W2807873315,https://openalex.org/A5068023300,Haizhou Zhao
https://openalex.org/W2807873315,https://openalex.org/A5102861619,Jingfang Xu
https://openalex.org/W2807873315,https://openalex.org/A5100452974,Xiaoyan Zhu
https://openalex.org/W3034374701,https://openalex.org/A5020049212,Zhiqing Sun
https://openalex.org/W3034374701,https://openalex.org/A5001421193,Shikhar Vashishth
https://openalex.org/W3034374701,https://openalex.org/A5102487773,Soumya Sanyal
https://openalex.org/W3034374701,https://openalex.org/A5033696194,Partha Talukdar
https://openalex.org/W3034374701,https://openalex.org/A5041434096,Yiming Yang
https://openalex.org/W2963217826,https://openalex.org/A5100775952,He He
https://openalex.org/W2963217826,https://openalex.org/A5030141940,Anusha Balakrishnan
https://openalex.org/W2963217826,https://openalex.org/A5109275608,Mihail Eric
https://openalex.org/W2963217826,https://openalex.org/A5025255782,Percy Liang
https://openalex.org/W4226350104,https://openalex.org/A5100670240,Yushan Liu
https://openalex.org/W4226350104,https://openalex.org/A5066743613,Yunpu Ma
https://openalex.org/W4226350104,https://openalex.org/A5006443017,Marcel E. Hildebrandt
https://openalex.org/W4226350104,https://openalex.org/A5065653342,Mitchell Joblin
https://openalex.org/W4226350104,https://openalex.org/A5074808403,Volker Tresp
https://openalex.org/W4225123286,https://openalex.org/A5040325647,Gytė Tamašauskaitė
https://openalex.org/W4225123286,https://openalex.org/A5034924491,Paul Thomas Groth
https://openalex.org/W3116099552,https://openalex.org/A5075817762,Shuangjia Zheng
https://openalex.org/W3116099552,https://openalex.org/A5015329746,Jiahua Rao
https://openalex.org/W3116099552,https://openalex.org/A5034582116,Song Ying
https://openalex.org/W3116099552,https://openalex.org/A5023108523,Jixian Zhang
https://openalex.org/W3116099552,https://openalex.org/A5088846231,Xianglu Xiao
https://openalex.org/W3116099552,https://openalex.org/A5048788845,Evandro Fei Fang
https://openalex.org/W3116099552,https://openalex.org/A5023539493,Yuedong Yang
https://openalex.org/W3116099552,https://openalex.org/A5023829396,Zhangming Niu
https://openalex.org/W2520469311,https://openalex.org/A5087455531,Nandish Jayaram
https://openalex.org/W2520469311,https://openalex.org/A5019024971,Arijit Khan
https://openalex.org/W2520469311,https://openalex.org/A5084878734,Chengkai Li
https://openalex.org/W2520469311,https://openalex.org/A5047709762,Xifeng Yan
https://openalex.org/W2520469311,https://openalex.org/A5110444284,Ramez A. Elmasri
https://openalex.org/W3012590175,https://openalex.org/A5100445028,Hongming Zhang
https://openalex.org/W3012590175,https://openalex.org/A5050353397,Xin Liu
https://openalex.org/W3012590175,https://openalex.org/A5028279831,Haojie Pan
https://openalex.org/W3012590175,https://openalex.org/A5020880385,Yangqiu Song
https://openalex.org/W3012590175,https://openalex.org/A5113847507,Cane Wing-ki Leung
https://openalex.org/W3099845049,https://openalex.org/A5101822188,Jiapeng Wu
https://openalex.org/W3099845049,https://openalex.org/A5041610421,Meng Cao
https://openalex.org/W3099845049,https://openalex.org/A5050801868,Jackie Chi Kit Cheung
https://openalex.org/W3099845049,https://openalex.org/A5004542284,William L. Hamilton
https://openalex.org/W2889276770,https://openalex.org/A5101658368,Weiguo Zheng
https://openalex.org/W2889276770,https://openalex.org/A5075642293,Jeffrey Xu Yu
https://openalex.org/W2889276770,https://openalex.org/A5033785339,Lei Zou
https://openalex.org/W2889276770,https://openalex.org/A5101984697,Hong Cheng
https://openalex.org/W4214833673,https://openalex.org/A5031591954,Fanqi Meng
https://openalex.org/W4214833673,https://openalex.org/A5064674988,Shuaisong Yang
https://openalex.org/W4214833673,https://openalex.org/A5115601058,Jingdong Wang
https://openalex.org/W4214833673,https://openalex.org/A5090259559,Lei Xia
https://openalex.org/W4214833673,https://openalex.org/A5100349066,Han Liu
https://openalex.org/W3156260318,https://openalex.org/A5044980466,Finlay Maclean
https://openalex.org/W4380303532,https://openalex.org/A5009525613,Ke Liang
https://openalex.org/W4380303532,https://openalex.org/A5100320103,Yue Liu
https://openalex.org/W4380303532,https://openalex.org/A5032131582,Sihang Zhou
https://openalex.org/W4380303532,https://openalex.org/A5085607536,Wenxuan Tu
https://openalex.org/W4380303532,https://openalex.org/A5100666914,Yi Wen
https://openalex.org/W4380303532,https://openalex.org/A5103088081,Xihong Yang
https://openalex.org/W4380303532,https://openalex.org/A5100748278,Xiangjun Dong
https://openalex.org/W4380303532,https://openalex.org/A5101727888,Xinwang Liu
https://openalex.org/W3167292670,https://openalex.org/A5100357140,Hongwei Wang
https://openalex.org/W3167292670,https://openalex.org/A5103198578,Hongyu Ren
https://openalex.org/W3167292670,https://openalex.org/A5091272738,Jure Leskovec
https://openalex.org/W4293140814,https://openalex.org/A5060601987,Mohamad Zamini
https://openalex.org/W4293140814,https://openalex.org/A5064528963,Hassan Reza
https://openalex.org/W4293140814,https://openalex.org/A5000428018,Minou Rabiei
https://openalex.org/W3157651462,https://openalex.org/A5101856207,Jing Zhang
https://openalex.org/W3157651462,https://openalex.org/A5101784459,Bo Chen
https://openalex.org/W3157651462,https://openalex.org/A5057608223,Lingxi Zhang
https://openalex.org/W3157651462,https://openalex.org/A5081969658,Xirui Ke
https://openalex.org/W3157651462,https://openalex.org/A5078998839,Haipeng Ding
https://openalex.org/W3107010776,https://openalex.org/A5100678170,Jintao Liu
https://openalex.org/W3107010776,https://openalex.org/A5082541901,Félix Schmid
https://openalex.org/W3107010776,https://openalex.org/A5111373625,Keping Li
https://openalex.org/W3107010776,https://openalex.org/A5016946533,Wei Jie Zheng
https://openalex.org/W3009457452,https://openalex.org/A5090215314,Jiawei Long
https://openalex.org/W3009457452,https://openalex.org/A5101705037,Zhaopeng Chen
https://openalex.org/W3009457452,https://openalex.org/A5102201929,Weibing He
https://openalex.org/W3009457452,https://openalex.org/A5075286001,Taiyu Wu
https://openalex.org/W3009457452,https://openalex.org/A5071759737,Jiangtao Ren
https://openalex.org/W4385768178,https://openalex.org/A5054720605,Borui Cai
https://openalex.org/W4385768178,https://openalex.org/A5120390824,Yong Xiang
https://openalex.org/W4385768178,https://openalex.org/A5012293028,Longxiang Gao
https://openalex.org/W4385768178,https://openalex.org/A5115076705,He Zhang
https://openalex.org/W4385768178,https://openalex.org/A5100326021,Yunfeng Li
https://openalex.org/W4385768178,https://openalex.org/A5100380474,Jianxin Li
https://openalex.org/W3164032516,https://openalex.org/A5023919188,Chenghu Zhou
https://openalex.org/W3164032516,https://openalex.org/A5100929165,Hua Wang
https://openalex.org/W3164032516,https://openalex.org/A5001810569,Chengshan Wang
https://openalex.org/W3164032516,https://openalex.org/A5112722669,Zengqian Hou
https://openalex.org/W3164032516,https://openalex.org/A5112478420,Zhiming Zheng
https://openalex.org/W3164032516,https://openalex.org/A5075284964,Shu‐zhong Shen
https://openalex.org/W3164032516,https://openalex.org/A5100630777,Qiuming Cheng
https://openalex.org/W3164032516,https://openalex.org/A5100768674,Zhiqiang Feng
https://openalex.org/W3164032516,https://openalex.org/A5034483183,Xinbing Wang
https://openalex.org/W3164032516,https://openalex.org/A5074195858,Hairong Lv
https://openalex.org/W3164032516,https://openalex.org/A5016367316,Junxuan Fan
https://openalex.org/W3164032516,https://openalex.org/A5038111698,Xiumian Hu
https://openalex.org/W3164032516,https://openalex.org/A5002372684,Mingcai Hou
https://openalex.org/W3164032516,https://openalex.org/A5034281922,Yunqiang Zhu
https://openalex.org/W3089843526,https://openalex.org/A5100397991,Yue Yu
https://openalex.org/W3089843526,https://openalex.org/A5049086940,Kexin Huang
https://openalex.org/W3089843526,https://openalex.org/A5100734332,Chao Zhang
https://openalex.org/W3089843526,https://openalex.org/A5030103228,Lucas M. Glass
https://openalex.org/W3089843526,https://openalex.org/A5084279065,Jimeng Sun
https://openalex.org/W3089843526,https://openalex.org/A5100645991,Cao Xiao
https://openalex.org/W3175405178,https://openalex.org/A5085450626,Ali Sadeghian
https://openalex.org/W3175405178,https://openalex.org/A5053849494,Mohammadreza Armandpour
https://openalex.org/W3175405178,https://openalex.org/A5090488711,Anthony Colas
https://openalex.org/W3175405178,https://openalex.org/A5003464266,Daisy Zhe Wang
https://openalex.org/W2902201493,https://openalex.org/A5066743613,Yunpu Ma
https://openalex.org/W2902201493,https://openalex.org/A5074808403,Volker Tresp
https://openalex.org/W2902201493,https://openalex.org/A5072661169,Erik Daxberger
https://openalex.org/W3015158377,https://openalex.org/A5100623041,Long Hoang Nguyen
https://openalex.org/W3015158377,https://openalex.org/A5074018546,Dang Thinh Vu
https://openalex.org/W3015158377,https://openalex.org/A5084773929,Jason J. Jung
https://openalex.org/W4391407054,https://openalex.org/A5088598615,Linyao Yang
https://openalex.org/W4391407054,https://openalex.org/A5008473103,Hongyang Chen
https://openalex.org/W4391407054,https://openalex.org/A5032277491,Zhao Li
https://openalex.org/W4391407054,https://openalex.org/A5111364945,Xiao Ding
https://openalex.org/W4391407054,https://openalex.org/A5080738591,Xindong Wu
https://openalex.org/W2980525481,https://openalex.org/A5101848528,Zequn Sun
https://openalex.org/W2980525481,https://openalex.org/A5100742563,Jiacheng Huang
https://openalex.org/W2980525481,https://openalex.org/A5100727084,Wei Ping Hu
https://openalex.org/W2980525481,https://openalex.org/A5102861481,Muhao Chen
https://openalex.org/W2980525481,https://openalex.org/A5029128305,Lingbing Guo
https://openalex.org/W2980525481,https://openalex.org/A5089586983,Yuzhong Qu
https://openalex.org/W4393307203,https://openalex.org/A5018900146,Jin-cheng Zhang
https://openalex.org/W4393307203,https://openalex.org/A5086100690,Azlan Mohd Zain
https://openalex.org/W4393307203,https://openalex.org/A5080348548,Kai-Qing Zhou
https://openalex.org/W4393307203,https://openalex.org/A5100329931,Xi Chen
https://openalex.org/W4393307203,https://openalex.org/A5084853351,Renmin Zhang
https://openalex.org/W3003897916,https://openalex.org/A5026432443,Andrea Rossi
https://openalex.org/W3003897916,https://openalex.org/A5063444742,Donatella Firmani
https://openalex.org/W3003897916,https://openalex.org/A5065732264,Antonio Matinata
https://openalex.org/W3003897916,https://openalex.org/A5022736687,Paolo Merialdo
https://openalex.org/W3003897916,https://openalex.org/A5061046432,Denilson Barbosa
https://openalex.org/W3100254008,https://openalex.org/A5018467344,Pengpeng Shao
https://openalex.org/W3100254008,https://openalex.org/A5100379732,Dawei Zhang
https://openalex.org/W3100254008,https://openalex.org/A5101428033,Guohua Yang
https://openalex.org/W3100254008,https://openalex.org/A5112613657,Jianhua Tao
https://openalex.org/W3100254008,https://openalex.org/A5014276343,Feihu Che
https://openalex.org/W3100254008,https://openalex.org/A5100392621,Tong Liu
https://openalex.org/W1934264538,https://openalex.org/A5076669462,Kelvin Guu
https://openalex.org/W1934264538,https://openalex.org/A5028406576,John J. Miller
https://openalex.org/W1934264538,https://openalex.org/A5025255782,Percy Liang
https://openalex.org/W3106445281,https://openalex.org/A5100389037,Xiang Wang
https://openalex.org/W3106445281,https://openalex.org/A5101435157,Yao-Kun Xu
https://openalex.org/W3106445281,https://openalex.org/A5038668215,Xiangnan He
https://openalex.org/W3106445281,https://openalex.org/A5013247988,Yixin Cao
https://openalex.org/W3106445281,https://openalex.org/A5100377147,Meng Wang
https://openalex.org/W3106445281,https://openalex.org/A5089404640,Tat‐Seng Chua
https://openalex.org/W2890216969,https://openalex.org/A5101400717,Xin Lv
https://openalex.org/W2890216969,https://openalex.org/A5060498828,Lei Hou
https://openalex.org/W2890216969,https://openalex.org/A5003324011,Juanzi Li
https://openalex.org/W2890216969,https://openalex.org/A5100320723,Zhiyuan Liu
https://openalex.org/W3034833075,https://openalex.org/A5035134024,Sijin Zhou
https://openalex.org/W3034833075,https://openalex.org/A5012370987,Xinyi Dai
https://openalex.org/W3034833075,https://openalex.org/A5045308982,Haokun Chen
https://openalex.org/W3034833075,https://openalex.org/A5090720315,Weinan Zhang
https://openalex.org/W3034833075,https://openalex.org/A5102807475,Kan Ren
https://openalex.org/W3034833075,https://openalex.org/A5054330014,Ruiming Tang
https://openalex.org/W3034833075,https://openalex.org/A5083350101,Xiuqiang He
https://openalex.org/W3034833075,https://openalex.org/A5001571390,Yong Hai Yu
https://openalex.org/W3211888892,https://openalex.org/A5010057779,Zhenyuan Li
https://openalex.org/W3211888892,https://openalex.org/A5023256521,Jun Zeng
https://openalex.org/W3211888892,https://openalex.org/A5100378166,Yan Chen
https://openalex.org/W3211888892,https://openalex.org/A5084611756,Zhenkai Liang
https://openalex.org/W4291746941,https://openalex.org/A5074197492,Mayank Kejriwal
https://openalex.org/W3087784492,https://openalex.org/A5102805449,Mikhail Galkin
https://openalex.org/W3087784492,https://openalex.org/A5025276555,Priyansh Trivedi
https://openalex.org/W3087784492,https://openalex.org/A5044599885,Gaurav Maheshwari
https://openalex.org/W3087784492,https://openalex.org/A5069462779,Ricardo Usbeck
https://openalex.org/W3087784492,https://openalex.org/A5067133778,Jens Lehmann
https://openalex.org/W2172684358,https://openalex.org/A5005170146,Miao Fan
https://openalex.org/W2172684358,https://openalex.org/A5101929507,Qiang Zhou
https://openalex.org/W2172684358,https://openalex.org/A5089599249,Emily J. Chang
https://openalex.org/W2172684358,https://openalex.org/A5084318285,Thomas Fang Zheng
https://openalex.org/W2558476738,https://openalex.org/A5100622261,Jiacheng Xu
https://openalex.org/W2558476738,https://openalex.org/A5044665993,Xipeng Qiu
https://openalex.org/W2558476738,https://openalex.org/A5100636629,Kan Chen
https://openalex.org/W2558476738,https://openalex.org/A5088834359,Xuanjing Huang
https://openalex.org/W3099836348,https://openalex.org/A5019130511,Tara Safavi
https://openalex.org/W3099836348,https://openalex.org/A5015996266,Danai Koutra
https://openalex.org/W2982546989,https://openalex.org/A5005800327,Valentina Anita Carriero
https://openalex.org/W2982546989,https://openalex.org/A5065705742,Aldo Gangemi
https://openalex.org/W2982546989,https://openalex.org/A5085309698,Maria Letizia Mancinelli
https://openalex.org/W2982546989,https://openalex.org/A5014649225,Ludovica Marinucci
https://openalex.org/W2982546989,https://openalex.org/A5035126139,Andrea Giovanni Nuzzolese
https://openalex.org/W2982546989,https://openalex.org/A5007281490,Valentina Presutti
https://openalex.org/W2982546989,https://openalex.org/A5041309923,Chiara Veninata
https://openalex.org/W2964072618,https://openalex.org/A5103103242,Wenhu Chen
https://openalex.org/W2964072618,https://openalex.org/A5110635444,Wenhan Xiong
https://openalex.org/W2964072618,https://openalex.org/A5047709762,Xifeng Yan
https://openalex.org/W2964072618,https://openalex.org/A5100702488,William Yang Wang
https://openalex.org/W4320525813,https://openalex.org/A5068867705,Xuehong Wu
https://openalex.org/W4320525813,https://openalex.org/A5103209723,Junwen Duan
https://openalex.org/W4320525813,https://openalex.org/A5101465265,Yi Feng Pan
https://openalex.org/W4320525813,https://openalex.org/A5100719013,Min Li
https://openalex.org/W2757431232,https://openalex.org/A5073443117,Jay M. Pujara
https://openalex.org/W2757431232,https://openalex.org/A5046658632,Eriq Augustine
https://openalex.org/W2757431232,https://openalex.org/A5086169451,Lise Getoor
https://openalex.org/W3165548017,https://openalex.org/A5072988055,Yong Liu
https://openalex.org/W3165548017,https://openalex.org/A5066945038,Susen Yang
https://openalex.org/W3165548017,https://openalex.org/A5017102724,Yonghui Xu
https://openalex.org/W3165548017,https://openalex.org/A5100382077,Chunyan Miao
https://openalex.org/W3165548017,https://openalex.org/A5100340964,Min Wu
https://openalex.org/W3165548017,https://openalex.org/A5101904821,Juyong Zhang
https://openalex.org/W4396823873,https://openalex.org/A5013990700,Zhentao Xu
https://openalex.org/W4396823873,https://openalex.org/A5091653107,Missy Meine C. Dela Cruz
https://openalex.org/W4396823873,https://openalex.org/A5103325322,Matthew Guevara
https://openalex.org/W4396823873,https://openalex.org/A5103326221,Tie Wang
https://openalex.org/W4396823873,https://openalex.org/A5006066900,M. N. DESHPANDE
https://openalex.org/W4396823873,https://openalex.org/A5103325595,Xiaofeng Wang
https://openalex.org/W4396823873,https://openalex.org/A5103325697,Zheng Li
https://openalex.org/W3167434385,https://openalex.org/A5069726464,Janneth Alexandra Chicaiza
https://openalex.org/W3167434385,https://openalex.org/A5021420884,Priscila Valdiviezo-Díaz
https://openalex.org/W3037979089,https://openalex.org/A5055938662,Yafeng Ren
https://openalex.org/W3037979089,https://openalex.org/A5100333738,Yue Zhang
https://openalex.org/W3037979089,https://openalex.org/A5101801149,Donghong Ji
https://openalex.org/W3037979089,https://openalex.org/A5037727301,Xiaohui Liang
https://openalex.org/W4404623641,https://openalex.org/A5068825654,Muhammad Usman Akhtar
https://openalex.org/W4404623641,https://openalex.org/A5100327072,Jin Liu
https://openalex.org/W4404623641,https://openalex.org/A5101705596,Zhiwen Xie
https://openalex.org/W4404623641,https://openalex.org/A5009995771,Xiaohui Cui
https://openalex.org/W4404623641,https://openalex.org/A5075936732,Xiao Liu
https://openalex.org/W4404623641,https://openalex.org/A5101566619,Bo Huang
https://openalex.org/W3208182228,https://openalex.org/A5014310397,Ayoub Harnoune
https://openalex.org/W3208182228,https://openalex.org/A5062152618,Maryem Rhanoui
https://openalex.org/W3208182228,https://openalex.org/A5020295680,Mounia Mikram
https://openalex.org/W3208182228,https://openalex.org/A5082679934,Siham Yousfi
https://openalex.org/W3208182228,https://openalex.org/A5029250839,Zineb Elkaimbillah
https://openalex.org/W3208182228,https://openalex.org/A5091281481,Bouchra El Asri
https://openalex.org/W2967884905,https://openalex.org/A5059926999,Krisztian Balog
https://openalex.org/W2967884905,https://openalex.org/A5068330105,Tom Kenter
https://openalex.org/W2998386822,https://openalex.org/A5103232031,Haoze Yu
https://openalex.org/W2998386822,https://openalex.org/A5108049287,Haisheng Li
https://openalex.org/W2998386822,https://openalex.org/A5059208143,Dianhui Mao
https://openalex.org/W2998386822,https://openalex.org/A5003131468,Qiang Cai
https://openalex.org/W2790755967,https://openalex.org/A5100748969,Qi Song
https://openalex.org/W2790755967,https://openalex.org/A5071093153,Yinghui Wu
https://openalex.org/W2790755967,https://openalex.org/A5056568011,Peng Lin
https://openalex.org/W2790755967,https://openalex.org/A5008641981,Luna Dong
https://openalex.org/W2790755967,https://openalex.org/A5033308848,Hui Sun
https://openalex.org/W2891112820,https://openalex.org/A5081017897,Christian Meilicke
https://openalex.org/W2891112820,https://openalex.org/A5062143072,Manuel Fink
https://openalex.org/W2891112820,https://openalex.org/A5100738102,Yanjie Wang
https://openalex.org/W2891112820,https://openalex.org/A5083786473,Daniel Ruffinelli
https://openalex.org/W2891112820,https://openalex.org/A5041227178,Rainer Gemulla
https://openalex.org/W2891112820,https://openalex.org/A5050425933,Heiner Stuckenschmidt
https://openalex.org/W4366607195,https://openalex.org/A5025638677,Zeinab Shokrzadeh
https://openalex.org/W4366607195,https://openalex.org/A5056445813,Mohammad‐Reza Feizi‐Derakhshi
https://openalex.org/W4366607195,https://openalex.org/A5089205977,Mohammad Ali Balafar
https://openalex.org/W4366607195,https://openalex.org/A5078637468,Jamshid Bagherzadeh
https://openalex.org/W3196750366,https://openalex.org/A5025402599,Liang Guo
https://openalex.org/W3196750366,https://openalex.org/A5049512774,Gui Fu
https://openalex.org/W3196750366,https://openalex.org/A5100345565,Tian Li
https://openalex.org/W3196750366,https://openalex.org/A5002718892,Yang Tao
https://openalex.org/W3196750366,https://openalex.org/A5043548798,Yuqian Lu
https://openalex.org/W2738442461,https://openalex.org/A5110635444,Wenhan Xiong
https://openalex.org/W2738442461,https://openalex.org/A5036292565,Thien Hoang
https://openalex.org/W2738442461,https://openalex.org/A5100702485,William Yang Wang
https://openalex.org/W4313529495,https://openalex.org/A5007995577,Liqiao Xia
https://openalex.org/W4313529495,https://openalex.org/A5067108497,Yongshi Liang
https://openalex.org/W4313529495,https://openalex.org/A5012431459,Jiewu Leng
https://openalex.org/W4313529495,https://openalex.org/A5079101040,Pai Zheng
https://openalex.org/W2890592029,https://openalex.org/A5080316774,Stanislav M. Malyshev
https://openalex.org/W2890592029,https://openalex.org/A5087579719,Markus Krötzsch
https://openalex.org/W2890592029,https://openalex.org/A5015874612,Larry González
https://openalex.org/W2890592029,https://openalex.org/A5038147189,Julius Gonsior
https://openalex.org/W2890592029,https://openalex.org/A5071491531,Adrian Bielefeldt
https://openalex.org/W2748606298,https://openalex.org/A5004318489,Prashant Shiralkar
https://openalex.org/W2748606298,https://openalex.org/A5011228873,Alessandro Flammini
https://openalex.org/W2748606298,https://openalex.org/A5021346979,Filippo Menczer
https://openalex.org/W2748606298,https://openalex.org/A5056583184,Giovanni Luca Ciampaglia
https://openalex.org/W3115318530,https://openalex.org/A5022319543,Chengjin Xu
https://openalex.org/W3115318530,https://openalex.org/A5043741534,Mojtaba Nayyeri
https://openalex.org/W3115318530,https://openalex.org/A5000707073,Fouad Alkhoury
https://openalex.org/W3115318530,https://openalex.org/A5054409762,Hamed Shariat Yazdi
https://openalex.org/W3115318530,https://openalex.org/A5067133778,Jens Lehmann
https://openalex.org/W3035643691,https://openalex.org/A5068003633,Luyang Huang
https://openalex.org/W3035643691,https://openalex.org/A5011825081,Lingfei Wu
https://openalex.org/W3035643691,https://openalex.org/A5100364489,Lu Wang
https://openalex.org/W2336384382,https://openalex.org/A5101913012,Han Xiao
https://openalex.org/W2336384382,https://openalex.org/A5044042138,Minlie Huang
https://openalex.org/W2336384382,https://openalex.org/A5055848354,Meng Lian
https://openalex.org/W2336384382,https://openalex.org/A5100452974,Xiaoyan Zhu
https://openalex.org/W3014406063,https://openalex.org/A5100406106,Xinyu Li
https://openalex.org/W3014406063,https://openalex.org/A5018055568,Chun‐Hsien Chen
https://openalex.org/W3014406063,https://openalex.org/A5079101040,Pai Zheng
https://openalex.org/W3014406063,https://openalex.org/A5037251172,Zuoxu Wang
https://openalex.org/W3014406063,https://openalex.org/A5011789987,Zuhua Jiang
https://openalex.org/W3014406063,https://openalex.org/A5104096489,Zhixing Jiang
https://openalex.org/W2852434548,https://openalex.org/A5010777748,Jose L. Martinez-Rodriguez
https://openalex.org/W2852434548,https://openalex.org/A5082731563,Iván López-Arévalo
https://openalex.org/W2852434548,https://openalex.org/A5029659694,Ana Bertha Rios-Alvarado
https://openalex.org/W4280630420,https://openalex.org/A5039322394,Weiqing Min
https://openalex.org/W4280630420,https://openalex.org/A5000828905,Chunlin Liu
https://openalex.org/W4280630420,https://openalex.org/A5087964721,Leyi Xu
https://openalex.org/W4280630420,https://openalex.org/A5085719285,Shuqiang Jiang
https://openalex.org/W3090656107,https://openalex.org/A5102073967,Donghan Yu
https://openalex.org/W3090656107,https://openalex.org/A5034687114,Chenguang Zhu
https://openalex.org/W3090656107,https://openalex.org/A5106542734,Yiming Yang
https://openalex.org/W3090656107,https://openalex.org/A5089195158,Michael Zeng
https://openalex.org/W3035191547,https://openalex.org/A5107981872,Xiaobin Tang
https://openalex.org/W3035191547,https://openalex.org/A5100757101,Jing Zhang
https://openalex.org/W3035191547,https://openalex.org/A5101784459,Bo Chen
https://openalex.org/W3035191547,https://openalex.org/A5100397616,Yang Yang
https://openalex.org/W3035191547,https://openalex.org/A5100420391,Hong Chen
https://openalex.org/W3035191547,https://openalex.org/A5100619237,Cuiping Li
https://openalex.org/W3034569646,https://openalex.org/A5025250287,Houyu Zhang
https://openalex.org/W3034569646,https://openalex.org/A5070196864,Zhenghao Liu
https://openalex.org/W3034569646,https://openalex.org/A5102363883,Chenyan Xiong
https://openalex.org/W3034569646,https://openalex.org/A5100320723,Zhiyuan Liu
https://openalex.org/W3012846531,https://openalex.org/A5103045601,Paolo Rosso
https://openalex.org/W3012846531,https://openalex.org/A5026625771,Dingqi Yang
https://openalex.org/W3012846531,https://openalex.org/A5028454093,Philippe Cudré-Mauroux
https://openalex.org/W3207311065,https://openalex.org/A5100377147,Meng Wang
https://openalex.org/W3207311065,https://openalex.org/A5100350745,Sen Wang
https://openalex.org/W3207311065,https://openalex.org/A5055058218,Han Yang
https://openalex.org/W3207311065,https://openalex.org/A5100459168,Zheng Zhang
https://openalex.org/W3207311065,https://openalex.org/A5100329931,Xi Chen
https://openalex.org/W3207311065,https://openalex.org/A5034606659,Guilin Qi
https://openalex.org/W4285730848,https://openalex.org/A5052681293,Edward Elson Kosasih
https://openalex.org/W4285730848,https://openalex.org/A5106332332,Fabrizio Margaroli
https://openalex.org/W4285730848,https://openalex.org/A5107860362,S. Gelli
https://openalex.org/W4285730848,https://openalex.org/A5013034718,Ajmal Aziz
https://openalex.org/W4285730848,https://openalex.org/A5060525433,Nick Wildgoose
https://openalex.org/W4285730848,https://openalex.org/A5075872953,Alexandra Melike Brintrup
https://openalex.org/W2996919866,https://openalex.org/A5024052362,Yunqi Qiu
https://openalex.org/W2996919866,https://openalex.org/A5057538607,Yuanzhuo Wang
https://openalex.org/W2996919866,https://openalex.org/A5102843658,Xiaolong Jin
https://openalex.org/W2996919866,https://openalex.org/A5100342310,Kun Zhang
https://openalex.org/W2767287441,https://openalex.org/A5053686285,Changsung Moon
https://openalex.org/W2767287441,https://openalex.org/A5049037877,Paul C. Jones
https://openalex.org/W2767287441,https://openalex.org/A5040551107,Nagiza F. Samatova
https://openalex.org/W2980659949,https://openalex.org/A5079760641,Elmar Kiesling
https://openalex.org/W2980659949,https://openalex.org/A5035676027,Andreas Ekelhart
https://openalex.org/W2980659949,https://openalex.org/A5014665205,Kabul Kurniawan
https://openalex.org/W2980659949,https://openalex.org/A5012198006,Fajar J. Ekaputra
https://openalex.org/W2963469133,https://openalex.org/A5102708907,Boyang Ding
https://openalex.org/W2963469133,https://openalex.org/A5100418245,Quan Wang
https://openalex.org/W2963469133,https://openalex.org/A5108156794,Bin Wang
https://openalex.org/W2963469133,https://openalex.org/A5100675165,Li Guo
https://openalex.org/W4377089836,https://openalex.org/A5100530567,Langxiong Gan
https://openalex.org/W4377089836,https://openalex.org/A5109607324,Beiyan Ye
https://openalex.org/W4377089836,https://openalex.org/A5046261968,Zhiqiu Huang
https://openalex.org/W4377089836,https://openalex.org/A5102452466,Yi Xu
https://openalex.org/W4377089836,https://openalex.org/A5058172849,Qiaohong Chen
https://openalex.org/W4377089836,https://openalex.org/A5002838722,Yaqing Shu
https://openalex.org/W2222863356,https://openalex.org/A5068184256,Pedro A. Szekely
https://openalex.org/W2222863356,https://openalex.org/A5089542402,Craig A. Knoblock
https://openalex.org/W2222863356,https://openalex.org/A5091622304,Jason Slepicka
https://openalex.org/W2222863356,https://openalex.org/A5039759712,Andrew Philpot
https://openalex.org/W2222863356,https://openalex.org/A5031914230,Amandeep Singh
https://openalex.org/W2222863356,https://openalex.org/A5028971235,Chengye Yin
https://openalex.org/W2222863356,https://openalex.org/A5006380153,Dipsy Kapoor
https://openalex.org/W2222863356,https://openalex.org/A5066184920,Prem Natarajan
https://openalex.org/W2222863356,https://openalex.org/A5005020376,Daniel Marcu
https://openalex.org/W2222863356,https://openalex.org/A5106821597,Kevin K. Knight
https://openalex.org/W2222863356,https://openalex.org/A5110239739,David G. Stallard
https://openalex.org/W2222863356,https://openalex.org/A5014453883,Subessware S. Karunamoorthy
https://openalex.org/W2222863356,https://openalex.org/A5002906690,Rajagopal Bojanapalli
https://openalex.org/W2222863356,https://openalex.org/A5045363082,Steven Minton
https://openalex.org/W2222863356,https://openalex.org/A5001955838,Brian Amanatullah
https://openalex.org/W2222863356,https://openalex.org/A5044514538,Todd C. Hughes
https://openalex.org/W2222863356,https://openalex.org/A5030587788,Mike Tamayo
https://openalex.org/W2222863356,https://openalex.org/A5021283536,David Flynt
https://openalex.org/W2222863356,https://openalex.org/A5082017374,Rachel Artiss
https://openalex.org/W2222863356,https://openalex.org/A5037340457,Shih‐Fu Chang
https://openalex.org/W2222863356,https://openalex.org/A5115601937,Tao Chen
https://openalex.org/W2222863356,https://openalex.org/A5068361127,Gerald Hiebel
https://openalex.org/W2222863356,https://openalex.org/A5103676520,Lidia Silva Ferreira
https://openalex.org/W2587223734,https://openalex.org/A5085669660,Longxiang Shi
https://openalex.org/W2587223734,https://openalex.org/A5103196339,Shijian Li
https://openalex.org/W2587223734,https://openalex.org/A5027710262,Xiaoran Yang
https://openalex.org/W2587223734,https://openalex.org/A5073301906,Jiaheng Qi
https://openalex.org/W2587223734,https://openalex.org/A5084291326,Gang Pan
https://openalex.org/W2587223734,https://openalex.org/A5030936553,Binbin Zhou
https://openalex.org/W4206181733,https://openalex.org/A5025047702,Jiaru Bai
https://openalex.org/W4206181733,https://openalex.org/A5027853980,Liwei Cao
https://openalex.org/W4206181733,https://openalex.org/A5057821475,Sebastian Mosbach
https://openalex.org/W4206181733,https://openalex.org/A5065920425,Jethro Akroyd
https://openalex.org/W4206181733,https://openalex.org/A5065798786,Alexei A. Lapkin
https://openalex.org/W4206181733,https://openalex.org/A5062571604,Markus Kraft
https://openalex.org/W3092319349,https://openalex.org/A5086108557,Hyunwoong Ko
https://openalex.org/W3092319349,https://openalex.org/A5021987687,Paul Witherell
https://openalex.org/W3092319349,https://openalex.org/A5100641098,Yan Lu
https://openalex.org/W3092319349,https://openalex.org/A5056045919,Samyeon Kim
https://openalex.org/W3092319349,https://openalex.org/A5080449427,David W. Rosen
https://openalex.org/W4392607872,https://openalex.org/A5012599026,Peifeng Liu
https://openalex.org/W4392607872,https://openalex.org/A5059978816,Lu Qian
https://openalex.org/W4392607872,https://openalex.org/A5047436259,Xingwei Zhao
https://openalex.org/W4392607872,https://openalex.org/A5083041554,Bo Tao
https://openalex.org/W2905267911,https://openalex.org/A5102989996,Yongqi Zhang
https://openalex.org/W2905267911,https://openalex.org/A5072484211,Quanming Yao
https://openalex.org/W2905267911,https://openalex.org/A5014615052,Yingxia Shao
https://openalex.org/W2905267911,https://openalex.org/A5100333516,Lei Chen
https://openalex.org/W3132689447,https://openalex.org/A5075279338,Stephen Bonner
https://openalex.org/W3132689447,https://openalex.org/A5022667082,Ian P. Barrett
https://openalex.org/W3132689447,https://openalex.org/A5100741784,Cheng Ye
https://openalex.org/W3132689447,https://openalex.org/A5030151631,Rowan Swiers
https://openalex.org/W3132689447,https://openalex.org/A5076975589,Ola Engkvist
https://openalex.org/W3132689447,https://openalex.org/A5026643759,Andreas Bender
https://openalex.org/W3132689447,https://openalex.org/A5065488553,Charles Tapley Hoyt
https://openalex.org/W3132689447,https://openalex.org/A5004542284,William L. Hamilton
https://openalex.org/W4402567773,https://openalex.org/A5021696721,Karthik Soman
https://openalex.org/W4402567773,https://openalex.org/A5070583038,Peter W. Rose
https://openalex.org/W4402567773,https://openalex.org/A5054399637,John H. Morris
https://openalex.org/W4402567773,https://openalex.org/A5057174073,Rabia E Akbas
https://openalex.org/W4402567773,https://openalex.org/A5101687211,Brett Smith
https://openalex.org/W4402567773,https://openalex.org/A5093393064,Braian Peetoom
https://openalex.org/W4402567773,https://openalex.org/A5093393065,Catalina Villouta-Reyes
https://openalex.org/W4402567773,https://openalex.org/A5041140760,Gabriel Cerono
https://openalex.org/W4402567773,https://openalex.org/A5031344696,Yongmei Shi
https://openalex.org/W4402567773,https://openalex.org/A5047214463,Angela Rizk‐Jackson
https://openalex.org/W4402567773,https://openalex.org/A5070192310,Sharat Israni
https://openalex.org/W4402567773,https://openalex.org/A5025355562,Charlotte Nelson
https://openalex.org/W4402567773,https://openalex.org/A5019206785,Sui Huang
https://openalex.org/W4402567773,https://openalex.org/A5014721690,Sergio E. Baranzini
https://openalex.org/W4283688275,https://openalex.org/A5100884333,Zongsheng Cao
https://openalex.org/W4283688275,https://openalex.org/A5101049235,Qianqian Xu
https://openalex.org/W4283688275,https://openalex.org/A5100307847,Zhiyong Yang
https://openalex.org/W4283688275,https://openalex.org/A5068837264,Xiaochun Cao
https://openalex.org/W4283688275,https://openalex.org/A5028597017,Qingming Huang
https://openalex.org/W2786433705,https://openalex.org/A5078204924,Agustinus Kristiadi
https://openalex.org/W2786433705,https://openalex.org/A5112537052,Denis Lukovnikov
https://openalex.org/W2786433705,https://openalex.org/A5067133778,Jens Lehmann
https://openalex.org/W2786433705,https://openalex.org/A5026151059,Asja Fischer
https://openalex.org/W3100606581,https://openalex.org/A5080665569,Jiawei Sheng
https://openalex.org/W3100606581,https://openalex.org/A5112036093,Shu Guo
https://openalex.org/W3100606581,https://openalex.org/A5100422943,Zhen-Yu Chen
https://openalex.org/W3100606581,https://openalex.org/A5009392739,Juwei Yue
https://openalex.org/W3100606581,https://openalex.org/A5100443567,Lihong Wang
https://openalex.org/W3100606581,https://openalex.org/A5080686378,Tingwen Liu
https://openalex.org/W3100606581,https://openalex.org/A5043329567,Hongbo Xü
https://openalex.org/W2913224127,https://openalex.org/A5034495880,Shichao Pei
https://openalex.org/W2913224127,https://openalex.org/A5009484350,Yu Lu
https://openalex.org/W2913224127,https://openalex.org/A5043808311,Robert Hoehndorf
https://openalex.org/W2913224127,https://openalex.org/A5000755750,Xiangliang Zhang
https://openalex.org/W2730202632,https://openalex.org/A5029925325,Yucong Duan
https://openalex.org/W2730202632,https://openalex.org/A5084673244,Lixu Shao
https://openalex.org/W2730202632,https://openalex.org/A5055972255,Gongzhu Hu
https://openalex.org/W2730202632,https://openalex.org/A5052234427,Zhangbing Zhou
https://openalex.org/W2730202632,https://openalex.org/A5017426085,Quan Zou
https://openalex.org/W2730202632,https://openalex.org/A5080170526,Zhaoxin Lin
https://openalex.org/W3165066581,https://openalex.org/A5008608420,Filip Ilievski
https://openalex.org/W3165066581,https://openalex.org/A5068184256,Pedro A. Szekely
https://openalex.org/W3165066581,https://openalex.org/A5100392899,Bin Zhang
https://openalex.org/W3043178100,https://openalex.org/A5027553826,Bilin Shao
https://openalex.org/W3043178100,https://openalex.org/A5100618629,Xiaojun Li
https://openalex.org/W3043178100,https://openalex.org/A5002509838,Genqing Bian
https://openalex.org/W3175989614,https://openalex.org/A5016533099,Linlin Chao
https://openalex.org/W3175989614,https://openalex.org/A5058116213,Jianshan He
https://openalex.org/W3175989614,https://openalex.org/A5074676968,Taifeng Wang
https://openalex.org/W3175989614,https://openalex.org/A5101781459,Wei Chu
https://openalex.org/W3199561489,https://openalex.org/A5009238504,Johannes Messner
https://openalex.org/W3199561489,https://openalex.org/A5039681553,Ralph Abboud
https://openalex.org/W3199561489,https://openalex.org/A5006230226,İsmail İlkan Ceylan
https://openalex.org/W3195766133,https://openalex.org/A5079101040,Pai Zheng
https://openalex.org/W3195766133,https://openalex.org/A5007995577,Liqiao Xia
https://openalex.org/W3195766133,https://openalex.org/A5101908873,Chengxi Li
https://openalex.org/W3195766133,https://openalex.org/A5100406106,Xinyu Li
https://openalex.org/W3195766133,https://openalex.org/A5047118812,Bufan Liu
https://openalex.org/W2233447580,https://openalex.org/A5011691423,Marcelo Arenas
https://openalex.org/W2233447580,https://openalex.org/A5023732514,Bernardo Cuenca Grau
https://openalex.org/W2233447580,https://openalex.org/A5025295947,Evgeny Kharlamov
https://openalex.org/W2233447580,https://openalex.org/A5059333365,Šarūnas Marciuška
https://openalex.org/W2233447580,https://openalex.org/A5085294520,Dmitriy Zheleznyakov
https://openalex.org/W2910396842,https://openalex.org/A5072839216,Takuma Ebisu
https://openalex.org/W2910396842,https://openalex.org/A5081854769,Ryutaro Ichise
https://openalex.org/W3029587262,https://openalex.org/A5078879815,Kangzhi Zhao
https://openalex.org/W3029587262,https://openalex.org/A5101524540,Xiting Wang
https://openalex.org/W3029587262,https://openalex.org/A5050281328,Yuren Zhang
https://openalex.org/W3029587262,https://openalex.org/A5032277491,Zhao Li
https://openalex.org/W3029587262,https://openalex.org/A5100423656,Zheng Liu
https://openalex.org/W3029587262,https://openalex.org/A5058043497,Chunxiao Xing
https://openalex.org/W3029587262,https://openalex.org/A5044651577,Xing Xie
https://openalex.org/W3108475832,https://openalex.org/A5032684236,Jian Wang
https://openalex.org/W3108475832,https://openalex.org/A5040077369,Xi Wang
https://openalex.org/W3108475832,https://openalex.org/A5101507654,Chaoqun Ma
https://openalex.org/W3108475832,https://openalex.org/A5055404913,Lei Kou
https://openalex.org/W4221160815,https://openalex.org/A5051892750,Zhanqiu Zhang
https://openalex.org/W4221160815,https://openalex.org/A5100440033,Jie Wang
https://openalex.org/W4221160815,https://openalex.org/A5010419481,Jieping Ye
https://openalex.org/W4221160815,https://openalex.org/A5029102289,Feng Wu
https://openalex.org/W2981175810,https://openalex.org/A5059512471,Tianxing Wu
https://openalex.org/W2981175810,https://openalex.org/A5019024971,Arijit Khan
https://openalex.org/W2981175810,https://openalex.org/A5029311735,Melvin Yong
https://openalex.org/W2981175810,https://openalex.org/A5034606659,Guilin Qi
https://openalex.org/W2981175810,https://openalex.org/A5100377137,Meng Wang
https://openalex.org/W3168292164,https://openalex.org/A5072649031,Apoorv Saxena
https://openalex.org/W3168292164,https://openalex.org/A5101457009,Soumen Chakrabarti
https://openalex.org/W3168292164,https://openalex.org/A5033696194,Partha Talukdar
https://openalex.org/W2964007976,https://openalex.org/A5100725719,Yantao Jia
https://openalex.org/W2964007976,https://openalex.org/A5057538607,Yuanzhuo Wang
https://openalex.org/W2964007976,https://openalex.org/A5113893497,Hailun Lin
https://openalex.org/W2964007976,https://openalex.org/A5102843658,Xiaolong Jin
https://openalex.org/W2964007976,https://openalex.org/A5029998682,Xueqi Cheng
https://openalex.org/W3147487821,https://openalex.org/A5027826049,Bin Zhou
https://openalex.org/W3147487821,https://openalex.org/A5061529100,Jinsong Bao
https://openalex.org/W3147487821,https://openalex.org/A5100444017,Jie Li
https://openalex.org/W3147487821,https://openalex.org/A5043548798,Yuqian Lu
https://openalex.org/W3147487821,https://openalex.org/A5021686377,Tianyuan Liu
https://openalex.org/W3147487821,https://openalex.org/A5008093820,Qiwan Zhang
https://openalex.org/W3082429057,https://openalex.org/A5052978505,Sanxing Chen
https://openalex.org/W3082429057,https://openalex.org/A5100374771,Xiaodong Liu
https://openalex.org/W3082429057,https://openalex.org/A5114910293,Jianfeng Gao
https://openalex.org/W3082429057,https://openalex.org/A5074199611,Jian Jiao
https://openalex.org/W3082429057,https://openalex.org/A5046102901,Ruofei Zhang
https://openalex.org/W3082429057,https://openalex.org/A5085302513,Yangfeng Ji
https://openalex.org/W3177317072,https://openalex.org/A5101121352,Yuchen Yan
https://openalex.org/W3177317072,https://openalex.org/A5100747139,Lihui Liu
https://openalex.org/W3177317072,https://openalex.org/A5047387636,Yikun Ban
https://openalex.org/W3177317072,https://openalex.org/A5077678202,Baoyu Jing
https://openalex.org/W3177317072,https://openalex.org/A5068043486,Hanghang Tong
https://openalex.org/W2295570185,https://openalex.org/A5027547428,Ben Hixon
https://openalex.org/W2295570185,https://openalex.org/A5081635691,Peter E. Clark
https://openalex.org/W2295570185,https://openalex.org/A5082305994,Hannaneh Hajishirzi
https://openalex.org/W3119689583,https://openalex.org/A5100433666,Yu Zhang
https://openalex.org/W3119689583,https://openalex.org/A5101996629,Xinyu Shi
https://openalex.org/W3119689583,https://openalex.org/A5049776286,Siya Mi
https://openalex.org/W3119689583,https://openalex.org/A5064752243,Xu Yang
https://openalex.org/W4283208249,https://openalex.org/A5100782897,Zhifei Li
https://openalex.org/W4283208249,https://openalex.org/A5004730674,Yue Zhao
https://openalex.org/W4283208249,https://openalex.org/A5100456144,Yan Zhang
https://openalex.org/W4283208249,https://openalex.org/A5020980410,Zhaoli Zhang
https://openalex.org/W4294216483,https://openalex.org/A5058022821,Minoru I. Kanehisa
https://openalex.org/W2939592887,https://openalex.org/A5100335467,Shu Wang
https://openalex.org/W2939592887,https://openalex.org/A5100445968,Xueying Zhang
https://openalex.org/W2939592887,https://openalex.org/A5100729337,Peng Ye
https://openalex.org/W2939592887,https://openalex.org/A5089174060,Mi Du
https://openalex.org/W2939592887,https://openalex.org/A5085342391,Yanxu Lu
https://openalex.org/W2939592887,https://openalex.org/A5087822367,Haonan Xue
https://openalex.org/W2972392269,https://openalex.org/A5114549797,Md. Rezaul Karim
https://openalex.org/W2972392269,https://openalex.org/A5041317183,Michael Cochez
https://openalex.org/W2972392269,https://openalex.org/A5036151707,Joao Jares
https://openalex.org/W2972392269,https://openalex.org/A5015345067,Mamtaz Uddin
https://openalex.org/W2972392269,https://openalex.org/A5067635650,Oya Beyan
https://openalex.org/W2972392269,https://openalex.org/A5071104283,Stefan Decker
https://openalex.org/W2996775350,https://openalex.org/A5100431171,Rui Wang
https://openalex.org/W2996775350,https://openalex.org/A5039649740,Bicheng Li
https://openalex.org/W2996775350,https://openalex.org/A5053910893,Shengwei Hu
https://openalex.org/W2996775350,https://openalex.org/A5101899865,Wenqian Du
https://openalex.org/W2996775350,https://openalex.org/A5100402926,Min Zhang
https://openalex.org/W2933602294,https://openalex.org/A5046243825,Piero A. Bonatti
https://openalex.org/W2933602294,https://openalex.org/A5071104283,Stefan Decker
https://openalex.org/W2933602294,https://openalex.org/A5076886839,Axel Polleres
https://openalex.org/W2933602294,https://openalex.org/A5007281490,Valentina Presutti
https://openalex.org/W3092965216,https://openalex.org/A5100377147,Meng Wang
https://openalex.org/W3092965216,https://openalex.org/A5039059501,Haofen Wang
https://openalex.org/W3092965216,https://openalex.org/A5034606659,Guilin Qi
https://openalex.org/W3092965216,https://openalex.org/A5102510620,Qiushuo Zheng
https://openalex.org/W4387359690,https://openalex.org/A5059649654,Carlos Ramonell
https://openalex.org/W4387359690,https://openalex.org/A5037701216,Rolando Chacón
https://openalex.org/W4387359690,https://openalex.org/A5091485921,Hector Posada
https://openalex.org/W3215452784,https://openalex.org/A5051839900,Fang Yin
https://openalex.org/W3215452784,https://openalex.org/A5100381999,Qiang Zhang
https://openalex.org/W3215452784,https://openalex.org/A5113093546,Haihong Yang
https://openalex.org/W3215452784,https://openalex.org/A5101552401,Xiang Zhuang
https://openalex.org/W3215452784,https://openalex.org/A5060484186,Shumin Deng
https://openalex.org/W3215452784,https://openalex.org/A5068955094,Wen Zhang
https://openalex.org/W3215452784,https://openalex.org/A5054995764,Ming Li Qin
https://openalex.org/W3215452784,https://openalex.org/A5100345062,Zhuo Chen
https://openalex.org/W3215452784,https://openalex.org/A5060364374,Xiaohui Fan
https://openalex.org/W3215452784,https://openalex.org/A5102018239,Huajun Chen
https://openalex.org/W3174905206,https://openalex.org/A5100427076,Jiajun Chen
https://openalex.org/W3174905206,https://openalex.org/A5032216876,Huarui He
https://openalex.org/W3174905206,https://openalex.org/A5029102289,Feng Wu
https://openalex.org/W3174905206,https://openalex.org/A5100772691,Jie Wang
https://openalex.org/W2963688791,https://openalex.org/A5101913009,Han Xiao
https://openalex.org/W2963688791,https://openalex.org/A5044042138,Minlie Huang
https://openalex.org/W2963688791,https://openalex.org/A5100452974,Xiaoyan Zhu
https://openalex.org/W3154436641,https://openalex.org/A5052320959,Sanju Mishra Tiwari
https://openalex.org/W3154436641,https://openalex.org/A5036250010,Fatima N. AL-Aswadi
https://openalex.org/W3154436641,https://openalex.org/A5006392095,Devottam Gaurav
https://openalex.org/W1538085078,https://openalex.org/A5013361951,Patrick  J. Ernst
https://openalex.org/W1538085078,https://openalex.org/A5065988924,Amy Siu
https://openalex.org/W1538085078,https://openalex.org/A5088135366,Gerhard Weikum
https://openalex.org/W3034758281,https://openalex.org/A5033437280,Yun Tang
https://openalex.org/W3034758281,https://openalex.org/A5100632700,Jing Huang
https://openalex.org/W3034758281,https://openalex.org/A5102889910,Guangtao Wang
https://openalex.org/W3034758281,https://openalex.org/A5101727205,Xiaodong He
https://openalex.org/W3034758281,https://openalex.org/A5107808331,Bowen Zhou
https://openalex.org/W3198980504,https://openalex.org/A5062888232,Injy Sarhan
https://openalex.org/W3198980504,https://openalex.org/A5033880574,Marco René Spruit
https://openalex.org/W3044410371,https://openalex.org/A5065148077,Ridho Reinanda
https://openalex.org/W3044410371,https://openalex.org/A5031940626,Edgar Meij
https://openalex.org/W3044410371,https://openalex.org/A5031439294,Maarten de Rijke
https://openalex.org/W3040301022,https://openalex.org/A5108717413,Zuoxi Yang
https://openalex.org/W3040301022,https://openalex.org/A5052760299,Shoubin Dong
https://openalex.org/W3198514653,https://openalex.org/A5087318627,L. Siddharth
https://openalex.org/W3198514653,https://openalex.org/A5067484594,Lucienne T. M. Blessing
https://openalex.org/W3198514653,https://openalex.org/A5033426375,Kristin Lee Wood
https://openalex.org/W3198514653,https://openalex.org/A5031475851,Jianxi Luo
https://openalex.org/W2980649541,https://openalex.org/A5060871481,Andon Tchechmedjiev
https://openalex.org/W2980649541,https://openalex.org/A5006827595,Pavlos Fafalios
https://openalex.org/W2980649541,https://openalex.org/A5086954858,Katarina Boland
https://openalex.org/W2980649541,https://openalex.org/A5069934767,Malo Gasquet
https://openalex.org/W2980649541,https://openalex.org/A5061270285,Matthäus Zloch
https://openalex.org/W2980649541,https://openalex.org/A5018873300,Benjamin Zapilko
https://openalex.org/W2980649541,https://openalex.org/A5070728314,Stefan Dietze
https://openalex.org/W2980649541,https://openalex.org/A5049289161,Konstantin Todorov
https://openalex.org/W3112005222,https://openalex.org/A5071765665,Sören Auer
https://openalex.org/W3112005222,https://openalex.org/A5083220284,Allard Oelen
https://openalex.org/W3112005222,https://openalex.org/A5047819026,Muhammad Haris
https://openalex.org/W3112005222,https://openalex.org/A5062163326,Markus Stocker
https://openalex.org/W3112005222,https://openalex.org/A5017940779,Jennifer D’Souza
https://openalex.org/W3112005222,https://openalex.org/A5051849366,Kheir Eddine Farfar
https://openalex.org/W3112005222,https://openalex.org/A5022190846,Lars Vogt
https://openalex.org/W3112005222,https://openalex.org/A5067253504,Manuel Prinz
https://openalex.org/W3112005222,https://openalex.org/A5078588110,Vitalis Wiens
https://openalex.org/W3112005222,https://openalex.org/A5078133624,Mohamad Yaser Jaradeh
https://openalex.org/W3117339789,https://openalex.org/A5100603707,Bosung Kim
https://openalex.org/W3117339789,https://openalex.org/A5030170488,Taesuk Hong
https://openalex.org/W3117339789,https://openalex.org/A5008710152,Youngjoong Ko
https://openalex.org/W3117339789,https://openalex.org/A5101975931,Jungyun Seo
https://openalex.org/W4380993239,https://openalex.org/A5008056593,Shirui Pan
https://openalex.org/W4380993239,https://openalex.org/A5007704896,Linhao Luo
https://openalex.org/W4380993239,https://openalex.org/A5100374831,Yufei Wang
https://openalex.org/W4380993239,https://openalex.org/A5114500343,Chen Chen
https://openalex.org/W4380993239,https://openalex.org/A5010757894,Jiapu Wang
https://openalex.org/W4380993239,https://openalex.org/A5080738591,Xindong Wu
https://openalex.org/W3080649566,https://openalex.org/A5083739475,Songgaojun Deng
https://openalex.org/W3080649566,https://openalex.org/A5006581225,Huzefa Rangwala
https://openalex.org/W3080649566,https://openalex.org/A5024383883,Yue Ning
https://openalex.org/W3126308468,https://openalex.org/A5002451405,Subhi Issa
https://openalex.org/W3126308468,https://openalex.org/A5053562690,Onaopepo Adekunle
https://openalex.org/W3126308468,https://openalex.org/A5037219548,Fayçal Hamdi
https://openalex.org/W3126308468,https://openalex.org/A5065070982,Samira Si-Saïd Cherfi
https://openalex.org/W3126308468,https://openalex.org/A5044836472,Michel J. Dumontier
https://openalex.org/W3126308468,https://openalex.org/A5053300261,Amrapali J. Zaveri
https://openalex.org/W4307003748,https://openalex.org/A5005898634,Michihiro Yasunaga
https://openalex.org/W4307003748,https://openalex.org/A5088410008,Antoine Bosselut
https://openalex.org/W4307003748,https://openalex.org/A5101912684,Hong‐Yu Ren
https://openalex.org/W4307003748,https://openalex.org/A5012260410,Xikun Zhang
https://openalex.org/W4307003748,https://openalex.org/A5046006076,Christopher D. Manning
https://openalex.org/W4307003748,https://openalex.org/A5025255782,Percy Liang
https://openalex.org/W4307003748,https://openalex.org/A5091272738,Jure Leskovec
https://openalex.org/W2724395316,https://openalex.org/A5012673471,Rakshit Trivedi
https://openalex.org/W2724395316,https://openalex.org/A5040269658,Hanjun Dai
https://openalex.org/W2724395316,https://openalex.org/A5100373182,Yichen Wang
https://openalex.org/W2724395316,https://openalex.org/A5102898115,Le Song
https://openalex.org/W2981150963,https://openalex.org/A5028772801,Amit Sheth
https://openalex.org/W2981150963,https://openalex.org/A5060884184,Swati Padhee
https://openalex.org/W2981150963,https://openalex.org/A5046900276,Amélie Gyrard
https://openalex.org/W4285605208,https://openalex.org/A5077223659,Guoquan Dai
https://openalex.org/W4285605208,https://openalex.org/A5073006299,Xizhao Wang
https://openalex.org/W4285605208,https://openalex.org/A5043488356,Xiaoying Zou
https://openalex.org/W4285605208,https://openalex.org/A5100362966,Chao Liu
https://openalex.org/W4285605208,https://openalex.org/A5018003458,Si Cen
https://openalex.org/W4283269916,https://openalex.org/A5022475247,Shengteng Jiang
https://openalex.org/W4283269916,https://openalex.org/A5010233678,Yueling Liu
https://openalex.org/W4283269916,https://openalex.org/A5100444195,Yichi Zhang
https://openalex.org/W4283269916,https://openalex.org/A5013203535,Peng Luo
https://openalex.org/W4283269916,https://openalex.org/A5038019149,Kuo Cao
https://openalex.org/W4283269916,https://openalex.org/A5079909747,Jun Xiong
https://openalex.org/W4283269916,https://openalex.org/A5100366758,Haitao Zhao
https://openalex.org/W4283269916,https://openalex.org/A5020741290,Jibo Wei
https://openalex.org/W3048922236,https://openalex.org/A5049163000,Addi Ait‐Mlouk
https://openalex.org/W3048922236,https://openalex.org/A5013135449,Lili Jiang
https://openalex.org/W4206988054,https://openalex.org/A5100369976,Xiangyu Wang
https://openalex.org/W4206988054,https://openalex.org/A5068247018,Lyuzhou Chen
https://openalex.org/W4206988054,https://openalex.org/A5018247255,Taiyu Ban
https://openalex.org/W4206988054,https://openalex.org/A5011835586,Muhammad Usman
https://openalex.org/W4206988054,https://openalex.org/A5023311659,Yifeng Guan
https://openalex.org/W4206988054,https://openalex.org/A5102715364,Shikang Liu
https://openalex.org/W4206988054,https://openalex.org/A5082139444,Tianhao Wu
https://openalex.org/W4206988054,https://openalex.org/A5100605447,Huanhuan Chen
https://openalex.org/W2249040818,https://openalex.org/A5101913012,Han Xiao
https://openalex.org/W2249040818,https://openalex.org/A5044042138,Minlie Huang
https://openalex.org/W2249040818,https://openalex.org/A5111512416,Yu Hao
https://openalex.org/W2249040818,https://openalex.org/A5100452974,Xiaoyan Zhu
https://openalex.org/W3199018466,https://openalex.org/A5074172005,Alishiba Dsouza
https://openalex.org/W3199018466,https://openalex.org/A5039161783,Nicolas Tempelmeier
https://openalex.org/W3199018466,https://openalex.org/A5031363707,Ran Yu
https://openalex.org/W3199018466,https://openalex.org/A5083931403,Simon Gottschalk
https://openalex.org/W3199018466,https://openalex.org/A5087621364,Elena Demidova
https://openalex.org/W3211666987,https://openalex.org/A5027802291,Zhen Han
https://openalex.org/W3211666987,https://openalex.org/A5077866696,Zifeng Ding
https://openalex.org/W3211666987,https://openalex.org/A5066743613,Yunpu Ma
https://openalex.org/W3211666987,https://openalex.org/A5006652430,Yujia Gu
https://openalex.org/W3211666987,https://openalex.org/A5074808403,Volker Tresp
https://openalex.org/W2798621714,https://openalex.org/A5016501970,Luke Vilnis
https://openalex.org/W2798621714,https://openalex.org/A5100658982,Xiang Li
https://openalex.org/W2798621714,https://openalex.org/A5054587391,Shikhar Murty
https://openalex.org/W2798621714,https://openalex.org/A5107835063,Andrew McCallum
https://openalex.org/W3102952580,https://openalex.org/A5101848528,Zequn Sun
https://openalex.org/W3102952580,https://openalex.org/A5102861481,Muhao Chen
https://openalex.org/W3102952580,https://openalex.org/A5100727084,Wei Ping Hu
https://openalex.org/W3102952580,https://openalex.org/A5020318702,Chengming Wang
https://openalex.org/W3102952580,https://openalex.org/A5040440410,Jian S. Dai
https://openalex.org/W3102952580,https://openalex.org/A5041208931,Wei Zhang
https://openalex.org/W3155883059,https://openalex.org/A5081208075,Liu Jiangzhou
https://openalex.org/W3155883059,https://openalex.org/A5112856583,Li Duan
https://openalex.org/W4322706667,https://openalex.org/A5053183023,Qihuang Zhong
https://openalex.org/W4322706667,https://openalex.org/A5100456723,Liang Ding
https://openalex.org/W4322706667,https://openalex.org/A5026501335,Juhua Liu
https://openalex.org/W4322706667,https://openalex.org/A5060042752,Bo Du
https://openalex.org/W4322706667,https://openalex.org/A5101995425,Hua Jin
https://openalex.org/W4322706667,https://openalex.org/A5074103823,Dacheng Tao
https://openalex.org/W4385572149,https://openalex.org/A5013449404,Jinheon Baek
https://openalex.org/W4385572149,https://openalex.org/A5112924039,Alham Fikri Aji
https://openalex.org/W4385572149,https://openalex.org/A5079840947,Amir Saffari
https://openalex.org/W2962785943,https://openalex.org/A5052027147,Tianshui Chen
https://openalex.org/W2962785943,https://openalex.org/A5044840682,Weihao Yu
https://openalex.org/W2962785943,https://openalex.org/A5077597860,Riquan Chen
https://openalex.org/W2962785943,https://openalex.org/A5100412937,Liang Lin
https://openalex.org/W2923964967,https://openalex.org/A5100357128,Hongwei Wang
https://openalex.org/W2923964967,https://openalex.org/A5101586840,Fuzheng Zhang
https://openalex.org/W2923964967,https://openalex.org/A5100430896,Jialin Wang
https://openalex.org/W2923964967,https://openalex.org/A5074355807,Miao Zhao
https://openalex.org/W2923964967,https://openalex.org/A5100408983,Wenjie Li
https://openalex.org/W2923964967,https://openalex.org/A5044651577,Xing Xie
https://openalex.org/W2923964967,https://openalex.org/A5039318240,Minyi Guo
https://openalex.org/W4285029539,https://openalex.org/A5014909016,Zhenxiang Gao
https://openalex.org/W4285029539,https://openalex.org/A5019845646,Pingjian Ding
https://openalex.org/W4285029539,https://openalex.org/A5050134236,Rong Xu
https://openalex.org/W3093871960,https://openalex.org/A5100329692,Chenguang Wang
https://openalex.org/W3093871960,https://openalex.org/A5100441094,Xiao Liu
https://openalex.org/W3093871960,https://openalex.org/A5019426968,Dawn Xiaodong Song
https://openalex.org/W3084915134,https://openalex.org/A5065172077,Lei Sang
https://openalex.org/W3084915134,https://openalex.org/A5100413849,Min Gang Xu
https://openalex.org/W3084915134,https://openalex.org/A5073601707,Shengsheng Qian
https://openalex.org/W3084915134,https://openalex.org/A5080738591,Xindong Wu
https://openalex.org/W3133319183,https://openalex.org/A5036287396,Waqas Ali
https://openalex.org/W3133319183,https://openalex.org/A5019194095,Muhammad Saleem
https://openalex.org/W3133319183,https://openalex.org/A5100757927,Bin Yao
https://openalex.org/W3133319183,https://openalex.org/A5070504151,Aidan Hogan
https://openalex.org/W3133319183,https://openalex.org/A5038745720,Axel-Cyrille Ngonga Ngomo
https://openalex.org/W2999145841,https://openalex.org/A5024613998,Γεώργιος Λαμπρόπουλος
https://openalex.org/W2999145841,https://openalex.org/A5049935274,Euclid Keramopoulos
https://openalex.org/W2999145841,https://openalex.org/A5047747213,Konstantinos Diamantaras
https://openalex.org/W2900172366,https://openalex.org/A5100389037,Xiang Wang
https://openalex.org/W2900172366,https://openalex.org/A5013517150,Dingxian Wang
https://openalex.org/W2900172366,https://openalex.org/A5110091965,Canran Xu
https://openalex.org/W2900172366,https://openalex.org/A5038668215,Xiangnan He
https://openalex.org/W2900172366,https://openalex.org/A5013247988,Yixin Cao
https://openalex.org/W2900172366,https://openalex.org/A5089404640,Tat‐Seng Chua
https://openalex.org/W2277931188,https://openalex.org/A5001237595,Marc Franco-Salvador
https://openalex.org/W2277931188,https://openalex.org/A5053947754,Paolo Rosso
https://openalex.org/W2277931188,https://openalex.org/A5050780136,Manuel Montes-y-Gómez
https://openalex.org/W2887853521,https://openalex.org/A5045705674,Enrico Palumbo
https://openalex.org/W2887853521,https://openalex.org/A5088463134,Giuseppe Rizzo
https://openalex.org/W2887853521,https://openalex.org/A5022574838,Raphaël Troncy
https://openalex.org/W2887853521,https://openalex.org/A5001695309,Elena Baralis
https://openalex.org/W2887853521,https://openalex.org/A5002388724,Michele Osella
https://openalex.org/W2887853521,https://openalex.org/A5057080045,Enrico Ferro
https://openalex.org/W2944671994,https://openalex.org/A5029128305,Lingbing Guo
https://openalex.org/W2944671994,https://openalex.org/A5101848528,Zequn Sun
https://openalex.org/W2944671994,https://openalex.org/A5100727084,Wei Ping Hu
https://openalex.org/W2607683755,https://openalex.org/A5081912397,Jianwei Qian
https://openalex.org/W2607683755,https://openalex.org/A5100341802,Xiang‐Yang Li
https://openalex.org/W2607683755,https://openalex.org/A5100633263,Chunhong Zhang
https://openalex.org/W2607683755,https://openalex.org/A5100327243,Linlin Chen
https://openalex.org/W2607683755,https://openalex.org/A5000818365,Taeho Jung
https://openalex.org/W2607683755,https://openalex.org/A5020104862,Junze Han
https://openalex.org/W2891820987,https://openalex.org/A5100422985,Zhao Zhang
https://openalex.org/W2891820987,https://openalex.org/A5041921496,Fuzhen Zhuang
https://openalex.org/W2891820987,https://openalex.org/A5101458727,Meng Qu
https://openalex.org/W2891820987,https://openalex.org/A5102486495,Fen Lin
https://openalex.org/W2891820987,https://openalex.org/A5100734672,Qing He
https://openalex.org/W4207076851,https://openalex.org/A5100450652,Mingyang Chen
https://openalex.org/W4207076851,https://openalex.org/A5100448121,Wen Zhang
https://openalex.org/W4207076851,https://openalex.org/A5050374736,Zonggang Yuan
https://openalex.org/W4207076851,https://openalex.org/A5100725719,Yantao Jia
https://openalex.org/W4207076851,https://openalex.org/A5102018239,Huajun Chen
https://openalex.org/W4226253567,https://openalex.org/A5101920357,Yuntao Du
https://openalex.org/W4226253567,https://openalex.org/A5018184037,Xinjun Zhu
https://openalex.org/W4226253567,https://openalex.org/A5100432093,Lu Chen
https://openalex.org/W4226253567,https://openalex.org/A5042394655,Ziquan Fang
https://openalex.org/W4226253567,https://openalex.org/A5006238145,Yunjun Gao
https://openalex.org/W3106176046,https://openalex.org/A5100611033,Wen Zhang
https://openalex.org/W3106176046,https://openalex.org/A5062125301,Bibek Paudel
https://openalex.org/W3106176046,https://openalex.org/A5000814233,Wei Zhang
https://openalex.org/W3106176046,https://openalex.org/A5073592405,Abraham Bernstein
https://openalex.org/W3106176046,https://openalex.org/A5102018239,Huajun Chen
https://openalex.org/W3035336738,https://openalex.org/A5069869295,Dawei Cheng
https://openalex.org/W3035336738,https://openalex.org/A5103021848,Fangzhou Yang
https://openalex.org/W3035336738,https://openalex.org/A5087768777,Xiaoyang Wang
https://openalex.org/W3035336738,https://openalex.org/A5100386104,Ying Zhang
https://openalex.org/W3035336738,https://openalex.org/A5100741568,Liqing Zhang
https://openalex.org/W3078516413,https://openalex.org/A5056428506,Liyi Chen
https://openalex.org/W3078516413,https://openalex.org/A5100382306,Zhi Li
https://openalex.org/W3078516413,https://openalex.org/A5100713692,Yijun Wang
https://openalex.org/W3078516413,https://openalex.org/A5025292786,Tong Xu
https://openalex.org/W3078516413,https://openalex.org/A5065838678,Zhefeng Wang
https://openalex.org/W3078516413,https://openalex.org/A5048237545,Enhong Chen
https://openalex.org/W3097222332,https://openalex.org/A5010550946,Guohui Xiao
https://openalex.org/W3097222332,https://openalex.org/A5087433479,Davide Lanti
https://openalex.org/W3097222332,https://openalex.org/A5047265550,Roman Kontchakov
https://openalex.org/W3097222332,https://openalex.org/A5085165480,Sarah Komla-Ebri
https://openalex.org/W3097222332,https://openalex.org/A5015786061,Elem Güzel Kalaycı
https://openalex.org/W3097222332,https://openalex.org/A5088064498,Linfang Ding
https://openalex.org/W3097222332,https://openalex.org/A5087820841,Julien Corman
https://openalex.org/W3097222332,https://openalex.org/A5084080786,Benjamin Cogrel
https://openalex.org/W3097222332,https://openalex.org/A5077723508,Diego Calvanese
https://openalex.org/W3097222332,https://openalex.org/A5085419553,Elena Botoeva
https://openalex.org/W4401807469,https://openalex.org/A5039821674,Marvin Hofer
https://openalex.org/W4401807469,https://openalex.org/A5076040503,Daniel Obraczka
https://openalex.org/W4401807469,https://openalex.org/A5004813870,Alieh Saeedi
https://openalex.org/W4401807469,https://openalex.org/A5077091793,Hanna Köpcke
https://openalex.org/W4401807469,https://openalex.org/A5075756237,Erhard Rahm
https://openalex.org/W4400127264,https://openalex.org/A5099639784,Kechen Qu
https://openalex.org/W4400127264,https://openalex.org/A5041207098,Kam Cheong Li
https://openalex.org/W4400127264,https://openalex.org/A5083314116,Billy Tak Ming Wong
https://openalex.org/W4400127264,https://openalex.org/A5019196640,Manfred Man-fat Wu
https://openalex.org/W4400127264,https://openalex.org/A5039924861,Mengjin Liu
https://openalex.org/W3043738669,https://openalex.org/A5100360194,Qi Zhang
https://openalex.org/W3043738669,https://openalex.org/A5100350641,Le Zhang
https://openalex.org/W3043738669,https://openalex.org/A5102883290,Chuan Qin
https://openalex.org/W3043738669,https://openalex.org/A5100406893,Chao Wang
https://openalex.org/W3043738669,https://openalex.org/A5049015446,Hengshu Zhu
https://openalex.org/W3043738669,https://openalex.org/A5101862104,Hui Yun Xiong
https://openalex.org/W3043738669,https://openalex.org/A5048237545,Enhong Chen
https://openalex.org/W3043738669,https://openalex.org/A5039548811,Qingyu Guo
https://openalex.org/W3043738669,https://openalex.org/A5041921496,Fuzhen Zhuang
https://openalex.org/W4226263955,https://openalex.org/A5050120689,Saiping Guan
https://openalex.org/W4226263955,https://openalex.org/A5029998682,Xueqi Cheng
https://openalex.org/W4226263955,https://openalex.org/A5101434323,Long Bai
https://openalex.org/W4226263955,https://openalex.org/A5100681868,Fujun Zhang
https://openalex.org/W4226263955,https://openalex.org/A5100674837,Zixuan Li
https://openalex.org/W4226263955,https://openalex.org/A5001795301,Yutao Zeng
https://openalex.org/W4226263955,https://openalex.org/A5102843658,Xiaolong Jin
https://openalex.org/W4226263955,https://openalex.org/A5088621320,Jiafeng Guo
https://openalex.org/W2951045955,https://openalex.org/A5055134806,Denis Krompaß
https://openalex.org/W2951045955,https://openalex.org/A5008642173,Stephan Baier
https://openalex.org/W2951045955,https://openalex.org/A5074808403,Volker Tresp
https://openalex.org/W4282576056,https://openalex.org/A5065228901,Andreas Lothe Opdahl
https://openalex.org/W4282576056,https://openalex.org/A5008839357,Tareq Al-Moslmi
https://openalex.org/W4282576056,https://openalex.org/A5064606251,Duc‐Tien Dang‐Nguyen
https://openalex.org/W4282576056,https://openalex.org/A5084657105,Marc Gallofré Ocaña
https://openalex.org/W4282576056,https://openalex.org/A5036527275,Bjørnar Tessem
https://openalex.org/W4282576056,https://openalex.org/A5089398772,Csaba Veres
https://openalex.org/W4323022392,https://openalex.org/A5102858320,Min Gao
https://openalex.org/W4323022392,https://openalex.org/A5100632977,Jian-Yu Li
https://openalex.org/W4323022392,https://openalex.org/A5100667062,Chunhua Chen
https://openalex.org/W4323022392,https://openalex.org/A5100743577,Yun Li
https://openalex.org/W4323022392,https://openalex.org/A5011145004,Zhi‐Hui Zhan
https://openalex.org/W2573189311,https://openalex.org/A5068914676,Tingsong Jiang
https://openalex.org/W2573189311,https://openalex.org/A5100379471,Tianyu Liu
https://openalex.org/W2573189311,https://openalex.org/A5104111369,Tao Ge
https://openalex.org/W2573189311,https://openalex.org/A5079222154,Lei Sha
https://openalex.org/W2573189311,https://openalex.org/A5021459300,Baobao Chang
https://openalex.org/W2573189311,https://openalex.org/A5058353424,Sujian Li
https://openalex.org/W2573189311,https://openalex.org/A5110285832,Zhifang Sui
https://openalex.org/W2482023025,https://openalex.org/A5101658368,Weiguo Zheng
https://openalex.org/W2482023025,https://openalex.org/A5033785339,Lei Zou
https://openalex.org/W2482023025,https://openalex.org/A5060299343,Wei Peng
https://openalex.org/W2482023025,https://openalex.org/A5047709762,Xifeng Yan
https://openalex.org/W2482023025,https://openalex.org/A5084430029,Shaoxu Song
https://openalex.org/W2482023025,https://openalex.org/A5037132097,Dongyan Zhao
https://openalex.org/W4391897357,https://openalex.org/A5015795616,Vineeth Venugopal
https://openalex.org/W4391897357,https://openalex.org/A5073567771,Elsa Olivetti
https://openalex.org/W2786472750,https://openalex.org/A5070206012,Amrita Saha
https://openalex.org/W2786472750,https://openalex.org/A5102752724,Vardaan Pahuja
https://openalex.org/W2786472750,https://openalex.org/A5050036814,Mitesh M. Khapra
https://openalex.org/W2786472750,https://openalex.org/A5060561123,Karthik Sankaranarayanan
https://openalex.org/W2786472750,https://openalex.org/A5027720969,Sarath Chandar
https://openalex.org/W4394678631,https://openalex.org/A5033958680,Wanying Liang
https://openalex.org/W4394678631,https://openalex.org/A5018975350,Pasquale De Meo
https://openalex.org/W4394678631,https://openalex.org/A5120811349,Yong Tang
https://openalex.org/W4394678631,https://openalex.org/A5031653957,Jia Hu Zhu
https://openalex.org/W4226283960,https://openalex.org/A5011900098,Fuhui Zhou
https://openalex.org/W4226283960,https://openalex.org/A5100630215,Yihao Li
https://openalex.org/W4226283960,https://openalex.org/A5115592685,Xinyuan Zhang
https://openalex.org/W4226283960,https://openalex.org/A5100785098,Qihui Wu
https://openalex.org/W4226283960,https://openalex.org/A5028336223,Xianfu Lei
https://openalex.org/W4226283960,https://openalex.org/A5057118326,Rose Qingyang Hu
https://openalex.org/W4380853828,https://openalex.org/A5057875428,Dongmin Bang
https://openalex.org/W4380853828,https://openalex.org/A5101655230,Sangsoo Lim
https://openalex.org/W4380853828,https://openalex.org/A5085449381,Sangseon Lee
https://openalex.org/W4380853828,https://openalex.org/A5100460439,﻿Sun Kim
https://openalex.org/W4283736302,https://openalex.org/A5055950622,Chang Liu
https://openalex.org/W4283736302,https://openalex.org/A5079254214,Shiwu Yang
https://openalex.org/W2791164948,https://openalex.org/A5087615844,Ganggao Zhu
https://openalex.org/W2791164948,https://openalex.org/A5023155010,Carlos Á. Iglesias
https://openalex.org/W2997634552,https://openalex.org/A5014855298,Aritran Piplai
https://openalex.org/W2997634552,https://openalex.org/A5074949168,Sudip Mittal
https://openalex.org/W2997634552,https://openalex.org/A5020975010,Anupam Joshi
https://openalex.org/W2997634552,https://openalex.org/A5009972149,Tim Finin
https://openalex.org/W2997634552,https://openalex.org/A5102861683,James Holt
https://openalex.org/W2997634552,https://openalex.org/A5048807150,Richard Zak
https://openalex.org/W2769065924,https://openalex.org/A5013929782,Daniel M. Bean
https://openalex.org/W2769065924,https://openalex.org/A5043821806,Honghan Wu
https://openalex.org/W2769065924,https://openalex.org/A5004957254,Ehtesham Iqbal
https://openalex.org/W2769065924,https://openalex.org/A5079077055,Olubanké Dzahini
https://openalex.org/W2769065924,https://openalex.org/A5013651865,Zina M. Ibrahim
https://openalex.org/W2769065924,https://openalex.org/A5084047773,Matthew T.M. Broadbent
https://openalex.org/W2769065924,https://openalex.org/A5067147989,Robert Stewart
https://openalex.org/W2769065924,https://openalex.org/A5066918469,Richard Dobson
https://openalex.org/W3031279360,https://openalex.org/A5026435399,Sebastian R. Bader
https://openalex.org/W3031279360,https://openalex.org/A5001084075,Irlán Grangel-González
https://openalex.org/W3031279360,https://openalex.org/A5087639751,Priyanka Nanjappa
https://openalex.org/W3031279360,https://openalex.org/A5055433807,María-Esther Vidal
https://openalex.org/W3031279360,https://openalex.org/A5088289518,Maria Maleshkova
https://openalex.org/W3174660442,https://openalex.org/A5088410008,Antoine Bosselut
https://openalex.org/W3174660442,https://openalex.org/A5024879161,Ronan Joseph Le Bras
https://openalex.org/W3174660442,https://openalex.org/A5102992157,Yejin Choi
https://openalex.org/W4400612817,https://openalex.org/A5066791662,Yuelin Hu
https://openalex.org/W4400612817,https://openalex.org/A5066205926,Futai Zou
https://openalex.org/W4400612817,https://openalex.org/A5061558275,Jiajia Han
https://openalex.org/W4400612817,https://openalex.org/A5101081574,Xin Sun
https://openalex.org/W4400612817,https://openalex.org/A5037267035,Yilei Wang
https://openalex.org/W2322666579,https://openalex.org/A5068055706,Roderic Page
https://openalex.org/W4285600519,https://openalex.org/A5100680672,Yujia Li
https://openalex.org/W4285600519,https://openalex.org/A5047846625,Shiliang Sun
https://openalex.org/W4285600519,https://openalex.org/A5065846668,Jing Zhao
https://openalex.org/W3132016049,https://openalex.org/A5020566179,Haithem Mezni
https://openalex.org/W3132016049,https://openalex.org/A5077093273,Djamal Benslimane
https://openalex.org/W3132016049,https://openalex.org/A5006507514,Ladjel Bellatreche
https://openalex.org/W2901934569,https://openalex.org/A5100325346,Hongwei Li
https://openalex.org/W2901934569,https://openalex.org/A5100701504,Sirui Li
https://openalex.org/W2901934569,https://openalex.org/A5010290885,Jiamou Sun
https://openalex.org/W2901934569,https://openalex.org/A5028641941,Zhenchang Xing
https://openalex.org/W2901934569,https://openalex.org/A5101854992,Xin Peng
https://openalex.org/W2901934569,https://openalex.org/A5100697907,Mingwei Liu
https://openalex.org/W2901934569,https://openalex.org/A5101656979,Xuejiao Zhao
https://openalex.org/W4206161568,https://openalex.org/A5108099309,Mingfei Liu
https://openalex.org/W4206161568,https://openalex.org/A5100406106,Xinyu Li
https://openalex.org/W4206161568,https://openalex.org/A5100454040,Jie Li
https://openalex.org/W4206161568,https://openalex.org/A5100375489,Yahui Liu
https://openalex.org/W4206161568,https://openalex.org/A5027826049,Bin Zhou
https://openalex.org/W4206161568,https://openalex.org/A5061529100,Jinsong Bao
https://openalex.org/W4404783226,https://openalex.org/A5100385138,Bowen Zhang
https://openalex.org/W4404783226,https://openalex.org/A5066073375,Harold Soh
https://openalex.org/W3104007871,https://openalex.org/A5020700222,Haozhe Ji
https://openalex.org/W3104007871,https://openalex.org/A5091491018,Pei Ke
https://openalex.org/W3104007871,https://openalex.org/A5061624006,Shaohan Huang
https://openalex.org/W3104007871,https://openalex.org/A5014662947,Furu Wei
https://openalex.org/W3104007871,https://openalex.org/A5100452974,Xiaoyan Zhu
https://openalex.org/W3104007871,https://openalex.org/A5044042138,Minlie Huang
https://openalex.org/W4391132312,https://openalex.org/A5025047702,Jiaru Bai
https://openalex.org/W4391132312,https://openalex.org/A5057821475,Sebastian Mosbach
https://openalex.org/W4391132312,https://openalex.org/A5052799844,Connor J. Taylor
https://openalex.org/W4391132312,https://openalex.org/A5040492057,Dogancan Karan
https://openalex.org/W4391132312,https://openalex.org/A5059306000,Kok Foong Lee
https://openalex.org/W4391132312,https://openalex.org/A5068425730,Simon D. Rihm
https://openalex.org/W4391132312,https://openalex.org/A5065920425,Jethro Akroyd
https://openalex.org/W4391132312,https://openalex.org/A5065798786,Alexei A. Lapkin
https://openalex.org/W4391132312,https://openalex.org/A5062571604,Markus Kraft
https://openalex.org/W2783727254,https://openalex.org/A5061147491,Mohnish Dubey
https://openalex.org/W2783727254,https://openalex.org/A5054905502,Debayan Banerjee
https://openalex.org/W2783727254,https://openalex.org/A5039437456,Debanjan Chaudhuri
https://openalex.org/W2783727254,https://openalex.org/A5067133778,Jens Lehmann
https://openalex.org/W2097286355,https://openalex.org/A5000667901,Maximilian Nickel
https://openalex.org/W2097286355,https://openalex.org/A5002713363,Kevin P. Murphy
https://openalex.org/W2097286355,https://openalex.org/A5074808403,Volker Tresp
https://openalex.org/W2097286355,https://openalex.org/A5013932834,Evgeniy Gabrilovich
https://openalex.org/W2982325639,https://openalex.org/A5044519920,Mads Holten Rasmussen
https://openalex.org/W2982325639,https://openalex.org/A5087523543,Maxime Lefrançois
https://openalex.org/W2982325639,https://openalex.org/A5086041678,Pieter Pauwels
https://openalex.org/W2982325639,https://openalex.org/A5023237821,Christian Anker Hviid
https://openalex.org/W2982325639,https://openalex.org/A5066725889,Jan Karlshøj
https://openalex.org/W3118511871,https://openalex.org/A5056915803,Shiqi Liang
https://openalex.org/W3118511871,https://openalex.org/A5074825049,Kurt Stockinger
https://openalex.org/W3118511871,https://openalex.org/A5018439383,Tarcisio Mendes de Farias
https://openalex.org/W3118511871,https://openalex.org/A5046692009,Maria Anisimova
https://openalex.org/W3118511871,https://openalex.org/A5085414073,M. Gil
https://openalex.org/W2963276152,https://openalex.org/A5065134183,Jun Feng
https://openalex.org/W2963276152,https://openalex.org/A5044042138,Minlie Huang
https://openalex.org/W2963276152,https://openalex.org/A5102860009,Mingdong Wang
https://openalex.org/W2963276152,https://openalex.org/A5087905778,Mantong Zhou
https://openalex.org/W2963276152,https://openalex.org/A5111512416,Yu Hao
https://openalex.org/W2963276152,https://openalex.org/A5100452974,Xiaoyan Zhu
https://openalex.org/W4393385709,https://openalex.org/A5100619253,Xinliang Liu
https://openalex.org/W4393385709,https://openalex.org/A5027677533,Tingyu Mao
https://openalex.org/W4393385709,https://openalex.org/A5109335942,Yanyan Shi
https://openalex.org/W4393385709,https://openalex.org/A5110692342,Yanzhao Ren
https://openalex.org/W2988237903,https://openalex.org/A5100418245,Quan Wang
https://openalex.org/W2988237903,https://openalex.org/A5036361611,Pingping Huang
https://openalex.org/W2988237903,https://openalex.org/A5100386394,Haifeng Wang
https://openalex.org/W2988237903,https://openalex.org/A5069771450,Songtai Dai
https://openalex.org/W2988237903,https://openalex.org/A5101900435,Wenbin Jiang
https://openalex.org/W2988237903,https://openalex.org/A5068532296,Jing Liu
https://openalex.org/W2988237903,https://openalex.org/A5000515409,Yajuan Lyu
https://openalex.org/W2988237903,https://openalex.org/A5000312734,Yong Tian Zhu
https://openalex.org/W2988237903,https://openalex.org/A5100677198,Hua Ren Wu
https://openalex.org/W2885711033,https://openalex.org/A5012090629,Vinh Thinh Ho
https://openalex.org/W2885711033,https://openalex.org/A5102841687,Daria Stepanova
https://openalex.org/W2885711033,https://openalex.org/A5019733849,Mohamed H. Gad-Elrab
https://openalex.org/W2885711033,https://openalex.org/A5025295947,Evgeny Kharlamov
https://openalex.org/W2885711033,https://openalex.org/A5088135366,Gerhard Weikum
https://openalex.org/W4402467765,https://openalex.org/A5048514009,Minze Chen
https://openalex.org/W4402467765,https://openalex.org/A5003484932,Zhenxiang Tao
https://openalex.org/W4402467765,https://openalex.org/A5108878628,Weitong Tang
https://openalex.org/W4402467765,https://openalex.org/A5031538881,Tingxin Qin
https://openalex.org/W4402467765,https://openalex.org/A5031592704,Rui Chen Yang
https://openalex.org/W4402467765,https://openalex.org/A5042218238,Chunli Zhu
https://openalex.org/W2904685725,https://openalex.org/A5076476796,Haseeb Shah
https://openalex.org/W2904685725,https://openalex.org/A5057938305,Johannes Villmow
https://openalex.org/W2904685725,https://openalex.org/A5080230086,Adrian Ulges
https://openalex.org/W2904685725,https://openalex.org/A5001204153,Ulrich Schwanecke
https://openalex.org/W2904685725,https://openalex.org/A5003304863,Faisal Shafait
https://openalex.org/W4221021831,https://openalex.org/A5042746887,Xin Yu Xie
https://openalex.org/W4221021831,https://openalex.org/A5089259739,Ningyu Zhang
https://openalex.org/W4221021831,https://openalex.org/A5064386877,Zhoubo Li
https://openalex.org/W4221021831,https://openalex.org/A5060484186,Shumin Deng
https://openalex.org/W4221021831,https://openalex.org/A5100334231,Hui Chen
https://openalex.org/W4221021831,https://openalex.org/A5090294171,Feiyu Xiong
https://openalex.org/W4221021831,https://openalex.org/A5017124285,Mosha Chen
https://openalex.org/W4221021831,https://openalex.org/A5102018239,Huajun Chen
https://openalex.org/W2810583043,https://openalex.org/A5027260515,Laura Dietz
https://openalex.org/W2810583043,https://openalex.org/A5025168533,Alexander Kotov
https://openalex.org/W2810583043,https://openalex.org/A5031940626,Edgar Meij
https://openalex.org/W2965653989,https://openalex.org/A5085578723,Hengtong Zhang
https://openalex.org/W2965653989,https://openalex.org/A5091687257,Tianhang Zheng
https://openalex.org/W2965653989,https://openalex.org/A5077201324,Jing Gao
https://openalex.org/W2965653989,https://openalex.org/A5091132390,Chenglin Miao
https://openalex.org/W2965653989,https://openalex.org/A5113489059,Lu Su
https://openalex.org/W2965653989,https://openalex.org/A5046576694,Yaliang Li
https://openalex.org/W2965653989,https://openalex.org/A5000596496,Kui Ren
https://openalex.org/W2547620388,https://openalex.org/A5006755170,Dominic Seyler
https://openalex.org/W2547620388,https://openalex.org/A5087929673,Mohamed Yahya
https://openalex.org/W2547620388,https://openalex.org/A5039440854,Klaus Berberich
https://openalex.org/W3143911195,https://openalex.org/A5100406106,Xinyu Li
https://openalex.org/W3143911195,https://openalex.org/A5086397861,Mengtao Lyu
https://openalex.org/W3143911195,https://openalex.org/A5037251172,Zuoxu Wang
https://openalex.org/W3143911195,https://openalex.org/A5018055568,Chun‐Hsien Chen
https://openalex.org/W3143911195,https://openalex.org/A5112624026,Pai Zheng
https://openalex.org/W2963157366,https://openalex.org/A5106671208,Zhenghao Liu
https://openalex.org/W2963157366,https://openalex.org/A5102363883,Chenyan Xiong
https://openalex.org/W2963157366,https://openalex.org/A5046448314,Maosong Sun
https://openalex.org/W2963157366,https://openalex.org/A5100320723,Zhiyuan Liu
https://openalex.org/W3035251962,https://openalex.org/A5002618466,Guojia Wan
https://openalex.org/W3035251962,https://openalex.org/A5008056593,Shirui Pan
https://openalex.org/W3035251962,https://openalex.org/A5100389843,Gong Chen
https://openalex.org/W3035251962,https://openalex.org/A5085319576,Chuan De Zhou
https://openalex.org/W3035251962,https://openalex.org/A5081525024,Gholamreza Haffari
https://openalex.org/W4200310000,https://openalex.org/A5041285376,Wei Lan
https://openalex.org/W4200310000,https://openalex.org/A5100650289,Yi Dong
https://openalex.org/W4200310000,https://openalex.org/A5077140349,Qingfeng Chen
https://openalex.org/W4200310000,https://openalex.org/A5044328870,Ruiqing Zheng
https://openalex.org/W4200310000,https://openalex.org/A5100642610,Jin Liu
https://openalex.org/W4200310000,https://openalex.org/A5101465265,Yi Feng Pan
https://openalex.org/W4200310000,https://openalex.org/A5100728316,Yi‐Ping Phoebe Chen
https://openalex.org/W2243512948,https://openalex.org/A5101913012,Han Xiao
https://openalex.org/W2243512948,https://openalex.org/A5044042138,Minlie Huang
https://openalex.org/W2243512948,https://openalex.org/A5111512416,Yu Hao
https://openalex.org/W2243512948,https://openalex.org/A5100452974,Xiaoyan Zhu
https://openalex.org/W2951264618,https://openalex.org/A5015470269,Peter N. Haase
https://openalex.org/W2951264618,https://openalex.org/A5029108875,Daniel M. Herzig
https://openalex.org/W2951264618,https://openalex.org/A5085540273,Artem Kozlov
https://openalex.org/W2951264618,https://openalex.org/A5110107906,Andriy Nikolov
https://openalex.org/W2951264618,https://openalex.org/A5046072764,Johannes Trame
https://openalex.org/W822806878,https://openalex.org/A5028860597,Hongzhao Huang
https://openalex.org/W822806878,https://openalex.org/A5003679010,Larry P. Heck
https://openalex.org/W822806878,https://openalex.org/A5075033889,Heng Ji
https://openalex.org/W4226373988,https://openalex.org/A5050120689,Saiping Guan
https://openalex.org/W4226373988,https://openalex.org/A5021976455,Xiaolong Jin
https://openalex.org/W4226373988,https://openalex.org/A5030392658,Weihua Peng
https://openalex.org/W4226373988,https://openalex.org/A5000515409,Yajuan Lyu
https://openalex.org/W4226373988,https://openalex.org/A5088621320,Jiafeng Guo
https://openalex.org/W4226373988,https://openalex.org/A5029998682,Xueqi Cheng
https://openalex.org/W4402671983,https://openalex.org/A5069767327,Yilin Wen
https://openalex.org/W4402671983,https://openalex.org/A5100733700,Zifeng Wang
https://openalex.org/W4402671983,https://openalex.org/A5084279065,Jimeng Sun
https://openalex.org/W4224322651,https://openalex.org/A5045680312,Xiaorui Su
https://openalex.org/W4224322651,https://openalex.org/A5008221100,Lun Hu
https://openalex.org/W4224322651,https://openalex.org/A5019805735,Zhu‐Hong You
https://openalex.org/W4224322651,https://openalex.org/A5078808331,Pengwei Hu
https://openalex.org/W4224322651,https://openalex.org/A5014724927,Bo-Wei Zhao
https://openalex.org/W3092710364,https://openalex.org/A5033841885,Danilo Dessı̀
https://openalex.org/W3092710364,https://openalex.org/A5066447873,Francesco Osborne
https://openalex.org/W3092710364,https://openalex.org/A5014673075,Diego Reforgiato Recupero
https://openalex.org/W3092710364,https://openalex.org/A5051885442,Davide Buscaldi
https://openalex.org/W3092710364,https://openalex.org/A5068408717,Enrico Motta
https://openalex.org/W3092710364,https://openalex.org/A5082238675,Harald Sack
https://openalex.org/W3169228325,https://openalex.org/A5051938345,Jaehun Jung
https://openalex.org/W3169228325,https://openalex.org/A5022560184,Jinhong Jung
https://openalex.org/W3169228325,https://openalex.org/A5074561505,Un-Gu Kang
https://openalex.org/W2487925454,https://openalex.org/A5081912397,Jianwei Qian
https://openalex.org/W2487925454,https://openalex.org/A5100341802,Xiang‐Yang Li
https://openalex.org/W2487925454,https://openalex.org/A5100633263,Chunhong Zhang
https://openalex.org/W2487925454,https://openalex.org/A5100327243,Linlin Chen
https://openalex.org/W4384659456,https://openalex.org/A5009525613,Ke Liang
https://openalex.org/W4384659456,https://openalex.org/A5017200032,Lingyuan Meng
https://openalex.org/W4384659456,https://openalex.org/A5100457574,Meng Liu
https://openalex.org/W4384659456,https://openalex.org/A5100320103,Yue Liu
https://openalex.org/W4384659456,https://openalex.org/A5085607536,Wenxuan Tu
https://openalex.org/W4384659456,https://openalex.org/A5100656645,Siwei Wang
https://openalex.org/W4384659456,https://openalex.org/A5032131582,Sihang Zhou
https://openalex.org/W4384659456,https://openalex.org/A5101727888,Xinwang Liu
https://openalex.org/W4391737993,https://openalex.org/A5012174743,Huimin Luo
https://openalex.org/W4391737993,https://openalex.org/A5112722849,Weijie Yin
https://openalex.org/W4391737993,https://openalex.org/A5100736616,Jianlin Wang
https://openalex.org/W4391737993,https://openalex.org/A5100326052,Ge Zhang
https://openalex.org/W4391737993,https://openalex.org/A5103279816,Wenjuan Liang
https://openalex.org/W4391737993,https://openalex.org/A5100422484,Junwei Luo
https://openalex.org/W4391737993,https://openalex.org/A5101773794,Chaokun Yan
https://openalex.org/W2980472839,https://openalex.org/A5103775329,Nakagawa Hiromi
https://openalex.org/W2980472839,https://openalex.org/A5063925941,Yusuke Iwasawa
https://openalex.org/W2980472839,https://openalex.org/A5090592819,Yutaka Matsuo
https://openalex.org/W4404351611,https://openalex.org/A5040045971,Bhaskarjit Sarmah
https://openalex.org/W4404351611,https://openalex.org/A5056701307,Dhagash B. Mehta
https://openalex.org/W4404351611,https://openalex.org/A5063377969,Benika Hall
https://openalex.org/W4404351611,https://openalex.org/A5050978747,Rohan Rao
https://openalex.org/W4404351611,https://openalex.org/A5103730297,Sunil Patel
https://openalex.org/W4404351611,https://openalex.org/A5011160139,Stefano Pasquali
https://openalex.org/W4386057717,https://openalex.org/A5057558573,Xin Gu
https://openalex.org/W4386057717,https://openalex.org/A5102992722,Guang Chen
https://openalex.org/W4386057717,https://openalex.org/A5100374818,Yufei Wang
https://openalex.org/W4386057717,https://openalex.org/A5100337161,Libo Zhang
https://openalex.org/W4386057717,https://openalex.org/A5108534872,Tiejian Luo
https://openalex.org/W4386057717,https://openalex.org/A5018942445,Longyin Wen
https://openalex.org/W4401043168,https://openalex.org/A5102674544,Garima Agrawal
https://openalex.org/W4401043168,https://openalex.org/A5052563955,Tharindu Kumarage
https://openalex.org/W4401043168,https://openalex.org/A5078433372,Zeyad Alghamdi
https://openalex.org/W4401043168,https://openalex.org/A5106152365,Huan Liu
https://openalex.org/W3088646411,https://openalex.org/A5043459521,Daniel Domingo‐Fernándéz
https://openalex.org/W3088646411,https://openalex.org/A5074297744,Shounak Baksi
https://openalex.org/W3088646411,https://openalex.org/A5091508214,Bruce T. Schultz
https://openalex.org/W3088646411,https://openalex.org/A5004719764,Yojana Gadiya
https://openalex.org/W3088646411,https://openalex.org/A5007731858,Reagon Karki
https://openalex.org/W3088646411,https://openalex.org/A5052664929,Tamara Raschka
https://openalex.org/W3088646411,https://openalex.org/A5034175020,Christian Ebeling
https://openalex.org/W3088646411,https://openalex.org/A5003139478,Martin Hofmann‐Apitius
https://openalex.org/W3088646411,https://openalex.org/A5000031695,Alpha Tom Kodamullil
https://openalex.org/W4392309537,https://openalex.org/A5047094357,Zehui Mao
https://openalex.org/W4392309537,https://openalex.org/A5103077335,H.M. Wang
https://openalex.org/W4392309537,https://openalex.org/A5019157263,Bin Jiang
https://openalex.org/W4392309537,https://openalex.org/A5082943126,Juan Xu
https://openalex.org/W4392309537,https://openalex.org/A5057987300,Huifeng Guo
https://openalex.org/W2995738274,https://openalex.org/A5026467079,Remzi Çelebi
https://openalex.org/W2995738274,https://openalex.org/A5009206513,H. Turgut Uyar
https://openalex.org/W2995738274,https://openalex.org/A5076730654,Erkan Yasar
https://openalex.org/W2995738274,https://openalex.org/A5024315510,Özgür Gümüş
https://openalex.org/W2995738274,https://openalex.org/A5072644651,Oğuz Dikenelli
https://openalex.org/W2995738274,https://openalex.org/A5044836472,Michel J. Dumontier
https://openalex.org/W2805208465,https://openalex.org/A5048043129,Shengtian Sang
https://openalex.org/W2805208465,https://openalex.org/A5051597671,Zhihao Yang
https://openalex.org/W2805208465,https://openalex.org/A5100736263,Lei Wang
https://openalex.org/W2805208465,https://openalex.org/A5100705977,Xiaoxia Liu
https://openalex.org/W2805208465,https://openalex.org/A5023931221,Hongfei Lin
https://openalex.org/W2805208465,https://openalex.org/A5100370452,Jian Wang
https://openalex.org/W4313885855,https://openalex.org/A5100674379,Xiyu Wang
https://openalex.org/W4313885855,https://openalex.org/A5041397764,Nora El-Gohary
https://openalex.org/W3126594737,https://openalex.org/A5031248050,Zhixue Jiang
https://openalex.org/W3126594737,https://openalex.org/A5033139806,Chengying Chi
https://openalex.org/W3126594737,https://openalex.org/A5087545524,Yunyun Zhan
https://openalex.org/W2973840669,https://openalex.org/A5100668786,Weijie Liu
https://openalex.org/W2973840669,https://openalex.org/A5101578809,Peng Zhou
https://openalex.org/W2973840669,https://openalex.org/A5100631152,Zhe Zhao
https://openalex.org/W2973840669,https://openalex.org/A5059929869,Zhiruo Wang
https://openalex.org/W2973840669,https://openalex.org/A5071290194,Qi Ju
https://openalex.org/W2973840669,https://openalex.org/A5080930142,Haotang Deng
https://openalex.org/W2973840669,https://openalex.org/A5100338623,Ping Wang
https://openalex.org/W2899337480,https://openalex.org/A5044599885,Gaurav Maheshwari
https://openalex.org/W2899337480,https://openalex.org/A5025276555,Priyansh Trivedi
https://openalex.org/W2899337480,https://openalex.org/A5112537052,Denis Lukovnikov
https://openalex.org/W2899337480,https://openalex.org/A5025685051,Nilesh Chakraborty
https://openalex.org/W2899337480,https://openalex.org/A5026151059,Asja Fischer
https://openalex.org/W2899337480,https://openalex.org/A5067133778,Jens Lehmann
https://openalex.org/W2251079237,https://openalex.org/A5066873932,Wen-tau Yih
https://openalex.org/W2251079237,https://openalex.org/A5076904467,Ming‐Wei Chang
https://openalex.org/W2251079237,https://openalex.org/A5101727205,Xiaodong He
https://openalex.org/W2251079237,https://openalex.org/A5114910293,Jianfeng Gao
https://openalex.org/W2584757698,https://openalex.org/A5011911779,Jose Manuél Gómez-Pérez
https://openalex.org/W2584757698,https://openalex.org/A5066422711,Jeff Z. Pan
https://openalex.org/W2584757698,https://openalex.org/A5007942325,Guido Vetere
https://openalex.org/W2584757698,https://openalex.org/A5043821806,Honghan Wu
https://openalex.org/W3129070541,https://openalex.org/A5101485314,Xiyang Liu
https://openalex.org/W3129070541,https://openalex.org/A5087082349,Huobin Tan
https://openalex.org/W3129070541,https://openalex.org/A5038134378,Qinghong Chen
https://openalex.org/W3129070541,https://openalex.org/A5101103494,Guangyan Lin
https://openalex.org/W4389519012,https://openalex.org/A5101660808,Yanbin Wei
https://openalex.org/W4389519012,https://openalex.org/A5103097683,Qiushi Huang
https://openalex.org/W4389519012,https://openalex.org/A5100329827,Yanwen Zhang
https://openalex.org/W4389519012,https://openalex.org/A5070273088,James Tin-Yau Kwok
https://openalex.org/W2402803841,https://openalex.org/A5086627069,Giuseppe Pirrò
https://openalex.org/W3031047561,https://openalex.org/A5102989996,Yongqi Zhang
https://openalex.org/W3031047561,https://openalex.org/A5072484211,Quanming Yao
https://openalex.org/W3031047561,https://openalex.org/A5100527530,Wenyuan Dai
https://openalex.org/W3031047561,https://openalex.org/A5100333516,Lei Chen
https://openalex.org/W3043498388,https://openalex.org/A5074440545,Yongjun Zhu
https://openalex.org/W3043498388,https://openalex.org/A5008461757,Chao Che
https://openalex.org/W3043498388,https://openalex.org/A5051178997,Bo Jin
https://openalex.org/W3043498388,https://openalex.org/A5045903035,Ningrui Zhang
https://openalex.org/W3043498388,https://openalex.org/A5102008928,Chang Su
https://openalex.org/W3043498388,https://openalex.org/A5100455796,Fei Wang
https://openalex.org/W4307724846,https://openalex.org/A5064952452,Thanh Le
https://openalex.org/W4307724846,https://openalex.org/A5085131858,Nam Le
https://openalex.org/W4307724846,https://openalex.org/A5057761132,Bac Hoai Le
https://openalex.org/W2981688366,https://openalex.org/A5018424585,Yachen Tang
https://openalex.org/W2981688366,https://openalex.org/A5109439666,Tingting Liu
https://openalex.org/W2981688366,https://openalex.org/A5100737328,Guangyi Liu
https://openalex.org/W2981688366,https://openalex.org/A5100428185,Jie Li
https://openalex.org/W2981688366,https://openalex.org/A5034970301,Renchang Dai
https://openalex.org/W2981688366,https://openalex.org/A5102009128,Chen Hu Yuan
https://openalex.org/W4284687473,https://openalex.org/A5100450652,Mingyang Chen
https://openalex.org/W4284687473,https://openalex.org/A5100448121,Wen Zhang
https://openalex.org/W4284687473,https://openalex.org/A5074207407,Yushan Zhu
https://openalex.org/W4284687473,https://openalex.org/A5007883361,Hongting Zhou
https://openalex.org/W4284687473,https://openalex.org/A5050374736,Zonggang Yuan
https://openalex.org/W4284687473,https://openalex.org/A5100691007,Changliang Xu
https://openalex.org/W4284687473,https://openalex.org/A5102018239,Huajun Chen
https://openalex.org/W3137014599,https://openalex.org/A5032390046,Oshin Agarwal
https://openalex.org/W3137014599,https://openalex.org/A5049042872,Heming Ge
https://openalex.org/W3137014599,https://openalex.org/A5034084374,Siamak Shakeri
https://openalex.org/W3137014599,https://openalex.org/A5025234902,Rami Al‐Rfou
https://openalex.org/W3136518992,https://openalex.org/A5027826049,Bin Zhou
https://openalex.org/W3136518992,https://openalex.org/A5061529100,Jinsong Bao
https://openalex.org/W3136518992,https://openalex.org/A5100625998,Zhiyu Chen
https://openalex.org/W3136518992,https://openalex.org/A5100375489,Yahui Liu
https://openalex.org/W4281704579,https://openalex.org/A5065736299,Deepak Unni
https://openalex.org/W4281704579,https://openalex.org/A5019077587,Sierra A. Taylor Moxon
https://openalex.org/W4281704579,https://openalex.org/A5083125835,Michael Bada
https://openalex.org/W4281704579,https://openalex.org/A5049409463,Matthew Brush
https://openalex.org/W4281704579,https://openalex.org/A5068637828,Richard Bruskiewich
https://openalex.org/W4281704579,https://openalex.org/A5035050896,John Harry Caufield
https://openalex.org/W4281704579,https://openalex.org/A5021915671,Paul A. Clemons
https://openalex.org/W4281704579,https://openalex.org/A5015744482,Vlado Dančík
https://openalex.org/W4281704579,https://openalex.org/A5044836472,Michel J. Dumontier
https://openalex.org/W4281704579,https://openalex.org/A5048781098,Karamarie Fecho
https://openalex.org/W4281704579,https://openalex.org/A5007279155,Gustavo Glusman
https://openalex.org/W4281704579,https://openalex.org/A5048774661,Jennifer Hadlock
https://openalex.org/W4281704579,https://openalex.org/A5031007073,Nomi L. Harris
https://openalex.org/W4281704579,https://openalex.org/A5052103914,Arpita Joshi
https://openalex.org/W4281704579,https://openalex.org/A5032671904,Tim Putman
https://openalex.org/W4281704579,https://openalex.org/A5039544050,Guangrong Qin
https://openalex.org/W4281704579,https://openalex.org/A5091354698,Stephen A. Ramsey
https://openalex.org/W4281704579,https://openalex.org/A5050786158,Kent Shefchek
https://openalex.org/W4281704579,https://openalex.org/A5053205429,Harold R. Solbrig
https://openalex.org/W4281704579,https://openalex.org/A5021696721,Karthik Soman
https://openalex.org/W4281704579,https://openalex.org/A5028696519,Anne Thessen
https://openalex.org/W4281704579,https://openalex.org/A5064320417,Melissa Anne Haendel
https://openalex.org/W4281704579,https://openalex.org/A5043972221,Chris Bizon
https://openalex.org/W4281704579,https://openalex.org/A5002223413,Chris Mungall
https://openalex.org/W3129998940,https://openalex.org/A5100377071,Shen Wang
https://openalex.org/W3129998940,https://openalex.org/A5085706537,Xiaokai Wei
https://openalex.org/W3129998940,https://openalex.org/A5016889633,Cicero Nogueira Nogueira dos Santos
https://openalex.org/W3129998940,https://openalex.org/A5100430087,Zhiguo Wang
https://openalex.org/W3129998940,https://openalex.org/A5109250040,Ramesh M. Nallapati
https://openalex.org/W3129998940,https://openalex.org/A5010148946,Andrew O. Arnold
https://openalex.org/W3129998940,https://openalex.org/A5107249743,Bing Xiang
https://openalex.org/W3129998940,https://openalex.org/A5036357902,Philip S. Yu
https://openalex.org/W3129998940,https://openalex.org/A5104780631,Isabel F. Cruz
https://openalex.org/W4387369249,https://openalex.org/A5024008134,Xiaojuan Zhao
https://openalex.org/W4387369249,https://openalex.org/A5091107196,Rong Jiang
https://openalex.org/W4387369249,https://openalex.org/A5101253685,Yue Han
https://openalex.org/W4387369249,https://openalex.org/A5103221123,Aiping Li
https://openalex.org/W4387369249,https://openalex.org/A5009370806,Zhichao Peng
https://openalex.org/W2974737854,https://openalex.org/A5002321076,Pouya Ghiasnezhad Omran
https://openalex.org/W2974737854,https://openalex.org/A5031190010,Kewen Wang
https://openalex.org/W2974737854,https://openalex.org/A5100407601,Zhe Wang
https://openalex.org/W3091984691,https://openalex.org/A5101458727,Meng Qu
https://openalex.org/W3091984691,https://openalex.org/A5034556928,Junkun Chen
https://openalex.org/W3091984691,https://openalex.org/A5001783712,Louis-Pascal Xhonneux
https://openalex.org/W3091984691,https://openalex.org/A5086198262,Yoshua Bengio
https://openalex.org/W3091984691,https://openalex.org/A5077231313,Jian Guo Tang
https://openalex.org/W2981120761,https://openalex.org/A5031600582,Michael Färber
https://openalex.org/W3087390363,https://openalex.org/A5073517640,Anson Bastos
https://openalex.org/W3087390363,https://openalex.org/A5034635361,Abhishek Nadgeri
https://openalex.org/W3087390363,https://openalex.org/A5002627051,Kuldeep Singh
https://openalex.org/W3087390363,https://openalex.org/A5011567168,Isaiah Onando Mulang
https://openalex.org/W3087390363,https://openalex.org/A5074994149,Saeedeh Shekarpour
https://openalex.org/W3087390363,https://openalex.org/A5023996418,Johannes Hoffart
https://openalex.org/W4224316956,https://openalex.org/A5018582673,Xiting Wang
https://openalex.org/W4224316956,https://openalex.org/A5100786547,Kunpeng Liu
https://openalex.org/W4224316956,https://openalex.org/A5101737969,Dongjie Wang
https://openalex.org/W4224316956,https://openalex.org/A5033706423,Le Wu
https://openalex.org/W4224316956,https://openalex.org/A5032187620,Yanjie Fu
https://openalex.org/W4224316956,https://openalex.org/A5044651577,Xing Xie
https://openalex.org/W2963534707,https://openalex.org/A5101913012,Han Xiao
https://openalex.org/W2963534707,https://openalex.org/A5044042138,Minlie Huang
https://openalex.org/W2963534707,https://openalex.org/A5100452974,Xiaoyan Zhu
https://openalex.org/W3207040866,https://openalex.org/A5027608856,Boshko Koloski
https://openalex.org/W3207040866,https://openalex.org/A5065276353,Timen Stepišnik Perdih
https://openalex.org/W3207040866,https://openalex.org/A5020021079,Marko Robnik‐Šikonja
https://openalex.org/W3207040866,https://openalex.org/A5074881863,Senja Pollak
https://openalex.org/W3207040866,https://openalex.org/A5007096285,Blaž Škrlj
https://openalex.org/W2974184401,https://openalex.org/A5038579157,SoYeop Yoo
https://openalex.org/W2974184401,https://openalex.org/A5113900420,Ok‐Ran Jeong
https://openalex.org/W3135688768,https://openalex.org/A5041698452,Lijie Xie
https://openalex.org/W3135688768,https://openalex.org/A5068361165,Zhaoming Hu
https://openalex.org/W3135688768,https://openalex.org/A5047225155,Xingjuan Cai
https://openalex.org/W3135688768,https://openalex.org/A5100414787,Wensheng Zhang
https://openalex.org/W3135688768,https://openalex.org/A5101808353,Jinjun Chen
https://openalex.org/W4319813194,https://openalex.org/A5054399637,John H. Morris
https://openalex.org/W4319813194,https://openalex.org/A5021696721,Karthik Soman
https://openalex.org/W4319813194,https://openalex.org/A5057174073,Rabia E Akbas
https://openalex.org/W4319813194,https://openalex.org/A5101442562,Xiaoyuan Zhou
https://openalex.org/W4319813194,https://openalex.org/A5101687211,Brett Smith
https://openalex.org/W4319813194,https://openalex.org/A5109200358,Elaine C. Meng
https://openalex.org/W4319813194,https://openalex.org/A5111598904,Conrad C. Huang
https://openalex.org/W4319813194,https://openalex.org/A5041140760,Gabriel Cerono
https://openalex.org/W4319813194,https://openalex.org/A5016363566,Gundolf Schenk
https://openalex.org/W4319813194,https://openalex.org/A5047214463,Angela Rizk‐Jackson
https://openalex.org/W4319813194,https://openalex.org/A5074916837,Adil Harroud
https://openalex.org/W4319813194,https://openalex.org/A5004644133,Lauren Sanders
https://openalex.org/W4319813194,https://openalex.org/A5076358770,Sylvain V. Costes
https://openalex.org/W4319813194,https://openalex.org/A5010469934,Krish Bharat
https://openalex.org/W4319813194,https://openalex.org/A5007982047,Arjun Chakraborty
https://openalex.org/W4319813194,https://openalex.org/A5070456387,Alexander R. Pico
https://openalex.org/W4319813194,https://openalex.org/A5052228438,Taline Mardirossian
https://openalex.org/W4319813194,https://openalex.org/A5001435363,Michael J. Keiser
https://openalex.org/W4319813194,https://openalex.org/A5042424043,Alice Tang
https://openalex.org/W4319813194,https://openalex.org/A5042524659,Josef Hardi
https://openalex.org/W4319813194,https://openalex.org/A5031344696,Yongmei Shi
https://openalex.org/W4319813194,https://openalex.org/A5009128820,Mark A. Musen
https://openalex.org/W4319813194,https://openalex.org/A5070192310,Sharat Israni
https://openalex.org/W4319813194,https://openalex.org/A5019206785,Sui Huang
https://openalex.org/W4319813194,https://openalex.org/A5070583038,Peter W. Rose
https://openalex.org/W4319813194,https://openalex.org/A5025355562,Charlotte Nelson
https://openalex.org/W4319813194,https://openalex.org/A5014721690,Sergio E. Baranzini
https://openalex.org/W4304091767,https://openalex.org/A5036353455,Derong Xu
https://openalex.org/W4304091767,https://openalex.org/A5025292786,Tong Xu
https://openalex.org/W4304091767,https://openalex.org/A5101934104,Shiwei Wu
https://openalex.org/W4304091767,https://openalex.org/A5101481194,Jingbo Zhou
https://openalex.org/W4304091767,https://openalex.org/A5048237545,Enhong Chen
https://openalex.org/W2953468444,https://openalex.org/A5047580399,Hainan Chen
https://openalex.org/W2953468444,https://openalex.org/A5070975639,Xiaowei Luo
https://openalex.org/W2950604577,https://openalex.org/A5110091965,Canran Xu
https://openalex.org/W2950604577,https://openalex.org/A5007642188,Ruijiang Li
https://openalex.org/W4385574107,https://openalex.org/A5058342791,Hongbin Ye
https://openalex.org/W4385574107,https://openalex.org/A5089259739,Ningyu Zhang
https://openalex.org/W4385574107,https://openalex.org/A5114375874,Hui Chen
https://openalex.org/W4385574107,https://openalex.org/A5102018239,Huajun Chen
https://openalex.org/W2890902769,https://openalex.org/A5059512471,Tianxing Wu
https://openalex.org/W2890902769,https://openalex.org/A5034606659,Guilin Qi
https://openalex.org/W2890902769,https://openalex.org/A5015859397,Cheng Li
https://openalex.org/W2890902769,https://openalex.org/A5100377137,Meng Wang
https://openalex.org/W3105158372,https://openalex.org/A5059805318,Xue Zheng
https://openalex.org/W3105158372,https://openalex.org/A5100382558,Bing Wang
https://openalex.org/W3105158372,https://openalex.org/A5069739198,Yunmeng Zhao
https://openalex.org/W3105158372,https://openalex.org/A5070291406,Shuai Mao
https://openalex.org/W3105158372,https://openalex.org/A5028570509,Yang Shan Tang
